candidate,n_folds,seed,fold,system,coef,coef_norm,intercept
ours,5,42,0,timepool_T150_aug,1.1536152362823486,1.0,-2.0416910648345947
ours,5,42,1,timepool_T150_aug,1.1223703622817993,1.0,-2.053182601928711
ours,5,42,2,timepool_T150_aug,1.1705468893051147,1.0,-1.9675034284591675
ours,5,42,3,timepool_T150_aug,1.2032535076141357,1.0,-2.019014358520508
ours,5,42,4,timepool_T150_aug,1.1887974739074707,1.0,-2.009953022003174
ours+2GMM,5,42,0,timepool_T150_aug,1.0447933128241549,0.6020280864861658,-2.1455584192894777
ours+2GMM,5,42,0,CQCC-GMM,0.4141639170380502,0.23864845554194092,-2.1455584192894777
ours+2GMM,5,42,0,LFCC-GMM,0.2764988664177207,0.15932345797189326,-2.1455584192894777
ours+2GMM,5,42,1,timepool_T150_aug,1.0252070543260154,0.5768066378720004,-2.1780677724532653
ours+2GMM,5,42,1,CQCC-GMM,0.44813012811926667,0.2521290030525141,-2.1780677724532653
ours+2GMM,5,42,1,LFCC-GMM,0.3040471037485947,0.17106435907548542,-2.1780677724532653
ours+2GMM,5,42,2,timepool_T150_aug,1.07059929821803,0.5821973796604976,-2.0880666028632002
ours+2GMM,5,42,2,CQCC-GMM,0.3759578039005111,0.20444777860223948,-2.0880666028632002
ours+2GMM,5,42,2,LFCC-GMM,0.39233694931525087,0.2133548417372629,-2.0880666028632002
ours+2GMM,5,42,3,timepool_T150_aug,1.1191203561772876,0.6103076259567768,-2.131305708294983
ours+2GMM,5,42,3,CQCC-GMM,0.4077070112540202,0.22234132079798893,-2.131305708294983
ours+2GMM,5,42,3,LFCC-GMM,0.30687142409673046,0.16735105324523428,-2.131305708294983
ours+2GMM,5,42,4,timepool_T150_aug,1.1127422060716372,0.6148418131530541,-2.11210772271984
ours+2GMM,5,42,4,CQCC-GMM,0.36787055441276123,0.20326558788424348,-2.11210772271984
ours+2GMM,5,42,4,LFCC-GMM,0.32918966717619325,0.1818925989627024,-2.11210772271984
ours+4base,5,42,0,timepool_T150_aug,1.030273154110877,0.5587525402249087,-2.1480146904527686
ours+4base,5,42,0,CQCC-GMM,0.41847543504311074,0.2269536107187531,-2.1480146904527686
ours+4base,5,42,0,LFCC-GMM,0.2730287385609289,0.1480728684588278,-2.1480146904527686
ours+4base,5,42,0,LFCC-LCNN,0.07511893820997687,0.040739581902476174,-2.1480146904527686
ours+4base,5,42,0,RawNet2,-0.0469846651509137,-0.0254813986950343,-2.1480146904527686
ours+4base,5,42,1,timepool_T150_aug,1.0007498106420292,0.49770012546830616,-2.187748821162689
ours+4base,5,42,1,CQCC-GMM,0.4615811421364818,0.2295568681724245,-2.187748821162689
ours+4base,5,42,1,LFCC-GMM,0.2934462004203409,0.14593878431383808,-2.187748821162689
ours+4base,5,42,1,LFCC-LCNN,0.1587809235703176,0.07896607597879242,-2.187748821162689
ours+4base,5,42,1,RawNet2,-0.09619048332087125,-0.04783814606663892,-2.187748821162689
ours+4base,5,42,2,timepool_T150_aug,1.0501382851204069,0.5361298886495296,-2.09234032581678
ours+4base,5,42,2,CQCC-GMM,0.3781981245567182,0.19308249330497057,-2.09234032581678
ours+4base,5,42,2,LFCC-GMM,0.3818694933600789,0.19495684697403184,-2.09234032581678
ours+4base,5,42,2,LFCC-LCNN,0.11257206357977118,0.0574717146943657,-2.09234032581678
ours+4base,5,42,2,RawNet2,-0.03596059161865205,-0.01835905637710235,-2.09234032581678
ours+4base,5,42,3,timepool_T150_aug,1.0934638142340682,0.5374367763783815,-2.1378693031496794
ours+4base,5,42,3,CQCC-GMM,0.4237419628681585,0.2082689080110353,-2.1378693031496794
ours+4base,5,42,3,LFCC-GMM,0.3003311174540384,0.14761255517511257,-2.1378693031496794
ours+4base,5,42,3,LFCC-LCNN,0.13304129797454536,0.06538971420715867,-2.1378693031496794
ours+4base,5,42,3,RawNet2,-0.08401240918159798,-0.04129204622831204,-2.1378693031496794
ours+4base,5,42,4,timepool_T150_aug,1.0863567833427563,0.5363760195165915,-2.120127138002316
ours+4base,5,42,4,CQCC-GMM,0.37796760377634286,0.1866171058424871,-2.120127138002316
ours+4base,5,42,4,LFCC-GMM,0.320834776107379,0.1584084370527443,-2.120127138002316
ours+4base,5,42,4,LFCC-LCNN,0.15003489462274297,0.07407798321902449,-2.120127138002316
ours+4base,5,42,4,RawNet2,-0.09017013408805906,-0.044520454369152467,-2.120127138002316
ours+all,5,42,0,timepool_T150_aug,0.8106734871144672,0.4243261006308351,-2.1801327590902067
ours+all,5,42,0,flatten_T400_aug,0.3446277245461707,0.18038648216616193,-2.1801327590902067
ours+all,5,42,0,CQCC-GMM,0.39984684741003074,0.20928950595750034,-2.1801327590902067
ours+all,5,42,0,LFCC-GMM,0.26925564549889275,0.14093491392453938,-2.1801327590902067
ours+all,5,42,0,LFCC-LCNN,0.03016748493029872,0.01579039089076026,-2.1801327590902067
ours+all,5,42,0,RawNet2,-0.05592520916441978,-0.029272606430203057,-2.1801327590902067
ours+all,5,42,1,timepool_T150_aug,0.7517796256588009,0.3633846211747719,-2.2249208993569196
ours+all,5,42,1,flatten_T400_aug,0.39375400232632063,0.19032725028430042,-2.2249208993569196
ours+all,5,42,1,CQCC-GMM,0.4324751674398539,0.2090437403779188,-2.2249208993569196
ours+all,5,42,1,LFCC-GMM,0.28665774403557,0.13856057302949185,-2.2249208993569196
ours+all,5,42,1,LFCC-LCNN,0.10121648831896642,0.04892459706153485,-2.2249208993569196
ours+all,5,42,1,RawNet2,-0.1029431741340472,-0.04975921807198207,-2.2249208993569196
ours+all,5,42,2,timepool_T150_aug,0.7802815242535066,0.38455270108190237,-2.132889915844725
ours+all,5,42,2,flatten_T400_aug,0.42056440707638754,0.20727029116171816,-2.132889915844725
ours+all,5,42,2,CQCC-GMM,0.36386568188038537,0.17932698192742272,-2.132889915844725
ours+all,5,42,2,LFCC-GMM,0.3702153032695012,0.1824563191988235,-2.132889915844725
ours+all,5,42,2,LFCC-LCNN,0.04892713145402808,0.02411316937798332,-2.132889915844725
ours+all,5,42,2,RawNet2,-0.04520860604901006,-0.02228053725214976,-2.132889915844725
ours+all,5,42,3,timepool_T150_aug,0.7685828246717812,0.36218324866126383,-2.1932580296461697
ours+all,5,42,3,flatten_T400_aug,0.5142316048879148,0.24232401147154922,-2.1932580296461697
ours+all,5,42,3,CQCC-GMM,0.3909422885511041,0.18422575103337036,-2.1932580296461697
ours+all,5,42,3,LFCC-GMM,0.2994350551335753,0.1411043254546523,-2.1932580296461697
ours+all,5,42,3,LFCC-LCNN,0.05977099597423596,0.028166194719369094,-2.1932580296461697
ours+all,5,42,3,RawNet2,-0.08911998174430609,-0.04199646865979517,-2.1932580296461697
ours+all,5,42,4,timepool_T150_aug,0.7392299488279364,0.3504039008077487,-2.180200699088689
ours+all,5,42,4,flatten_T400_aug,0.5492816619216173,0.2603661246201719,-2.180200699088689
ours+all,5,42,4,CQCC-GMM,0.34987951407779605,0.1658471044631819,-2.180200699088689
ours+all,5,42,4,LFCC-GMM,0.31112603963659224,0.14747749073800537,-2.180200699088689
ours+all,5,42,4,LFCC-LCNN,0.06634473310679337,0.03144820270814065,-2.180200699088689
ours+all,5,42,4,RawNet2,-0.09378912835639784,-0.04445717666275167,-2.180200699088689
ours,5,43,0,timepool_T150_aug,1.1750938892364502,1.0,-2.025174140930176
ours,5,43,1,timepool_T150_aug,1.179761290550232,1.0,-2.0279829502105713
ours,5,43,2,timepool_T150_aug,1.193337082862854,1.0,-2.012861490249634
ours,5,43,3,timepool_T150_aug,1.1641546487808228,1.0,-2.0248830318450928
ours,5,43,4,timepool_T150_aug,1.1299476623535156,1.0,-2.005605936050415
ours+2GMM,5,43,0,timepool_T150_aug,1.1042540509777072,0.6060309863049065,-2.135909318490694
ours+2GMM,5,43,0,CQCC-GMM,0.3337174953741692,0.18314910657537967,-2.135909318490694
ours+2GMM,5,43,0,LFCC-GMM,0.38413668892263886,0.21081990711971374,-2.135909318490694
ours+2GMM,5,43,1,timepool_T150_aug,1.0962347730768656,0.6116456015272224,-2.13782774135109
ours+2GMM,5,43,1,CQCC-GMM,0.3895509752791002,0.21735046766610333,-2.13782774135109
ours+2GMM,5,43,1,LFCC-GMM,0.3064854138001406,0.17100393080667434,-2.13782774135109
ours+2GMM,5,43,2,timepool_T150_aug,1.0903399216012244,0.5889915696081689,-2.135014620924043
ours+2GMM,5,43,2,CQCC-GMM,0.4489750396609148,0.24253217559568366,-2.135014620924043
ours+2GMM,5,43,2,LFCC-GMM,0.311882879016935,0.16847625479614736,-2.135014620924043
ours+2GMM,5,43,3,timepool_T150_aug,1.0633543246897643,0.5952434466727532,-2.1332902289859965
ours+2GMM,5,43,3,CQCC-GMM,0.4044506538366162,0.22640299250110663,-2.1332902289859965
ours+2GMM,5,43,3,LFCC-GMM,0.3186142263109378,0.1783535608261403,-2.1332902289859965
ours+2GMM,5,43,4,timepool_T150_aug,1.024910258473873,0.5869159550415902,-2.117228458400554
ours+2GMM,5,43,4,CQCC-GMM,0.4382414860121517,0.2509594554011624,-2.117228458400554
ours+2GMM,5,43,4,LFCC-GMM,0.283112349495277,0.1621245895572474,-2.117228458400554
ours+4base,5,43,0,timepool_T150_aug,1.0809741793716512,0.543482308785839,-2.1404852801752376
ours+4base,5,43,0,CQCC-GMM,0.347981435748549,0.17495492281338784,-2.1404852801752376
ours+4base,5,43,0,LFCC-GMM,0.3737052044392048,0.18788808390590997,-2.1404852801752376
ours+4base,5,43,0,LFCC-LCNN,0.11485918609093308,0.057747850811985565,-2.1404852801752376
ours+4base,5,43,0,RawNet2,-0.07145767015771219,-0.03592683368287756,-2.1404852801752376
ours+4base,5,43,1,timepool_T150_aug,1.0739655346682024,0.5352070615866381,-2.144765492372245
ours+4base,5,43,1,CQCC-GMM,0.4001830634570891,0.19942986490323278,-2.144765492372245
ours+4base,5,43,1,LFCC-GMM,0.3010191234582057,0.15001185359009242,-2.144765492372245
ours+4base,5,43,1,LFCC-LCNN,0.13599513059096527,0.06777270953687398,-2.144765492372245
ours+4base,5,43,1,RawNet2,-0.09547273197571335,-0.047578510383162936,-2.144765492372245
ours+4base,5,43,2,timepool_T150_aug,1.0720558809527225,0.5092823844694736,-2.1454324330033177
ours+4base,5,43,2,CQCC-GMM,0.4562407939336155,0.21673814169114594,-2.1454324330033177
ours+4base,5,43,2,LFCC-GMM,0.31435347944474795,0.1493342767129105,-2.1454324330033177
ours+4base,5,43,2,LFCC-LCNN,0.15156854905255665,0.07200295567005853,-2.1454324330033177
ours+4base,5,43,2,RawNet2,-0.11081361983228342,-0.0526422414564114,-2.1454324330033177
ours+4base,5,43,3,timepool_T150_aug,1.039437259880844,0.5328909415405673,-2.1379084557908934
ours+4base,5,43,3,CQCC-GMM,0.4190665505348764,0.21484391343474446,-2.1379084557908934
ours+4base,5,43,3,LFCC-GMM,0.3101945682874648,0.15902823762006194,-2.1379084557908934
ours+4base,5,43,3,LFCC-LCNN,0.11232134181454363,0.057584067749806796,-2.1379084557908934
ours+4base,5,43,3,RawNet2,-0.06954310360510321,-0.035652839654819496,-2.1379084557908934
ours+4base,5,43,4,timepool_T150_aug,1.0030308490126174,0.5445060367274005,-2.121427350667232
ours+4base,5,43,4,CQCC-GMM,0.436943686653991,0.23719955904370293,-2.121427350667232
ours+4base,5,43,4,LFCC-GMM,0.2719401945075392,0.14762564649326745,-2.121427350667232
ours+4base,5,43,4,LFCC-LCNN,0.11036084584606193,0.05991056689899162,-2.121427350667232
ours+4base,5,43,4,RawNet2,-0.01981758981694169,-0.010758190836637439,-2.121427350667232
ours+all,5,43,0,timepool_T150_aug,0.7695527185228005,0.370173885721702,-2.197785526999489
ours+all,5,43,0,flatten_T400_aug,0.49966648289272464,0.24035193312336545,-2.197785526999489
ours+all,5,43,0,CQCC-GMM,0.32268321610858364,0.15521860567704698,-2.197785526999489
ours+all,5,43,0,LFCC-GMM,0.3644416507671765,0.17530544527511815,-2.197785526999489
ours+all,5,43,0,LFCC-LCNN,0.04620141065973058,0.022224020912518957,-2.197785526999489
ours+all,5,43,0,RawNet2,-0.07634973274782592,-0.036726109290248485,-2.197785526999489
ours+all,5,43,1,timepool_T150_aug,0.7516813885945062,0.3559919478964645,-2.198950931447899
ours+all,5,43,1,flatten_T400_aug,0.5029191775720238,0.23817960691179627,-2.198950931447899
ours+all,5,43,1,CQCC-GMM,0.3751345969810157,0.1776615703527384,-2.198950931447899
ours+all,5,43,1,LFCC-GMM,0.3068394329745852,0.14531737660860797,-2.198950931447899
ours+all,5,43,1,LFCC-LCNN,0.06710206136561174,0.03177914725024337,-2.198950931447899
ours+all,5,43,1,RawNet2,-0.10783567596852564,-0.05107035098014928,-2.198950931447899
ours+all,5,43,2,timepool_T150_aug,0.8043765879539699,0.37291017892513184,-2.1843716922674745
ours+all,5,43,2,flatten_T400_aug,0.41869555601661496,0.19410788062151832,-2.1843716922674745
ours+all,5,43,2,CQCC-GMM,0.43038919701424777,0.1995290699276435,-2.1843716922674745
ours+all,5,43,2,LFCC-GMM,0.30541298034572756,0.14158991056226566,-2.1843716922674745
ours+all,5,43,2,LFCC-LCNN,0.0875830523229331,0.040603632927246704,-2.1843716922674745
ours+all,5,43,2,RawNet2,-0.11056765117282673,-0.05125932703619396,-2.1843716922674745
ours+all,5,43,3,timepool_T150_aug,0.7932750833329243,0.3937439125111586,-2.173994182081371
ours+all,5,43,3,flatten_T400_aug,0.3924712090531713,0.1948039874784842,-2.173994182081371
ours+all,5,43,3,CQCC-GMM,0.39162646525213973,0.19438469694954152,-2.173994182081371
ours+all,5,43,3,LFCC-GMM,0.30334415458619085,0.1505655689604328,-2.173994182081371
ours+all,5,43,3,LFCC-LCNN,0.05598518187025571,0.02778837381306207,-2.173994182081371
ours+all,5,43,3,RawNet2,-0.07799593202513326,-0.0387134602873209,-2.173994182081371
ours+all,5,43,4,timepool_T150_aug,0.7305923553132575,0.3834689037782251,-2.1612432083651827
ours+all,5,43,4,flatten_T400_aug,0.4227354678418127,0.22188283967462072,-2.1612432083651827
ours+all,5,43,4,CQCC-GMM,0.4180794629235828,0.21943902392840461,-2.1612432083651827
ours+all,5,43,4,LFCC-GMM,0.25959338417960653,0.1362538079347283,-2.1612432083651827
ours+all,5,43,4,LFCC-LCNN,0.04600777777706517,0.024148284581870193,-2.1612432083651827
ours+all,5,43,4,RawNet2,-0.028210849057373397,-0.014807140102151088,-2.1612432083651827
ours,5,44,0,timepool_T150_aug,1.161952018737793,1.0,-2.0480706691741943
ours,5,44,1,timepool_T150_aug,1.1198194026947021,1.0,-2.051011085510254
ours,5,44,2,timepool_T150_aug,1.2467869520187378,1.0,-1.9784027338027954
ours,5,44,3,timepool_T150_aug,1.1795530319213867,1.0,-1.9716460704803467
ours,5,44,4,timepool_T150_aug,1.1423919200897217,1.0,-2.0436813831329346
ours+2GMM,5,44,0,timepool_T150_aug,1.0823305680037019,0.6011511499214198,-2.1606149340723775
ours+2GMM,5,44,0,CQCC-GMM,0.37261859926392105,0.20696089166433734,-2.1606149340723775
ours+2GMM,5,44,0,LFCC-GMM,0.345480837973455,0.19188795841424286,-2.1606149340723775
ours+2GMM,5,44,1,timepool_T150_aug,1.0447074766420383,0.5944266099320249,-2.160643726504273
ours+2GMM,5,44,1,CQCC-GMM,0.3614919926662145,0.20568481084181767,-2.160643726504273
ours+2GMM,5,44,1,LFCC-GMM,0.3513050891796399,0.19988857922615735,-2.160643726504273
ours+2GMM,5,44,2,timepool_T150_aug,1.1403355631044472,0.6232219418563286,-2.076223262286917
ours+2GMM,5,44,2,CQCC-GMM,0.37150394071905796,0.20303620691430033,-2.076223262286917
ours+2GMM,5,44,2,LFCC-GMM,0.3179028183223488,0.173741851229371,-2.076223262286917
ours+2GMM,5,44,3,timepool_T150_aug,1.0749220826792187,0.5952202240263682,-2.0885936110862886
ours+2GMM,5,44,3,CQCC-GMM,0.4651631412802312,0.257576352391538,-2.0885936110862886
ours+2GMM,5,44,3,LFCC-GMM,0.2658380953254803,0.14720342358209373,-2.0885936110862886
ours+2GMM,5,44,4,timepool_T150_aug,1.0428873923324777,0.5811730804806374,-2.1647724990237354
ours+2GMM,5,44,4,CQCC-GMM,0.4328197660526738,0.24119880878716002,-2.1647724990237354
ours+2GMM,5,44,4,LFCC-GMM,0.3187451783782733,0.17762811073220258,-2.1647724990237354
ours+4base,5,44,0,timepool_T150_aug,1.061441177167095,0.5254434250358823,-2.167710746185138
ours+4base,5,44,0,CQCC-GMM,0.38612909929391825,0.19114483289645104,-2.167710746185138
ours+4base,5,44,0,LFCC-GMM,0.34047185944335095,0.16854320691770852,-2.167710746185138
ours+4base,5,44,0,LFCC-LCNN,0.13133354745358994,0.06501382316851967,-2.167710746185138
ours+4base,5,44,0,RawNet2,-0.1007108313693158,-0.04985471198143841,-2.167710746185138
ours+4base,5,44,1,timepool_T150_aug,1.0150221066122642,0.508538568487611,-2.170739282443253
ours+4base,5,44,1,CQCC-GMM,0.3778510399160794,0.18930802165659597,-2.170739282443253
ours+4base,5,44,1,LFCC-GMM,0.34075118497730933,0.1707205377005769,-2.170739282443253
ours+4base,5,44,1,LFCC-LCNN,0.16524234766469637,0.08278845001258368,-2.170739282443253
ours+4base,5,44,1,RawNet2,-0.09709226968761145,-0.048644422142632385,-2.170739282443253
ours+4base,5,44,2,timepool_T150_aug,1.1193508792142801,0.5817899328735268,-2.079093360129122
ours+4base,5,44,2,CQCC-GMM,0.37685214586708643,0.19587136501930186,-2.079093360129122
ours+4base,5,44,2,LFCC-GMM,0.3078733427109818,0.16001918139833032,-2.079093360129122
ours+4base,5,44,2,LFCC-LCNN,0.09109604886086085,0.047347766581472495,-2.079093360129122
ours+4base,5,44,2,RawNet2,-0.028805321644321324,-0.014971754127368583,-2.079093360129122
ours+4base,5,44,3,timepool_T150_aug,1.0579443959665955,0.5295282258193432,-2.0947766962252103
ours+4base,5,44,3,CQCC-GMM,0.4738281681335559,0.237163115728545,-2.0947766962252103
ours+4base,5,44,3,LFCC-GMM,0.26391638017180025,0.13209689761563737,-2.0947766962252103
ours+4base,5,44,3,LFCC-LCNN,0.11635126207078825,0.05823678220809945,-2.0947766962252103
ours+4base,5,44,3,RawNet2,-0.08585970603611336,-0.042974978628374925,-2.0947766962252103
ours+4base,5,44,4,timepool_T150_aug,1.0223896389782732,0.5304000948605515,-2.1688640675190225
ours+4base,5,44,4,CQCC-GMM,0.4355678667834942,0.22596594199746475,-2.1688640675190225
ours+4base,5,44,4,LFCC-GMM,0.3099055075286218,0.16077423354490927,-2.1688640675190225
ours+4base,5,44,4,LFCC-LCNN,0.11458959255076417,0.059447326578638056,-2.1688640675190225
ours+4base,5,44,4,RawNet2,-0.0451293250162905,-0.023412403018436518,-2.1688640675190225
ours+all,5,44,0,timepool_T150_aug,0.7957728445782014,0.38057302380436814,-2.207303755438307
ours+all,5,44,0,flatten_T400_aug,0.4163929682348939,0.19913714333394417,-2.207303755438307
ours+all,5,44,0,CQCC-GMM,0.36169988281634635,0.1729805421873443,-2.207303755438307
ours+all,5,44,0,LFCC-GMM,0.33407554491132824,0.15976938792550363,-2.207303755438307
ours+all,5,44,0,LFCC-LCNN,0.070887228550948,0.033901341447564924,-2.207303755438307
ours+all,5,44,0,RawNet2,-0.11215747789769578,-0.053638561301274784,-2.207303755438307
ours+all,5,44,1,timepool_T150_aug,0.7034108026115231,0.3356686078860295,-2.22314225190105
ours+all,5,44,1,flatten_T400_aug,0.4934649432864791,0.23548215344228982,-2.22314225190105
ours+all,5,44,1,CQCC-GMM,0.3529706652085507,0.16843808962739842,-2.22314225190105
ours+all,5,44,1,LFCC-GMM,0.3364557549045406,0.16055715158873246,-2.22314225190105
ours+all,5,44,1,LFCC-LCNN,0.10006716287870053,0.04775218852751767,-2.22314225190105
ours+all,5,44,1,RawNet2,-0.10918201575770495,-0.052101808928032206,-2.22314225190105
ours+all,5,44,2,timepool_T150_aug,0.791122308147823,0.39306882488396333,-2.1368160296150474
ours+all,5,44,2,flatten_T400_aug,0.5123590082866827,0.25456538291463343,-2.1368160296150474
ours+all,5,44,2,CQCC-GMM,0.3629954723136245,0.18035416555824785,-2.1368160296150474
ours+all,5,44,2,LFCC-GMM,0.29516048945213935,0.14665037952570234,-2.1368160296150474
ours+all,5,44,2,LFCC-LCNN,0.015373303320948481,0.007638220043494015,-2.1368160296150474
ours+all,5,44,2,RawNet2,-0.03567080673532397,-0.017723027073958942,-2.1368160296150474
ours+all,5,44,3,timepool_T150_aug,0.7601626782611712,0.37104836019047144,-2.1393863810883693
ours+all,5,44,3,flatten_T400_aug,0.47172789515261687,0.2302584262001143,-2.1393863810883693
ours+all,5,44,3,CQCC-GMM,0.4397097750669511,0.21462983603919858,-2.1393863810883693
ours+all,5,44,3,LFCC-GMM,0.2531573493094462,0.12357041725108657,-2.1393863810883693
ours+all,5,44,3,LFCC-LCNN,0.03949127499593344,0.01927636445213328,-2.1393863810883693
ours+all,5,44,3,RawNet2,-0.08443998482295008,-0.0412165958669959,-2.1393863810883693
ours+all,5,44,4,timepool_T150_aug,0.7978913543445073,0.4015338914595516,-2.2006011118237163
ours+all,5,44,4,flatten_T400_aug,0.3525275429041012,0.17740730661914111,-2.2006011118237163
ours+all,5,44,4,CQCC-GMM,0.4126897515284959,0.2076835661828263,-2.2006011118237163
ours+all,5,44,4,LFCC-GMM,0.30807947605315733,0.1550390917571365,-2.2006011118237163
ours+all,5,44,4,LFCC-LCNN,0.06576560285517292,0.03309613306979025,-2.2006011118237163
ours+all,5,44,4,RawNet2,-0.05015463680210613,-0.025240010911554187,-2.2006011118237163
ours,5,45,0,timepool_T150_aug,1.1802802085876465,1.0,-2.089207172393799
ours,5,45,1,timepool_T150_aug,1.1394367218017578,1.0,-2.033662796020508
ours,5,45,2,timepool_T150_aug,1.1709449291229248,1.0,-1.9986411333084106
ours,5,45,3,timepool_T150_aug,1.1685352325439453,1.0,-1.9658008813858032
ours,5,45,4,timepool_T150_aug,1.17645263671875,1.0,-2.003146171569824
ours+2GMM,5,45,0,timepool_T150_aug,1.0836058317160435,0.5833788093451915,-2.2133799220521833
ours+2GMM,5,45,0,CQCC-GMM,0.37244107679908545,0.20051039370119197,-2.2133799220521833
ours+2GMM,5,45,0,LFCC-GMM,0.40141828281111686,0.21611079695361657,-2.2133799220521833
ours+2GMM,5,45,1,timepool_T150_aug,1.0483334618214692,0.6049176794826105,-2.13750790250797
ours+2GMM,5,45,1,CQCC-GMM,0.4089951328174841,0.23600161177128212,-2.13750790250797
ours+2GMM,5,45,1,LFCC-GMM,0.27568979344670264,0.15908070874610733,-2.13750790250797
ours+2GMM,5,45,2,timepool_T150_aug,1.0819226193868476,0.609135439424835,-2.1042366909258714
ours+2GMM,5,45,2,CQCC-GMM,0.4049858636329128,0.22801190915546868,-2.1042366909258714
ours+2GMM,5,45,2,LFCC-GMM,0.2892525303805327,0.16285265141969646,-2.1042366909258714
ours+2GMM,5,45,3,timepool_T150_aug,1.068879575220996,0.6013306227736527,-2.071621700063268
ours+2GMM,5,45,3,CQCC-GMM,0.4097268406732981,0.2305042607051547,-2.071621700063268
ours+2GMM,5,45,3,LFCC-GMM,0.2989175197582129,0.1681651165211927,-2.071621700063268
ours+2GMM,5,45,4,timepool_T150_aug,1.086914942244851,0.589368689565502,-2.1263648610874903
ours+2GMM,5,45,4,CQCC-GMM,0.41570271489293736,0.2254106138418327,-2.1263648610874903
ours+2GMM,5,45,4,LFCC-GMM,0.34158438733483715,0.18522069659266527,-2.1263648610874903
ours+4base,5,45,0,timepool_T150_aug,1.0599745523593929,0.5249983230446438,-2.21946864096696
ours+4base,5,45,0,CQCC-GMM,0.38116418823016385,0.18878807909122322,-2.21946864096696
ours+4base,5,45,0,LFCC-GMM,0.3935135751245652,0.19490464801805152,-2.21946864096696
ours+4base,5,45,0,LFCC-LCNN,0.12330590967171635,0.061072594294882994,-2.21946864096696
ours+4base,5,45,0,RawNet2,-0.06104737107443176,-0.030236355551198215,-2.21946864096696
ours+4base,5,45,1,timepool_T150_aug,1.026057443111621,0.5299277443089694,-2.1445657148150135
ours+4base,5,45,1,CQCC-GMM,0.4216400321920786,0.21776436852532277,-2.1445657148150135
ours+4base,5,45,1,LFCC-GMM,0.26689440616116245,0.13784291666629483,-2.1445657148150135
ours+4base,5,45,1,LFCC-LCNN,0.13129488212529836,0.06780984943004052,-2.1445657148150135
ours+4base,5,45,1,RawNet2,-0.09033464419744132,-0.046655121069372446,-2.1445657148150135
ours+4base,5,45,2,timepool_T150_aug,1.0642519379664155,0.545785888653594,-2.1098126153973595
ours+4base,5,45,2,CQCC-GMM,0.409405009367713,0.20995731263027453,-2.1098126153973595
ours+4base,5,45,2,LFCC-GMM,0.28923576992883854,0.14833029294046654,-2.1098126153973595
ours+4base,5,45,2,LFCC-LCNN,0.11238638899772133,0.05763569978448609,-2.1098126153973595
ours+4base,5,45,2,RawNet2,-0.07466492873778269,-0.038290805991178734,-2.1098126153973595
ours+4base,5,45,3,timepool_T150_aug,1.0387517196722944,0.5510795468082927,-2.0763294479217587
ours+4base,5,45,3,CQCC-GMM,0.41481308463236644,0.22006703080257878,-2.0763294479217587
ours+4base,5,45,3,LFCC-GMM,0.2794499007847912,0.14825402621589767,-2.0763294479217587
ours+4base,5,45,3,LFCC-LCNN,0.13492877336745865,0.07158254072705261,-2.0763294479217587
ours+4base,5,45,3,RawNet2,-0.01699622886568935,-0.009016855446178211,-2.0763294479217587
ours+4base,5,45,4,timepool_T150_aug,1.066776959615062,0.5097077881226647,-2.13461040060512
ours+4base,5,45,4,CQCC-GMM,0.4340541141871724,0.2073917705794088,-2.13461040060512
ours+4base,5,45,4,LFCC-GMM,0.3344392503256807,0.15979562457593413,-2.13461040060512
ours+4base,5,45,4,LFCC-LCNN,0.1388330680399868,0.06633466854634713,-2.13461040060512
ours+4base,5,45,4,RawNet2,-0.11881530453118529,-0.05677014817564514,-2.13461040060512
ours+all,5,45,0,timepool_T150_aug,0.824316242668251,0.3973137179519343,-2.254112292808979
ours+all,5,45,0,flatten_T400_aug,0.3676385902428211,0.17719880743726713,-2.254112292808979
ours+all,5,45,0,CQCC-GMM,0.3646778238558402,0.17577174214325966,-2.254112292808979
ours+all,5,45,0,LFCC-GMM,0.38014975199172657,0.18322908554299192,-2.254112292808979
ours+all,5,45,0,LFCC-LCNN,0.06911894471496878,0.033314768633851355,-2.254112292808979
ours+all,5,45,0,RawNet2,-0.06882248671349132,-0.03317187829069575,-2.254112292808979
ours+all,5,45,1,timepool_T150_aug,0.709126237718593,0.34882637288932156,-2.202541393306295
ours+all,5,45,1,flatten_T400_aug,0.5158379004054751,0.25374588363305045,-2.202541393306295
ours+all,5,45,1,CQCC-GMM,0.39283333733660764,0.19323869421894788,-2.202541393306295
ours+all,5,45,1,LFCC-GMM,0.2682866673182486,0.13197292678983744,-2.202541393306295
ours+all,5,45,1,LFCC-LCNN,0.05049469558783719,0.024838851780076852,-2.202541393306295
ours+all,5,45,1,RawNet2,-0.09631286028811724,-0.04737727068876587,-2.202541393306295
ours+all,5,45,2,timepool_T150_aug,0.8086779328237432,0.40191379867257165,-2.1472906336022457
ours+all,5,45,2,flatten_T400_aug,0.40344355263801684,0.2005118777317305,-2.1472906336022457
ours+all,5,45,2,CQCC-GMM,0.3793584549587328,0.188541558391026,-2.1472906336022457
ours+all,5,45,2,LFCC-GMM,0.28485355241804894,0.1415725206176334,-2.1472906336022457
ours+all,5,45,2,LFCC-LCNN,0.055406321128064415,0.027537000938427137,-2.1472906336022457
ours+all,5,45,2,RawNet2,-0.08032828495067271,-0.039923243648611315,-2.1472906336022457
ours+all,5,45,3,timepool_T150_aug,0.7003086199339958,0.3546215860787388,-2.1292038092267127
ours+all,5,45,3,flatten_T400_aug,0.5187790232934353,0.2626988085367794,-2.1292038092267127
ours+all,5,45,3,CQCC-GMM,0.39062524659124853,0.19780442588532313,-2.1292038092267127
ours+all,5,45,3,LFCC-GMM,0.274785203125287,0.13914545928685249,-2.1292038092267127
ours+all,5,45,3,LFCC-LCNN,0.06430278245538332,0.03256157935875947,-2.1292038092267127
ours+all,5,45,3,RawNet2,-0.026004515546316217,-0.013168140853546867,-2.1292038092267127
ours+all,5,45,4,timepool_T150_aug,0.8001542259988969,0.36994949137093097,-2.176410691167907
ours+all,5,45,4,flatten_T400_aug,0.41992460048044383,0.19415118650150798,-2.176410691167907
ours+all,5,45,4,CQCC-GMM,0.41101596896439874,0.19003230092784548,-2.176410691167907
ours+all,5,45,4,LFCC-GMM,0.32682738438075154,0.151107899813701,-2.176410691167907
ours+all,5,45,4,LFCC-LCNN,0.07991197584181446,0.036947120763149155,-2.176410691167907
ours+all,5,45,4,RawNet2,-0.12504008706814368,-0.057812000622865484,-2.176410691167907
ours,5,46,0,timepool_T150_aug,1.1834441423416138,1.0,-2.030629873275757
ours,5,46,1,timepool_T150_aug,1.1963790655136108,1.0,-2.0369644165039062
ours,5,46,2,timepool_T150_aug,1.1873600482940674,1.0,-2.0405611991882324
ours,5,46,3,timepool_T150_aug,1.141355276107788,1.0,-1.9815950393676758
ours,5,46,4,timepool_T150_aug,1.132964849472046,1.0,-2.0068342685699463
ours+2GMM,5,46,0,timepool_T150_aug,1.093637623396995,0.5964090570548053,-2.1458178400324406
ours+2GMM,5,46,0,CQCC-GMM,0.4049709713324206,0.22084861564721586,-2.1458178400324406
ours+2GMM,5,46,0,LFCC-GMM,0.3350953211661781,0.18274232729797885,-2.1458178400324406
ours+2GMM,5,46,1,timepool_T150_aug,1.100732706257962,0.604064534681247,-2.1500768348034285
ours+2GMM,5,46,1,CQCC-GMM,0.4117443162989228,0.2259587067947704,-2.1500768348034285
ours+2GMM,5,46,1,LFCC-GMM,0.30973342527017905,0.1699767585239826,-2.1500768348034285
ours+2GMM,5,46,2,timepool_T150_aug,1.1003620739192894,0.6027260745712961,-2.1518461048587754
ours+2GMM,5,46,2,CQCC-GMM,0.36687203195704576,0.20095507190997977,-2.1518461048587754
ours+2GMM,5,46,2,LFCC-GMM,0.358407956650907,0.1963188535187241,-2.1518461048587754
ours+2GMM,5,46,3,timepool_T150_aug,1.0314076526092073,0.579363607567713,-2.1016072470022427
ours+2GMM,5,46,3,CQCC-GMM,0.4470589429936905,0.2511225133466892,-2.1016072470022427
ours+2GMM,5,46,3,LFCC-GMM,0.3017757930056445,0.16951387908559795,-2.1016072470022427
ours+2GMM,5,46,4,timepool_T150_aug,1.0500238203628338,0.6081467779025859,-2.1071553587244662
ours+2GMM,5,46,4,CQCC-GMM,0.3753039382143064,0.21736638382195342,-2.1071553587244662
ours+2GMM,5,46,4,LFCC-GMM,0.3012682845429447,0.17448683827546074,-2.1071553587244662
ours+4base,5,46,0,timepool_T150_aug,1.0701412617147483,0.534823116563963,-2.1521954362716254
ours+4base,5,46,0,CQCC-GMM,0.4073357078404528,0.2035736407415422,-2.1521954362716254
ours+4base,5,46,0,LFCC-GMM,0.32795652841893685,0.16390241073917877,-2.1521954362716254
ours+4base,5,46,0,LFCC-LCNN,0.14001163390310498,0.06997343348791578,-2.1521954362716254
ours+4base,5,46,0,RawNet2,-0.055480461223524034,-0.027727398467400192,-2.1521954362716254
ours+4base,5,46,1,timepool_T150_aug,1.0883667155212853,0.5504149972219634,-2.153858923741864
ours+4base,5,46,1,CQCC-GMM,0.4271333969105337,0.21601232757408897,-2.153858923741864
ours+4base,5,46,1,LFCC-GMM,0.3076333505411254,0.15557808537205794,-2.153858923741864
ours+4base,5,46,1,LFCC-LCNN,0.07344464534233944,0.03714284320309247,-2.153858923741864
ours+4base,5,46,1,RawNet2,-0.08077846992923045,-0.04085174662879727,-2.153858923741864
ours+4base,5,46,2,timepool_T150_aug,1.0745066987399483,0.534237847458702,-2.160334769926506
ours+4base,5,46,2,CQCC-GMM,0.37235360265809386,0.18513182599124653,-2.160334769926506
ours+4base,5,46,2,LFCC-GMM,0.35000203490881004,0.17401876968763505,-2.160334769926506
ours+4base,5,46,2,LFCC-LCNN,0.14884272554019537,0.07400364967080127,-2.160334769926506
ours+4base,5,46,2,RawNet2,-0.06558392460577124,-0.03260790719161516,-2.160334769926506
ours+4base,5,46,3,timepool_T150_aug,1.0052857714851944,0.5099375478856364,-2.1061987148824186
ours+4base,5,46,3,CQCC-GMM,0.46095378854554825,0.2338217164580379,-2.1061987148824186
ours+4base,5,46,3,LFCC-GMM,0.293278591834563,0.14876741540519464,-2.1061987148824186
ours+4base,5,46,3,LFCC-LCNN,0.12826198437781103,0.0650617005191842,-2.1061987148824186
ours+4base,5,46,3,RawNet2,-0.08360984210507469,-0.04241161973194699,-2.1061987148824186
ours+4base,5,46,4,timepool_T150_aug,1.0263955868272234,0.5336158617309271,-2.11451955458299
ours+4base,5,46,4,CQCC-GMM,0.38310071416963465,0.1991713724659412,-2.11451955458299
ours+4base,5,46,4,LFCC-GMM,0.2909052314903361,0.15123958810423177,-2.11451955458299
ours+4base,5,46,4,LFCC-LCNN,0.14246034758494597,0.07406413483715114,-2.11451955458299
ours+4base,5,46,4,RawNet2,-0.08061090332270161,-0.04190904286174876,-2.11451955458299
ours+all,5,46,0,timepool_T150_aug,0.813242993411026,0.3935979245264372,-2.193521546893215
ours+all,5,46,0,flatten_T400_aug,0.4095027779095496,0.19819346096910867,-2.193521546893215
ours+all,5,46,0,CQCC-GMM,0.37899517986954384,0.18342822183625312,-2.193521546893215
ours+all,5,46,0,LFCC-GMM,0.3212332715372038,0.15547228809874014,-2.193521546893215
ours+all,5,46,0,LFCC-LCNN,0.0830724082216366,0.040205852034833886,-2.193521546893215
ours+all,5,46,0,RawNet2,-0.06013040590785464,-0.02910225253462715,-2.193521546893215
ours+all,5,46,1,timepool_T150_aug,0.86470861234544,0.4258280510837615,-2.1847218748304087
ours+all,5,46,1,flatten_T400_aug,0.35062829970267617,0.17266783675511402,-2.1847218748304087
ours+all,5,46,1,CQCC-GMM,0.40169851515706195,0.1978174998958359,-2.1847218748304087
ours+all,5,46,1,LFCC-GMM,0.2993731538196056,0.14742710413398147,-2.1847218748304087
ours+all,5,46,1,LFCC-LCNN,0.024628844233125946,0.012128539707486893,-2.1847218748304087
ours+all,5,46,1,RawNet2,-0.08961464227192421,-0.04413096842382015,-2.1847218748304087
ours+all,5,46,2,timepool_T150_aug,0.756345705276964,0.36169429540469833,-2.2157475178012067
ours+all,5,46,2,flatten_T400_aug,0.5047811468083694,0.24139287095121617,-2.2157475178012067
ours+all,5,46,2,CQCC-GMM,0.35197908535012984,0.16832094951380275,-2.2157475178012067
ours+all,5,46,2,LFCC-GMM,0.33799788151961596,0.16163495707264067,-2.2157475178012067
ours+all,5,46,2,LFCC-LCNN,0.07138264268648521,0.034136102671673316,-2.2157475178012067
ours+all,5,46,2,RawNet2,-0.06863223966582507,-0.03282082438596885,-2.2157475178012067
ours+all,5,46,3,timepool_T150_aug,0.6693499159702606,0.3231520787147842,-2.1607109970969067
ours+all,5,46,3,flatten_T400_aug,0.5241245975902055,0.25303947782126845,-2.1607109970969067
ours+all,5,46,3,CQCC-GMM,0.4379840075343241,0.21145209568508705,-2.1607109970969067
ours+all,5,46,3,LFCC-GMM,0.29818354752126386,0.1439585348724034,-2.1607109970969067
ours+all,5,46,3,LFCC-LCNN,0.04994620681152917,0.024113277928283595,-2.1607109970969067
ours+all,5,46,3,RawNet2,-0.09172724459737874,-0.04428453497817335,-2.1607109970969067
ours+all,5,46,4,timepool_T150_aug,0.7429882710974837,0.3713730132343627,-2.1591693442421636
ours+all,5,46,4,flatten_T400_aug,0.4440155539610036,0.2219353933459168,-2.1591693442421636
ours+all,5,46,4,CQCC-GMM,0.362074192305187,0.1809780706391972,-2.1591693442421636
ours+all,5,46,4,LFCC-GMM,0.28186019294082515,0.14088414748275238,-2.1591693442421636
ours+all,5,46,4,LFCC-LCNN,0.080027589516977,0.040000748621377674,-2.1591693442421636
ours+all,5,46,4,RawNet2,-0.08968649482602198,-0.04482862667639313,-2.1591693442421636
ours,5,47,0,timepool_T150_aug,1.2362432479858398,1.0,-1.9605618715286255
ours,5,47,1,timepool_T150_aug,1.1678309440612793,1.0,-1.9876325130462646
ours,5,47,2,timepool_T150_aug,1.134047031402588,1.0,-2.095982551574707
ours,5,47,3,timepool_T150_aug,1.117336392402649,1.0,-1.9975835084915161
ours,5,47,4,timepool_T150_aug,1.1942061185836792,1.0,-2.0455267429351807
ours+2GMM,5,47,0,timepool_T150_aug,1.1484906005650013,0.6093494169501724,-2.0760496907252115
ours+2GMM,5,47,0,CQCC-GMM,0.41796860348451836,0.22175969460392148,-2.0760496907252115
ours+2GMM,5,47,0,LFCC-GMM,0.31832244768859214,0.16889088844590613,-2.0760496907252115
ours+2GMM,5,47,1,timepool_T150_aug,1.0957131326724692,0.6061965299555517,-2.0945539850755384
ours+2GMM,5,47,1,CQCC-GMM,0.3535557425599664,0.1956025330854329,-2.0945539850755384
ours+2GMM,5,47,1,LFCC-GMM,0.35825241287657167,0.19820093695901542,-2.0945539850755384
ours+2GMM,5,47,2,timepool_T150_aug,1.040830062690814,0.5821427434358915,-2.2217712493135107
ours+2GMM,5,47,2,CQCC-GMM,0.4364299467133835,0.24409799025259385,-2.2217712493135107
ours+2GMM,5,47,2,LFCC-GMM,0.3106692818683916,0.17375926631151473,-2.2217712493135107
ours+2GMM,5,47,3,timepool_T150_aug,0.9973957906799954,0.5638285586631653,-2.119466838471492
ours+2GMM,5,47,3,CQCC-GMM,0.44065138671240633,0.24910054620703173,-2.119466838471492
ours+2GMM,5,47,3,LFCC-GMM,0.3309227964677656,0.18707089512980293,-2.119466838471492
ours+2GMM,5,47,4,timepool_T150_aug,1.1009004777012832,0.6287647468122047,-2.1370829228846153
ours+2GMM,5,47,4,CQCC-GMM,0.3630551438721327,0.20735414348468495,-2.1370829228846153
ours+2GMM,5,47,4,LFCC-GMM,0.2869384660527989,0.16388110970311026,-2.1370829228846153
ours+4base,5,47,0,timepool_T150_aug,1.12950190040802,0.5240277365971131,-2.0864348969177966
ours+4base,5,47,0,CQCC-GMM,0.4298522399986382,0.19942816945798386,-2.0864348969177966
ours+4base,5,47,0,LFCC-GMM,0.31844797685442583,0.14774262219007572,-2.0864348969177966
ours+4base,5,47,0,LFCC-LCNN,0.16232867567981413,0.07531171790908112,-2.0864348969177966
ours+4base,5,47,0,RawNet2,-0.11529309309743196,-0.05348975384574619,-2.0864348969177966
ours+4base,5,47,1,timepool_T150_aug,1.0804723172513886,0.5454183174455074,-2.0992683966443124
ours+4base,5,47,1,CQCC-GMM,0.3646560490132115,0.18407698700237726,-2.0992683966443124
ours+4base,5,47,1,LFCC-GMM,0.355373006484738,0.17939094243111492,-2.0992683966443124
ours+4base,5,47,1,LFCC-LCNN,0.09556862200808673,0.04824267700706736,-2.0992683966443124
ours+4base,5,47,1,RawNet2,-0.08492749412749573,-0.04287107611393308,-2.0992683966443124
ours+4base,5,47,2,timepool_T150_aug,1.0047016154787032,0.5047679894539167,-2.23156639307133
ours+4base,5,47,2,CQCC-GMM,0.44384711624140266,0.22299139668780665,-2.23156639307133
ours+4base,5,47,2,LFCC-GMM,0.29796322866395264,0.14969847519578225,-2.23156639307133
ours+4base,5,47,2,LFCC-LCNN,0.17372976026899417,0.08728285139415104,-2.23156639307133
ours+4base,5,47,2,RawNet2,-0.07018088234449427,-0.03525928726834336,-2.23156639307133
ours+4base,5,47,3,timepool_T150_aug,0.9730537889466419,0.5064188445671796,-2.1246592236803648
ours+4base,5,47,3,CQCC-GMM,0.45122935223420135,0.23483907034636883,-2.1246592236803648
ours+4base,5,47,3,LFCC-GMM,0.3197282904780473,0.16640028873903404,-2.1246592236803648
ours+4base,5,47,3,LFCC-LCNN,0.1203435014562992,0.06263190961379593,-2.1246592236803648
ours+4base,5,47,3,RawNet2,-0.05708578613427004,-0.029709886733621692,-2.1246592236803648
ours+4base,5,47,4,timepool_T150_aug,1.0848871065244088,0.5828281182548382,-2.1395026310173972
ours+4base,5,47,4,CQCC-GMM,0.36916482804501954,0.19832445308032498,-2.1395026310173972
ours+4base,5,47,4,LFCC-GMM,0.28054372534907884,0.15071501039147708,-2.1395026310173972
ours+4base,5,47,4,LFCC-LCNN,0.08251885048248177,0.044331162254600105,-2.1395026310173972
ours+4base,5,47,4,RawNet2,-0.044304100926284666,-0.02380125601875974,-2.1395026310173972
ours+all,5,47,0,timepool_T150_aug,0.8492822874441855,0.38615994000436044,-2.1266017667141646
ours+all,5,47,0,flatten_T400_aug,0.43180901642539654,0.19633912815723428,-2.1266017667141646
ours+all,5,47,0,CQCC-GMM,0.40548775392969333,0.1843711202328399,-2.1266017667141646
ours+all,5,47,0,LFCC-GMM,0.308753320252405,0.14038696601529138,-2.1266017667141646
ours+all,5,47,0,LFCC-LCNN,0.08996897227527159,0.040907968351284026,-2.1266017667141646
ours+all,5,47,0,RawNet2,-0.11400054368772912,-0.05183487723898997,-2.1266017667141646
ours+all,5,47,1,timepool_T150_aug,0.7986610430036529,0.3895741569058873,-2.1455322501657674
ours+all,5,47,1,flatten_T400_aug,0.4477503141342064,0.21840548335394624,-2.1455322501657674
ours+all,5,47,1,CQCC-GMM,0.3344558987371654,0.1631422690691276,-2.1455322501657674
ours+all,5,47,1,LFCC-GMM,0.344361766357049,0.16797419377641526,-2.1455322501657674
ours+all,5,47,1,LFCC-LCNN,0.035361133592142165,0.017248598672831756,-2.1455322501657674
ours+all,5,47,1,RawNet2,-0.08949717375342878,-0.04365529822179176,-2.1455322501657674
ours+all,5,47,2,timepool_T150_aug,0.7343172850844669,0.3541064364750132,-2.2726531824429057
ours+all,5,47,2,flatten_T400_aug,0.42680730899945196,0.20581731946280007,-2.2726531824429057
ours+all,5,47,2,CQCC-GMM,0.4139158170494066,0.19960071477705885,-2.2726531824429057
ours+all,5,47,2,LFCC-GMM,0.29872159628903466,0.144051137170045,-2.2726531824429057
ours+all,5,47,2,LFCC-LCNN,0.11552320639498452,0.05570822283175579,-2.2726531824429057
ours+all,5,47,2,RawNet2,-0.08443389841992333,-0.04071616928332707,-2.2726531824429057
ours+all,5,47,3,timepool_T150_aug,0.6498211064797786,0.32282113738185736,-2.173634779940324
ours+all,5,47,3,flatten_T400_aug,0.5001895039182781,0.2484864571975707,-2.173634779940324
ours+all,5,47,3,CQCC-GMM,0.437643134649696,0.2174143823371989,-2.173634779940324
ours+all,5,47,3,LFCC-GMM,0.30439836692854544,0.15122042982165104,-2.173634779940324
ours+all,5,47,3,LFCC-LCNN,0.05296086896898071,0.02631014564903163,-2.173634779940324
ours+all,5,47,3,RawNet2,-0.06793174674496795,-0.0337474476126904,-2.173634779940324
ours+all,5,47,4,timepool_T150_aug,0.8297851666154352,0.428752917224128,-2.1831290014772278
ours+all,5,47,4,flatten_T400_aug,0.411551101745426,0.21264990332363096,-2.1831290014772278
ours+all,5,47,4,CQCC-GMM,0.3462511238477028,0.1789091748257746,-2.1831290014772278
ours+all,5,47,4,LFCC-GMM,0.27895395230504566,0.14413648933955747,-2.1831290014772278
ours+all,5,47,4,LFCC-LCNN,0.01983313259306105,0.010247849442347072,-2.1831290014772278
ours+all,5,47,4,RawNet2,-0.04897134394967936,-0.025303665844562,-2.1831290014772278
ours,5,48,0,timepool_T150_aug,1.1978957653045654,1.0,-2.038651466369629
ours,5,48,1,timepool_T150_aug,1.1547520160675049,1.0,-2.0126969814300537
ours,5,48,2,timepool_T150_aug,1.1999939680099487,1.0,-1.9838672876358032
ours,5,48,3,timepool_T150_aug,1.129539966583252,1.0,-2.093331813812256
ours,5,48,4,timepool_T150_aug,1.1566803455352783,1.0,-1.9579746723175049
ours+2GMM,5,48,0,timepool_T150_aug,1.1147120552345955,0.6181004366813863,-2.1442086670156058
ours+2GMM,5,48,0,CQCC-GMM,0.38015967203967865,0.2107960151618941,-2.1442086670156058
ours+2GMM,5,48,0,LFCC-GMM,0.30857636802160227,0.1711035481567196,-2.1442086670156058
ours+2GMM,5,48,1,timepool_T150_aug,1.0589461421698942,0.5811014283069045,-2.135710291696622
ours+2GMM,5,48,1,CQCC-GMM,0.3762421400329664,0.20646455589742924,-2.135710291696622
ours+2GMM,5,48,1,LFCC-GMM,0.38712033826506115,0.21243401579566615,-2.135710291696622
ours+2GMM,5,48,2,timepool_T150_aug,1.0849533743418174,0.6081396021780162,-2.082224067803159
ours+2GMM,5,48,2,CQCC-GMM,0.3779512223906443,0.2118497545268037,-2.082224067803159
ours+2GMM,5,48,2,LFCC-GMM,0.3211485556294641,0.18001064329518002,-2.082224067803159
ours+2GMM,5,48,3,timepool_T150_aug,1.0412098706945492,0.5872379399137849,-2.2152219863044724
ours+2GMM,5,48,3,CQCC-GMM,0.4339581719870517,0.24475056383823648,-2.2152219863044724
ours+2GMM,5,48,3,LFCC-GMM,0.2978949696425243,0.16801149624797854,-2.2152219863044724
ours+2GMM,5,48,4,timepool_T150_aug,1.070478824111763,0.5938566761126526,-2.071101901364449
ours+2GMM,5,48,4,CQCC-GMM,0.44791127569520106,0.24848235704096366,-2.071101901364449
ours+2GMM,5,48,4,LFCC-GMM,0.28419774195823794,0.15766096684638373,-2.071101901364449
ours+4base,5,48,0,timepool_T150_aug,1.099916254786484,0.5471977902677057,-2.1500807799091133
ours+4base,5,48,0,CQCC-GMM,0.3922347069887487,0.19513300580525406,-2.1500807799091133
ours+4base,5,48,0,LFCC-GMM,0.30863177367202604,0.1535413481024688,-2.1500807799091133
ours+4base,5,48,0,LFCC-LCNN,0.10617658776840357,0.05282183434621015,-2.1500807799091133
ours+4base,5,48,0,RawNet2,-0.10312966900846914,-0.05130602147836141,-2.1500807799091133
ours+4base,5,48,1,timepool_T150_aug,1.0418953981687793,0.5387567337449871,-2.138886363995413
ours+4base,5,48,1,CQCC-GMM,0.3820781053097961,0.1975698831321964,-2.138886363995413
ours+4base,5,48,1,LFCC-GMM,0.377179330553269,0.19503676138905632,-2.138886363995413
ours+4base,5,48,1,LFCC-LCNN,0.0922936718784161,0.047724404286592435,-2.138886363995413
ours+4base,5,48,1,RawNet2,-0.04044189475323003,-0.020912217447167564,-2.138886363995413
ours+4base,5,48,2,timepool_T150_aug,1.0516986368904169,0.5353007802571605,-2.0895751347653286
ours+4base,5,48,2,CQCC-GMM,0.389250217175732,0.19812324335184003,-2.0895751347653286
ours+4base,5,48,2,LFCC-GMM,0.3074793157313047,0.1565029294994278,-2.0895751347653286
ours+4base,5,48,2,LFCC-LCNN,0.15970670240644796,0.08128861197656718,-2.0895751347653286
ours+4base,5,48,2,RawNet2,-0.05655241329786228,-0.028784434915004445,-2.0895751347653286
ours+4base,5,48,3,timepool_T150_aug,1.0119939501124167,0.5018537148674508,-2.2261026007116267
ours+4base,5,48,3,CQCC-GMM,0.44532878127977127,0.22084114554026876,-2.2261026007116267
ours+4base,5,48,3,LFCC-GMM,0.2899123137389599,0.14376921089256797,-2.2261026007116267
ours+4base,5,48,3,LFCC-LCNN,0.17649266282543416,0.08752374307766707,-2.2261026007116267
ours+4base,5,48,3,RawNet2,-0.09278411636996209,-0.04601218562204527,-2.2261026007116267
ours+4base,5,48,4,timepool_T150_aug,1.052490903281053,0.5405446079380841,-2.0751740920116792
ours+4base,5,48,4,CQCC-GMM,0.45423725645038343,0.2332899020156915,-2.0751740920116792
ours+4base,5,48,4,LFCC-GMM,0.27791877714440116,0.14273519700914314,-2.0751740920116792
ours+4base,5,48,4,LFCC-LCNN,0.09881749961796571,0.05075128575638744,-2.0751740920116792
ours+4base,5,48,4,RawNet2,-0.06362908330985548,-0.0326790072806938,-2.0751740920116792
ours+all,5,48,0,timepool_T150_aug,0.8434333949726156,0.4052459847018576,-2.1897437823638413
ours+all,5,48,0,flatten_T400_aug,0.40150186730054405,0.1929103359478981,-2.1897437823638413
ours+all,5,48,0,CQCC-GMM,0.3713269699606284,0.1784121478767599,-2.1897437823638413
ours+all,5,48,0,LFCC-GMM,0.30532698027780353,0.14670101221536344,-2.1897437823638413
ours+all,5,48,0,LFCC-LCNN,0.05171396083100225,0.024847101270484104,-2.1897437823638413
ours+all,5,48,0,RawNet2,-0.10798430836591905,-0.051883417987636946,-2.1897437823638413
ours+all,5,48,1,timepool_T150_aug,0.7444897264577837,0.3726577971193766,-2.190045672105452
ours+all,5,48,1,flatten_T400_aug,0.47736543378586377,0.23894748933874388,-2.190045672105452
ours+all,5,48,1,CQCC-GMM,0.35023851791494315,0.1753135200045492,-2.190045672105452
ours+all,5,48,1,LFCC-GMM,0.36319547518412243,0.1817991852618468,-2.190045672105452
ours+all,5,48,1,LFCC-LCNN,0.01926767837689691,0.0096445260751979,-2.190045672105452
ours+all,5,48,1,RawNet2,-0.04322701236643001,-0.02163748220028569,-2.190045672105452
ours+all,5,48,2,timepool_T150_aug,0.7596502710376164,0.37110968284841434,-2.135975477326866
ours+all,5,48,2,flatten_T400_aug,0.4538830952841887,0.22173415578605254,-2.135975477326866
ours+all,5,48,2,CQCC-GMM,0.37950384770089246,0.18539788364408696,-2.135975477326866
ours+all,5,48,2,LFCC-GMM,0.2966100768150359,0.14490203680980596,-2.135975477326866
ours+all,5,48,2,LFCC-LCNN,0.09451739576378025,0.04617430165284261,-2.135975477326866
ours+all,5,48,2,RawNet2,-0.06280499957589522,-0.030681939258797586,-2.135975477326866
ours+all,5,48,3,timepool_T150_aug,0.7651140144321691,0.36893672326535687,-2.262921749824777
ours+all,5,48,3,flatten_T400_aug,0.38766378234369775,0.18693084022605894,-2.262921749824777
ours+all,5,48,3,CQCC-GMM,0.4179174591697208,0.20151911358712876,-2.262921749824777
ours+all,5,48,3,LFCC-GMM,0.28834689828250726,0.1390404015733901,-2.262921749824777
ours+all,5,48,3,LFCC-LCNN,0.1190547966399872,0.05740802773555043,-2.262921749824777
ours+all,5,48,3,RawNet2,-0.09573838777849276,-0.04616489361251481,-2.262921749824777
ours+all,5,48,4,timepool_T150_aug,0.7249902699817445,0.35417038998768763,-2.1270443123525036
ours+all,5,48,4,flatten_T400_aug,0.5167616968913522,0.2524471007360112,-2.1270443123525036
ours+all,5,48,4,CQCC-GMM,0.42162823975141067,0.2059727478912779,-2.1270443123525036
ours+all,5,48,4,LFCC-GMM,0.2744714850941715,0.13408410697532572,-2.1270443123525036
ours+all,5,48,4,LFCC-LCNN,0.025916820541829033,0.012660818797984186,-2.1270443123525036
ours+all,5,48,4,RawNet2,-0.08324131825340957,-0.0406648356117133,-2.1270443123525036
ours,5,49,0,timepool_T150_aug,1.235936164855957,1.0,-2.028798818588257
ours,5,49,1,timepool_T150_aug,1.1651577949523926,1.0,-2.0507009029388428
ours,5,49,2,timepool_T150_aug,1.148991584777832,1.0,-2.076666831970215
ours,5,49,3,timepool_T150_aug,1.157971978187561,1.0,-1.9590810537338257
ours,5,49,4,timepool_T150_aug,1.1348052024841309,1.0,-1.9772617816925049
ours+2GMM,5,49,0,timepool_T150_aug,1.1468661856992415,0.6261759216274001,-2.128028479001815
ours+2GMM,5,49,0,CQCC-GMM,0.38603599090908036,0.21077126992061418,-2.128028479001815
ours+2GMM,5,49,0,LFCC-GMM,0.29863772470023253,0.16305280845198572,-2.128028479001815
ours+2GMM,5,49,1,timepool_T150_aug,1.0573078995179896,0.5866966427132693,-2.1663902149645273
ours+2GMM,5,49,1,CQCC-GMM,0.3905797705893146,0.2167314178026444,-2.1663902149645273
ours+2GMM,5,49,1,LFCC-GMM,0.35424962290379236,0.1965719394840863,-2.1663902149645273
ours+2GMM,5,49,2,timepool_T150_aug,1.0616352599926504,0.5842045984868492,-2.2022882213600794
ours+2GMM,5,49,2,CQCC-GMM,0.36347945310555463,0.20001819453624792,-2.2022882213600794
ours+2GMM,5,49,2,LFCC-GMM,0.3921172339669091,0.21577720697690272,-2.2022882213600794
ours+2GMM,5,49,3,timepool_T150_aug,1.0706091569271594,0.6099507481249345,-2.0632218563886444
ours+2GMM,5,49,3,CQCC-GMM,0.42460463777818735,0.24190706271695273,-2.0632218563886444
ours+2GMM,5,49,3,LFCC-GMM,0.2600249032032087,0.14814218915811272,-2.0632218563886444
ours+2GMM,5,49,4,timepool_T150_aug,1.0400548154993543,0.5842933694804611,-2.093516149943707
ours+2GMM,5,49,4,CQCC-GMM,0.44488684397899403,0.24993339700197367,-2.093516149943707
ours+2GMM,5,49,4,LFCC-GMM,0.29507993553674605,0.16577323351756515,-2.093516149943707
ours+4base,5,49,0,timepool_T150_aug,1.1280170585972609,0.5626322551824077,-2.1323329565747042
ours+4base,5,49,0,CQCC-GMM,0.3981235571743158,0.19857603491633177,-2.1323329565747042
ours+4base,5,49,0,LFCC-GMM,0.2988154834971259,0.149043162141961,-2.1323329565747042
ours+4base,5,49,0,LFCC-LCNN,0.09486888522847974,0.04731869472711374,-2.1323329565747042
ours+4base,5,49,0,RawNet2,-0.08506728431089187,-0.04242985303218567,-2.1323329565747042
ours+4base,5,49,1,timepool_T150_aug,1.0277153895275442,0.5021999048226768,-2.179259700169895
ours+4base,5,49,1,CQCC-GMM,0.3982122720934878,0.19458905372284654,-2.179259700169895
ours+4base,5,49,1,LFCC-GMM,0.3396986820552476,0.1659960019426778,-2.179259700169895
ours+4base,5,49,1,LFCC-LCNN,0.20287475132204175,0.0991360855768551,-2.179259700169895
ours+4base,5,49,1,RawNet2,-0.07792579528638142,-0.038078953934943774,-2.179259700169895
ours+4base,5,49,2,timepool_T150_aug,1.0475720183245556,0.5340657668263927,-2.2068310502695843
ours+4base,5,49,2,CQCC-GMM,0.36985331679312095,0.18855600549766308,-2.2068310502695843
ours+4base,5,49,2,LFCC-GMM,0.3858817868368558,0.19672752687778933,-2.2068310502695843
ours+4base,5,49,2,LFCC-LCNN,0.09424213402087885,0.04804585908443269,-2.2068310502695843
ours+4base,5,49,2,RawNet2,-0.06395452014114879,-0.03260484171372218,-2.2068310502695843
ours+4base,5,49,3,timepool_T150_aug,1.04964975614865,0.5575685474724495,-2.066884402393578
ours+4base,5,49,3,CQCC-GMM,0.4302318932327038,0.22853696709867916,-2.066884402393578
ours+4base,5,49,3,LFCC-GMM,0.2530857633940924,0.13443785477487974,-2.066884402393578
ours+4base,5,49,3,LFCC-LCNN,0.10442539653409792,0.05547023311698449,-2.066884402393578
ours+4base,5,49,3,RawNet2,-0.04515555341085326,-0.023986397537007088,-2.066884402393578
ours+4base,5,49,4,timepool_T150_aug,1.0148954039361684,0.5131472441194233,-2.0994419699828257
ours+4base,5,49,4,CQCC-GMM,0.4583558862171366,0.2317520198889704,-2.0994419699828257
ours+4base,5,49,4,LFCC-GMM,0.28572118760570026,0.14446517290132022,-2.0994419699828257
ours+4base,5,49,4,LFCC-LCNN,0.13095182943305259,0.06621132594092828,-2.0994419699828257
ours+4base,5,49,4,RawNet2,-0.08786163157442785,-0.04442423714935793,-2.0994419699828257
ours+all,5,49,0,timepool_T150_aug,0.8767730395031025,0.42384806093099603,-2.1699182339315444
ours+all,5,49,0,flatten_T400_aug,0.39588977412258913,0.1913803293944415,-2.1699182339315444
ours+all,5,49,0,CQCC-GMM,0.36573120827458594,0.17680112921467742,-2.1699182339315444
ours+all,5,49,0,LFCC-GMM,0.3000534737379599,0.14505131577896085,-2.1699182339315444
ours+all,5,49,0,LFCC-LCNN,0.04224146940293888,0.020420295892604585,-2.1699182339315444
ours+all,5,49,0,RawNet2,-0.08791325429478576,-0.04249886878831959,-2.1699182339315444
ours+all,5,49,1,timepool_T150_aug,0.7423537725583923,0.34825047877158377,-2.2271626536888123
ours+all,5,49,1,flatten_T400_aug,0.4543426316874431,0.2131396712192874,-2.2271626536888123
ours+all,5,49,1,CQCC-GMM,0.3769910225922528,0.1768527472526775,-2.2271626536888123
ours+all,5,49,1,LFCC-GMM,0.3347565238784377,0.157039842756921,-2.2271626536888123
ours+all,5,49,1,LFCC-LCNN,0.13601934322258,0.06380893200853763,-2.2271626536888123
ours+all,5,49,1,RawNet2,-0.08720289982167703,-0.040908327990992664,-2.2271626536888123
ours+all,5,49,2,timepool_T150_aug,0.8472810685612018,0.42166677814328374,-2.235633398543446
ours+all,5,49,2,flatten_T400_aug,0.31211058183601753,0.15532822383333217,-2.235633398543446
ours+all,5,49,2,CQCC-GMM,0.35315510731199673,0.17575487262800654,-2.235633398543446
ours+all,5,49,2,LFCC-GMM,0.3775785223039923,0.18790968534962144,-2.235633398543446
ours+all,5,49,2,LFCC-LCNN,0.04960507246650442,0.024686980345299838,-2.235633398543446
ours+all,5,49,2,RawNet2,-0.0696313342341809,-0.03465345970045635,-2.235633398543446
ours+all,5,49,3,timepool_T150_aug,0.6793823529186847,0.34430893268382146,-2.1344564407304922
ours+all,5,49,3,flatten_T400_aug,0.590198981991167,0.2991110685867035,-2.1344564407304922
ours+all,5,49,3,CQCC-GMM,0.4025191220688583,0.20399548017248162,-2.1344564407304922
ours+all,5,49,3,LFCC-GMM,0.23984248590981794,0.1215514503446749,-2.1344564407304922
ours+all,5,49,3,LFCC-LCNN,0.013283115759385983,0.006731843107466228,-2.1344564407304922
ours+all,5,49,3,RawNet2,-0.04795061040632988,-0.024301225104852324,-2.1344564407304922
ours+all,5,49,4,timepool_T150_aug,0.7053372173032137,0.3417434089619012,-2.1481030836728827
ours+all,5,49,4,flatten_T400_aug,0.48492118371546283,0.23494948846506525,-2.1481030836728827
ours+all,5,49,4,CQCC-GMM,0.43663894260558406,0.21155622739159313,-2.1481030836728827
ours+all,5,49,4,LFCC-GMM,0.2751982424434153,0.13333648530913556,-2.1481030836728827
ours+all,5,49,4,LFCC-LCNN,0.061498870887624416,0.02979685924528462,-2.1481030836728827
ours+all,5,49,4,RawNet2,-0.1003435702499217,-0.04861753062702028,-2.1481030836728827
ours,5,50,0,timepool_T150_aug,1.0936734676361084,1.0,-2.0921130180358887
ours,5,50,1,timepool_T150_aug,1.1987313032150269,1.0,-1.9399157762527466
ours,5,50,2,timepool_T150_aug,1.1468771696090698,1.0,-2.0152993202209473
ours,5,50,3,timepool_T150_aug,1.1877354383468628,1.0,-1.9773222208023071
ours,5,50,4,timepool_T150_aug,1.2123830318450928,1.0,-2.055957078933716
ours+2GMM,5,50,0,timepool_T150_aug,1.001188798714647,0.5789229496112944,-2.213831442392355
ours+2GMM,5,50,0,CQCC-GMM,0.44035368121346474,0.2546281503824031,-2.213831442392355
ours+2GMM,5,50,0,LFCC-GMM,0.2878565694391211,0.16644890000630247,-2.213831442392355
ours+2GMM,5,50,1,timepool_T150_aug,1.0825452860239446,0.6004233036327913,-2.0488705212001386
ours+2GMM,5,50,1,CQCC-GMM,0.4486607204238489,0.24884534203329117,-2.0488705212001386
ours+2GMM,5,50,1,LFCC-GMM,0.2717641305774192,0.15073135433391754,-2.0488705212001386
ours+2GMM,5,50,2,timepool_T150_aug,1.0603025954608116,0.5948559613448001,-2.124981736590012
ours+2GMM,5,50,2,CQCC-GMM,0.4102387337677665,0.23015406866022106,-2.124981736590012
ours+2GMM,5,50,2,LFCC-GMM,0.3119113389161089,0.17498996999497893,-2.124981736590012
ours+2GMM,5,50,3,timepool_T150_aug,1.114644081610418,0.6029601943129439,-2.0941626206038713
ours+2GMM,5,50,3,CQCC-GMM,0.3476706633213987,0.18807041114891912,-2.0941626206038713
ours+2GMM,5,50,3,LFCC-GMM,0.3863049353117911,0.20896939453813698,-2.0941626206038713
ours+2GMM,5,50,4,timepool_T150_aug,1.1130413083813764,0.6107884601142798,-2.1605243905224025
ours+2GMM,5,50,4,CQCC-GMM,0.3638822880082246,0.19968270780409353,-2.1605243905224025
ours+2GMM,5,50,4,LFCC-GMM,0.345378855384167,0.18952883208162663,-2.1605243905224025
ours+4base,5,50,0,timepool_T150_aug,0.9801487570378957,0.5127329446292554,-2.219828024007245
ours+4base,5,50,0,CQCC-GMM,0.446073114876251,0.23334864230369207,-2.219828024007245
ours+4base,5,50,0,LFCC-GMM,0.2821429517464695,0.14759390900269648,-2.219828024007245
ours+4base,5,50,0,LFCC-LCNN,0.12874539078841307,0.06734896397347064,-2.219828024007245
ours+4base,5,50,0,RawNet2,-0.07450628553346561,-0.03897554009088532,-2.219828024007245
ours+4base,5,50,1,timepool_T150_aug,1.055754942718792,0.5326131806654126,-2.0560532154660636
ours+4base,5,50,1,CQCC-GMM,0.4594306060543181,0.2317761314528895,-2.0560532154660636
ours+4base,5,50,1,LFCC-GMM,0.2600415190796318,0.13118720545640786,-2.0560532154660636
ours+4base,5,50,1,LFCC-LCNN,0.14388495014335398,0.0725878874394703,-2.0560532154660636
ours+4base,5,50,1,RawNet2,-0.06310506007132992,-0.03183559498581991,-2.0560532154660636
ours+4base,5,50,2,timepool_T150_aug,1.0330293570719182,0.5287146603776356,-2.1303221761015454
ours+4base,5,50,2,CQCC-GMM,0.42260952636412913,0.2162957428792688,-2.1303221761015454
ours+4base,5,50,2,LFCC-GMM,0.3021266756232033,0.15463142610575895,-2.1303221761015454
ours+4base,5,50,2,LFCC-LCNN,0.12711198498389198,0.06505717336163445,-2.1303221761015454
ours+4base,5,50,2,RawNet2,-0.06897286807532339,-0.0353009972757021,-2.1303221761015454
ours+4base,5,50,3,timepool_T150_aug,1.0959493730900938,0.5305103128233687,-2.102632053408891
ours+4base,5,50,3,CQCC-GMM,0.35507006900271487,0.1718768567290018,-2.102632053408891
ours+4base,5,50,3,LFCC-GMM,0.379831720863651,0.1838630962372466,-2.102632053408891
ours+4base,5,50,3,LFCC-LCNN,0.14584759982779866,0.07059966245614374,-2.102632053408891
ours+4base,5,50,3,RawNet2,-0.08914114003962086,-0.04315007175423917,-2.102632053408891
ours+4base,5,50,4,timepool_T150_aug,1.0952982080421025,0.5584959811427366,-2.1638344009322794
ours+4base,5,50,4,CQCC-GMM,0.37406497901228425,0.19073690245330185,-2.1638344009322794
ours+4base,5,50,4,LFCC-GMM,0.3399091461376722,0.17332073646947097,-2.1638344009322794
ours+4base,5,50,4,LFCC-LCNN,0.08807856823106697,0.044911537351813434,-2.1638344009322794
ours+4base,5,50,4,RawNet2,-0.0638059287496122,-0.03253484258267718,-2.1638344009322794
ours+all,5,50,0,timepool_T150_aug,0.7266794129759282,0.36818991802946954,-2.255502370194662
ours+all,5,50,0,flatten_T400_aug,0.3979818880723454,0.2016472685616379,-2.255502370194662
ours+all,5,50,0,CQCC-GMM,0.4231706111514718,0.2144097518798185,-2.255502370194662
ours+all,5,50,0,LFCC-GMM,0.2764231273238717,0.14005654594510628,-2.255502370194662
ours+all,5,50,0,LFCC-LCNN,0.06913294215561293,0.03502789792980466,-2.255502370194662
ours+all,5,50,0,RawNet2,-0.08026576980063939,-0.04066861765416307,-2.255502370194662
ours+all,5,50,1,timepool_T150_aug,0.7352700785578943,0.35817335547809354,-2.1063363205676047
ours+all,5,50,1,flatten_T400_aug,0.49523376533368874,0.24124406071782153,-2.1063363205676047
ours+all,5,50,1,CQCC-GMM,0.43208743122257426,0.21048348030758823,-2.1063363205676047
ours+all,5,50,1,LFCC-GMM,0.2542967397198818,0.12387600040960697,-2.1063363205676047
ours+all,5,50,1,LFCC-LCNN,0.0708017201205092,0.034489761529425365,-2.1063363205676047
ours+all,5,50,1,RawNet2,-0.0651432502809058,-0.03173334155746433,-2.1063363205676047
ours+all,5,50,2,timepool_T150_aug,0.7604446933224999,0.3742848203046537,-2.170446766123182
ours+all,5,50,2,flatten_T400_aug,0.4219626721093303,0.20768666583190065,-2.170446766123182
ours+all,5,50,2,CQCC-GMM,0.40235654521771397,0.19803668635944646,-2.170446766123182
ours+all,5,50,2,LFCC-GMM,0.2981514885071005,0.1467477875503025,-2.170446766123182
ours+all,5,50,2,LFCC-LCNN,0.06949368438420117,0.03420423786298709,-2.170446766123182
ours+all,5,50,2,RawNet2,-0.07931823231323192,-0.03903980209070965,-2.170446766123182
ours+all,5,50,3,timepool_T150_aug,0.7936499884904907,0.36814159854008927,-2.1552506860433156
ours+all,5,50,3,flatten_T400_aug,0.4803247844369175,0.22280291882490122,-2.1552506860433156
ours+all,5,50,3,CQCC-GMM,0.325896496145317,0.15116998524468392,-2.1552506860433156
ours+all,5,50,3,LFCC-GMM,0.3737384134166603,0.17336188363429253,-2.1552506860433156
ours+all,5,50,3,LFCC-LCNN,0.08348923010487203,0.03872722116477067,-2.1552506860433156
ours+all,5,50,3,RawNet2,-0.09872914823290022,-0.045796392591262294,-2.1552506860433156
ours+all,5,50,4,timepool_T150_aug,0.8180290103789697,0.40222760190122986,-2.2144571004718596
ours+all,5,50,4,flatten_T400_aug,0.45202058314448534,0.2222600333990258,-2.2144571004718596
ours+all,5,50,4,CQCC-GMM,0.3486094947910473,0.17141245519500845,-2.2144571004718596
ours+all,5,50,4,LFCC-GMM,0.32928183658884813,0.16190898097783407,-2.2144571004718596
ours+all,5,50,4,LFCC-LCNN,0.01671305915851315,0.008217867117753939,-2.2144571004718596
ours+all,5,50,4,RawNet2,-0.06909259750625833,-0.03397306140914785,-2.2144571004718596
ours,5,51,0,timepool_T150_aug,1.1830236911773682,1.0,-2.030332088470459
ours,5,51,1,timepool_T150_aug,1.1766681671142578,1.0,-1.960325837135315
ours,5,51,2,timepool_T150_aug,1.098882794380188,1.0,-2.073817253112793
ours,5,51,3,timepool_T150_aug,1.1698458194732666,1.0,-2.0294201374053955
ours,5,51,4,timepool_T150_aug,1.216077208518982,1.0,-1.9931483268737793
ours+2GMM,5,51,0,timepool_T150_aug,1.0982033088312362,0.605449071720871,-2.1401063199072943
ours+2GMM,5,51,0,CQCC-GMM,0.3885029188846134,0.21418505089906328,-2.1401063199072943
ours+2GMM,5,51,0,LFCC-GMM,0.32715947978256527,0.18036587738006574,-2.1401063199072943
ours+2GMM,5,51,1,timepool_T150_aug,1.0682678590639383,0.596730858563404,-2.069841542576367
ours+2GMM,5,51,1,CQCC-GMM,0.4389605862164403,0.24520191753962878,-2.069841542576367
ours+2GMM,5,51,1,LFCC-GMM,0.2829720173464966,0.15806722389696723,-2.069841542576367
ours+2GMM,5,51,2,timepool_T150_aug,1.011726109506185,0.5964716701453547,-2.1848485944745013
ours+2GMM,5,51,2,CQCC-GMM,0.42010641138067395,0.2476772819051876,-2.1848485944745013
ours+2GMM,5,51,2,LFCC-GMM,0.2643521600379474,0.1558510479494576,-2.1848485944745013
ours+2GMM,5,51,3,timepool_T150_aug,1.0711312123147285,0.5960596456815213,-2.13945108295027
ours+2GMM,5,51,3,CQCC-GMM,0.3755192461978198,0.2089677401441424,-2.13945108295027
ours+2GMM,5,51,3,LFCC-GMM,0.35036972239572484,0.19497261417433634,-2.13945108295027
ours+2GMM,5,51,4,timepool_T150_aug,1.1317562631865092,0.597042654834301,-2.113091207157936
ours+2GMM,5,51,4,CQCC-GMM,0.38052349963567317,0.20074000722528504,-2.113091207157936
ours+2GMM,5,51,4,LFCC-GMM,0.3833239331995179,0.20221733794041394,-2.113091207157936
ours+4base,5,51,0,timepool_T150_aug,1.07406183647537,0.5505799542405486,-2.1461883938148456
ours+4base,5,51,0,CQCC-GMM,0.39383084086962045,0.20188350333354835,-2.1461883938148456
ours+4base,5,51,0,LFCC-GMM,0.31162144411455145,0.15974175286219458,-2.1461883938148456
ours+4base,5,51,0,LFCC-LCNN,0.13370534270751236,0.06853933262464182,-2.1461883938148456
ours+4base,5,51,0,RawNet2,-0.03756321181484651,-0.01925545693906655,-2.1461883938148456
ours+4base,5,51,1,timepool_T150_aug,1.0428436837516781,0.5135005084070873,-2.0803411332943917
ours+4base,5,51,1,CQCC-GMM,0.4482293235381116,0.22070995788338327,-2.0803411332943917
ours+4base,5,51,1,LFCC-GMM,0.27157647414499286,0.13372537007959187,-2.0803411332943917
ours+4base,5,51,1,LFCC-LCNN,0.18248365437130634,0.08985570009739076,-2.0803411332943917
ours+4base,5,51,1,RawNet2,-0.08571915485015281,-0.04220846353254665,-2.0803411332943917
ours+4base,5,51,2,timepool_T150_aug,0.9933647739718087,0.5239032478287611,-2.190826015549033
ours+4base,5,51,2,CQCC-GMM,0.4339016494422149,0.2288408944401367,-2.190826015549033
ours+4base,5,51,2,LFCC-GMM,0.2610257158714743,0.13766566310290135,-2.190826015549033
ours+4base,5,51,2,LFCC-LCNN,0.112476065983675,0.05932017906799832,-2.190826015549033
ours+4base,5,51,2,RawNet2,-0.09531619216233933,-0.05027001556020252,-2.190826015549033
ours+4base,5,51,3,timepool_T150_aug,1.0441302821399996,0.527912726493543,-2.1453113125405596
ours+4base,5,51,3,CQCC-GMM,0.38800874512069666,0.19617739092882705,-2.1453113125405596
ours+4base,5,51,3,LFCC-GMM,0.34186961802979987,0.17284942812837498,-2.1453113125405596
ours+4base,5,51,3,LFCC-LCNN,0.12724385913992634,0.06433455073292475,-2.1453113125405596
ours+4base,5,51,3,RawNet2,-0.07659388899758407,-0.03872590371633028,-2.1453113125405596
ours+4base,5,51,4,timepool_T150_aug,1.1178987599513373,0.5532209654615633,-2.115452628503228
ours+4base,5,51,4,CQCC-GMM,0.38642866391083674,0.19123416734095047,-2.115452628503228
ours+4base,5,51,4,LFCC-GMM,0.38372081797993357,0.18989412010779974,-2.115452628503228
ours+4base,5,51,4,LFCC-LCNN,0.07105520645502882,0.03516349720061671,-2.115452628503228
ours+4base,5,51,4,RawNet2,-0.06160586993821276,-0.030487249889069697,-2.115452628503228
ours+all,5,51,0,timepool_T150_aug,0.8132027527440695,0.4029582911661104,-2.185529458441935
ours+all,5,51,0,flatten_T400_aug,0.40478901452300836,0.20058108389893772,-2.185529458441935
ours+all,5,51,0,CQCC-GMM,0.3753163623517518,0.1859767930071675,-2.185529458441935
ours+all,5,51,0,LFCC-GMM,0.30173511186811164,0.1495158060556333,-2.185529458441935
ours+all,5,51,0,LFCC-LCNN,0.07464428711200206,0.036987742944140235,-2.185529458441935
ours+all,5,51,0,RawNet2,-0.04839417010680447,-0.023980282928010792,-2.185529458441935
ours+all,5,51,1,timepool_T150_aug,0.7156435777105925,0.33784619794722137,-2.136318550254483
ours+all,5,51,1,flatten_T400_aug,0.5193063727484741,0.24515790970150375,-2.136318550254483
ours+all,5,51,1,CQCC-GMM,0.42350990834050056,0.19993362168293868,-2.136318550254483
ours+all,5,51,1,LFCC-GMM,0.2630323078324727,0.1241741949571732,-2.136318550254483
ours+all,5,51,1,LFCC-LCNN,0.10622578208703749,0.05014783576607297,-2.136318550254483
ours+all,5,51,1,RawNet2,-0.0905346231875953,-0.04274023994509005,-2.136318550254483
ours+all,5,51,2,timepool_T150_aug,0.7172104645088702,0.3647819167402197,-2.236092141078264
ours+all,5,51,2,flatten_T400_aug,0.4439809706948682,0.2258140915402864,-2.236092141078264
ours+all,5,51,2,CQCC-GMM,0.4005337771025084,0.20371632339567733,-2.236092141078264
ours+all,5,51,2,LFCC-GMM,0.26029592329481227,0.1323896548053957,-2.236092141078264
ours+all,5,51,2,LFCC-LCNN,0.042465011476122576,0.021598218441030347,-2.236092141078264
ours+all,5,51,2,RawNet2,-0.10164877243318793,-0.05169979507739058,-2.236092141078264
ours+all,5,51,3,timepool_T150_aug,0.7787980369403197,0.37956290878421356,-2.185396370947841
ours+all,5,51,3,flatten_T400_aug,0.4132154486242635,0.2013888713055631,-2.185396370947841
ours+all,5,51,3,CQCC-GMM,0.37078450415063186,0.1807092959304813,-2.185396370947841
ours+all,5,51,3,LFCC-GMM,0.3360968863781077,0.16380358677864482,-2.185396370947841
ours+all,5,51,3,LFCC-LCNN,0.06936983143531052,0.033808784501950094,-2.185396370947841
ours+all,5,51,3,RawNet2,-0.08356390616522057,-0.040726552699147045,-2.185396370947841
ours+all,5,51,4,timepool_T150_aug,0.8444291295301068,0.4041627834284274,-2.156799663546499
ours+all,5,51,4,flatten_T400_aug,0.4298531474500847,0.20573738927690832,-2.156799663546499
ours+all,5,51,4,CQCC-GMM,0.35842503916100327,0.17155028931600746,-2.156799663546499
ours+all,5,51,4,LFCC-GMM,0.376493475915998,0.18019824973769827,-2.156799663546499
ours+all,5,51,4,LFCC-LCNN,0.013286500837360242,0.006359218284475572,-2.156799663546499
ours+all,5,51,4,RawNet2,-0.0668419678725889,-0.0319920699564828,-2.156799663546499
ours,5,52,0,timepool_T150_aug,1.175597071647644,1.0,-1.9915399551391602
ours,5,52,1,timepool_T150_aug,1.2043061256408691,1.0,-2.01031756401062
ours,5,52,2,timepool_T150_aug,1.12246572971344,1.0,-2.0309672355651855
ours,5,52,3,timepool_T150_aug,1.1791596412658691,1.0,-2.035741090774536
ours,5,52,4,timepool_T150_aug,1.1629250049591064,1.0,-2.025778293609619
ours+2GMM,5,52,0,timepool_T150_aug,1.07032470095751,0.607926851649806,-2.0968769633123445
ours+2GMM,5,52,0,CQCC-GMM,0.4397796851319534,0.24978763842657956,-2.0968769633123445
ours+2GMM,5,52,0,LFCC-GMM,0.25050990171973264,0.14228550992361436,-2.0968769633123445
ours+2GMM,5,52,1,timepool_T150_aug,1.1172122124640027,0.6065257953890765,-2.122880474773955
ours+2GMM,5,52,1,CQCC-GMM,0.45018199437214196,0.2444002931226478,-2.122880474773955
ours+2GMM,5,52,1,LFCC-GMM,0.2745921043104889,0.1490739114882758,-2.122880474773955
ours+2GMM,5,52,2,timepool_T150_aug,1.0152335470801943,0.5766233400997647,-2.147522048048694
ours+2GMM,5,52,2,CQCC-GMM,0.4127342361783551,0.23442112854047464,-2.147522048048694
ours+2GMM,5,52,2,LFCC-GMM,0.33268510135160756,0.18895553135976065,-2.147522048048694
ours+2GMM,5,52,3,timepool_T150_aug,1.0887607399592516,0.5927892860588003,-2.155504960515873
ours+2GMM,5,52,3,CQCC-GMM,0.36618337236809284,0.19937307794622508,-2.155504960515873
ours+2GMM,5,52,3,LFCC-GMM,0.3817300070683536,0.20783763599497457,-2.155504960515873
ours+2GMM,5,52,4,timepool_T150_aug,1.086452555742517,0.60651613243216,-2.1344699078290623
ours+2GMM,5,52,4,CQCC-GMM,0.34264621595797806,0.19128350943342964,-2.1344699078290623
ours+2GMM,5,52,4,LFCC-GMM,0.36220157077479576,0.20220035813441037,-2.1344699078290623
ours+4base,5,52,0,timepool_T150_aug,1.0549265242106918,0.5411789436418337,-2.1014940077218243
ours+4base,5,52,0,CQCC-GMM,0.453631050006628,0.2327134324633703,-2.1014940077218243
ours+4base,5,52,0,LFCC-GMM,0.2511263146969652,0.12882818906279325,-2.1014940077218243
ours+4base,5,52,0,LFCC-LCNN,0.0948053305271676,0.048635281651199055,-2.1014940077218243
ours+4base,5,52,0,RawNet2,-0.09482262390489411,-0.048644153180803486,-2.1014940077218243
ours+4base,5,52,1,timepool_T150_aug,1.0910174916595123,0.5338963645739507,-2.1312743649641157
ours+4base,5,52,1,CQCC-GMM,0.45595238364684165,0.22312320554787834,-2.1312743649641157
ours+4base,5,52,1,LFCC-GMM,0.2671102210543856,0.130712089450154,-2.1312743649641157
ours+4base,5,52,1,LFCC-LCNN,0.15610287774019332,0.07638993834851453,-2.1312743649641157
ours+4base,5,52,1,RawNet2,-0.073317532837608,-0.03587840207950242,-2.1312743649641157
ours+4base,5,52,2,timepool_T150_aug,0.9917648533431618,0.511283523716311,-2.1537062433637533
ours+4base,5,52,2,CQCC-GMM,0.4237015367387945,0.21843042126122805,-2.1537062433637533
ours+4base,5,52,2,LFCC-GMM,0.32416244775478764,0.1671151361997549,-2.1537062433637533
ours+4base,5,52,2,LFCC-LCNN,0.1280370388571791,0.06600680410525675,-2.1537062433637533
ours+4base,5,52,2,RawNet2,-0.0720892832893833,-0.03716411471744903,-2.1537062433637533
ours+4base,5,52,3,timepool_T150_aug,1.0676927091144675,0.5504276381506891,-2.1594666500764523
ours+4base,5,52,3,CQCC-GMM,0.36909199148797867,0.19027799984094645,-2.1594666500764523
ours+4base,5,52,3,LFCC-GMM,0.36962990374310156,0.19055530975380067,-2.1594666500764523
ours+4base,5,52,3,LFCC-LCNN,0.10380444767372059,0.05351430844739164,-2.1594666500764523
ours+4base,5,52,3,RawNet2,-0.02953221610685786,-0.015224743807172304,-2.1594666500764523
ours+4base,5,52,4,timepool_T150_aug,1.0621123323562207,0.5307344443790324,-2.141539173333663
ours+4base,5,52,4,CQCC-GMM,0.3533847106708497,0.17658531245359382,-2.141539173333663
ours+4base,5,52,4,LFCC-GMM,0.35455767164245616,0.17717143764071297,-2.141539173333663
ours+4base,5,52,4,LFCC-LCNN,0.1423737920609792,0.07114376994003004,-2.141539173333663
ours+4base,5,52,4,RawNet2,-0.08878385776735316,-0.044365035586630845,-2.141539173333663
ours+all,5,52,0,timepool_T150_aug,0.8124628621554865,0.4038880651359818,-2.1366390054266815
ours+all,5,52,0,flatten_T400_aug,0.38492087038993855,0.19135021773154962,-2.1366390054266815
ours+all,5,52,0,CQCC-GMM,0.4264710760755802,0.21200547837429917,-2.1366390054266815
ours+all,5,52,0,LFCC-GMM,0.2469102625496823,0.12274297429280352,-2.1366390054266815
ours+all,5,52,0,LFCC-LCNN,0.041138416204485904,0.020450553616084853,-2.1366390054266815
ours+all,5,52,0,RawNet2,-0.09970054920843997,-0.049562710849280926,-2.1366390054266815
ours+all,5,52,1,timepool_T150_aug,0.7744142567477573,0.3640811479842832,-2.1798679389149522
ours+all,5,52,1,flatten_T400_aug,0.48906107758540984,0.22992593048260956,-2.1798679389149522
ours+all,5,52,1,CQCC-GMM,0.4262333403563376,0.2003882579820035,-2.1798679389149522
ours+all,5,52,1,LFCC-GMM,0.26787517861995847,0.12593815480364584,-2.1798679389149522
ours+all,5,52,1,LFCC-LCNN,0.08385201983032858,0.03942197522142314,-2.1798679389149522
ours+all,5,52,1,RawNet2,-0.08560163219456159,-0.040244533526034694,-2.1798679389149522
ours+all,5,52,2,timepool_T150_aug,0.6826599182047659,0.33604159781047876,-2.2014755802109565
ours+all,5,52,2,flatten_T400_aug,0.47663045104183727,0.2346229126128149,-2.2014755802109565
ours+all,5,52,2,CQCC-GMM,0.40598331319517367,0.19984662584156054,-2.2014755802109565
ours+all,5,52,2,LFCC-GMM,0.31931749323706127,0.15718508993233826,-2.2014755802109565
ours+all,5,52,2,LFCC-LCNN,0.06586640990805287,0.03242295766499494,-2.2014755802109565
ours+all,5,52,2,RawNet2,-0.08101685880547735,-0.039880816137812754,-2.2014755802109565
ours+all,5,52,3,timepool_T150_aug,0.7945482768767843,0.3952903506925763,-2.2046047251691965
ours+all,5,52,3,flatten_T400_aug,0.4384083230365935,0.21810956590439354,-2.2046047251691965
ours+all,5,52,3,CQCC-GMM,0.3474330309447276,0.17284906234290884,-2.2046047251691965
ours+all,5,52,3,LFCC-GMM,0.3520053313176983,0.17512379664226174,-2.2046047251691965
ours+all,5,52,3,LFCC-LCNN,0.03650569148607668,0.01816170018834998,-2.2046047251691965
ours+all,5,52,3,RawNet2,-0.04113646331980233,-0.02046552422950964,-2.2046047251691965
ours+all,5,52,4,timepool_T150_aug,0.784412199117925,0.37967417041634394,-2.18805924172147
ours+all,5,52,4,flatten_T400_aug,0.4420012234066614,0.21393911008605376,-2.18805924172147
ours+all,5,52,4,CQCC-GMM,0.32839635932391015,0.15895165250395193,-2.18805924172147
ours+all,5,52,4,LFCC-GMM,0.34741844983177306,0.16815879696355987,-2.18805924172147
ours+all,5,52,4,LFCC-LCNN,0.07622842196386934,0.036896370178618416,-2.18805924172147
ours+all,5,52,4,RawNet2,-0.08755747172486496,-0.042379899851472023,-2.18805924172147
ours,5,53,0,timepool_T150_aug,1.1622275114059448,1.0,-1.984043836593628
ours,5,53,1,timepool_T150_aug,1.1583274602890015,1.0,-2.014927387237549
ours,5,53,2,timepool_T150_aug,1.204209804534912,1.0,-2.049706220626831
ours,5,53,3,timepool_T150_aug,1.1662375926971436,1.0,-2.0589611530303955
ours,5,53,4,timepool_T150_aug,1.148821234703064,1.0,-1.9856302738189697
ours+2GMM,5,53,0,timepool_T150_aug,1.0663157356474025,0.6017834556428296,-2.091330916155624
ours+2GMM,5,53,0,CQCC-GMM,0.400548628147031,0.2260526873430861,-2.091330916155624
ours+2GMM,5,53,0,LFCC-GMM,0.3050616099901997,0.17216385701408432,-2.091330916155624
ours+2GMM,5,53,1,timepool_T150_aug,1.071376115640714,0.5898359646823221,-2.1392843182374985
ours+2GMM,5,53,1,CQCC-GMM,0.4341185659819788,0.2389998614066137,-2.1392843182374985
ours+2GMM,5,53,1,LFCC-GMM,0.31090204524990983,0.17116417391106414,-2.1392843182374985
ours+2GMM,5,53,2,timepool_T150_aug,1.1105672269403664,0.6091819217679296,-2.1556959318076503
ours+2GMM,5,53,2,CQCC-GMM,0.37989818629813754,0.20838640074301168,-2.1556959318076503
ours+2GMM,5,53,2,LFCC-GMM,0.33258150797896724,0.1824316774890588,-2.1556959318076503
ours+2GMM,5,53,3,timepool_T150_aug,1.057574055254575,0.5883619369150741,-2.17743760978419
ours+2GMM,5,53,3,CQCC-GMM,0.4246353042955843,0.2362380666172182,-2.17743760978419
ours+2GMM,5,53,3,LFCC-GMM,0.3152795480424954,0.1753999964677077,-2.17743760978419
ours+2GMM,5,53,4,timepool_T150_aug,1.0693010908924985,0.6017583949187816,-2.0894451576189694
ours+2GMM,5,53,4,CQCC-GMM,0.3698451660938232,0.20813355135673745,-2.0894451576189694
ours+2GMM,5,53,4,LFCC-GMM,0.33781456303982926,0.19010805372448097,-2.0894451576189694
ours+4base,5,53,0,timepool_T150_aug,1.0471590349783557,0.5419435563838354,-2.096487573213148
ours+4base,5,53,0,CQCC-GMM,0.40750511723776417,0.21089898010096478,-2.096487573213148
ours+4base,5,53,0,LFCC-GMM,0.3011399500141295,0.15585106944455776,-2.096487573213148
ours+4base,5,53,0,LFCC-LCNN,0.10956759730806262,0.05670528674834072,-2.096487573213148
ours+4base,5,53,0,RawNet2,-0.06685726165759835,-0.03460110732230125,-2.096487573213148
ours+4base,5,53,1,timepool_T150_aug,1.0533498564346797,0.5244372629244713,-2.145662955432046
ours+4base,5,53,1,CQCC-GMM,0.4472207511522083,0.2226603300171755,-2.145662955432046
ours+4base,5,53,1,LFCC-GMM,0.29871874177455354,0.14872479296740052,-2.145662955432046
ours+4base,5,53,1,LFCC-LCNN,0.1278647007104002,0.06366072322085832,-2.145662955432046
ours+4base,5,53,1,RawNet2,-0.08137953612068152,-0.04051689087009425,-2.145662955432046
ours+4base,5,53,2,timepool_T150_aug,1.0875261692268043,0.54951909859976,-2.1603318825699915
ours+4base,5,53,2,CQCC-GMM,0.3870639830144207,0.19558062791053513,-2.1603318825699915
ours+4base,5,53,2,LFCC-GMM,0.3272636956873743,0.16536397573440537,-2.1603318825699915
ours+4base,5,53,2,LFCC-LCNN,0.11338940285812169,0.057294844218470815,-2.1603318825699915
ours+4base,5,53,2,RawNet2,-0.06380747192328164,-0.03224145353682861,-2.1603318825699915
ours+4base,5,53,3,timepool_T150_aug,1.0258404053711783,0.5087193295015013,-2.185736753568023
ours+4base,5,53,3,CQCC-GMM,0.4359318037547208,0.21618073703603052,-2.185736753568023
ours+4base,5,53,3,LFCC-GMM,0.3038091863051449,0.1506604777354506,-2.185736753568023
ours+4base,5,53,3,LFCC-LCNN,0.1655784591225379,0.0821111766154613,-2.185736753568023
ours+4base,5,53,3,RawNet2,-0.08535563027458144,-0.042328279111556136,-2.185736753568023
ours+4base,5,53,4,timepool_T150_aug,1.0489883953882417,0.5412863718677858,-2.0947172720268714
ours+4base,5,53,4,CQCC-GMM,0.37852085865188195,0.19531977966269576,-2.0947172720268714
ours+4base,5,53,4,LFCC-GMM,0.3310821808248273,0.17084104384435764,-2.0947172720268714
ours+4base,5,53,4,LFCC-LCNN,0.11408324954874399,0.058867865946478734,-2.0947172720268714
ours+4base,5,53,4,RawNet2,-0.06527988068750559,-0.03368493867868189,-2.0947172720268714
ours+all,5,53,0,timepool_T150_aug,0.7255862548124047,0.3596691394645068,-2.1499461019893973
ours+all,5,53,0,flatten_T400_aug,0.506095676301331,0.2508688597320096,-2.1499461019893973
ours+all,5,53,0,CQCC-GMM,0.37888036364877525,0.18780892478287986,-2.1499461019893973
ours+all,5,53,0,LFCC-GMM,0.29658500762919243,0.1470155667428475,-2.1499461019893973
ours+all,5,53,0,LFCC-LCNN,0.03807455567339631,0.01887334907975132,-2.1499461019893973
ours+all,5,53,0,RawNet2,-0.07214959585695016,-0.03576416019800485,-2.1499461019893973
ours+all,5,53,1,timepool_T150_aug,0.831075897922575,0.4026632439256414,-2.1781217361312017
ours+all,5,53,1,flatten_T400_aug,0.34765960007311864,0.16844399253697873,-2.1781217361312017
ours+all,5,53,1,CQCC-GMM,0.42706107812571004,0.20691467470339342,-2.1781217361312017
ours+all,5,53,1,LFCC-GMM,0.2931795310055248,0.14204794207409543,-2.1781217361312017
ours+all,5,53,1,LFCC-LCNN,0.07722717084101167,0.0374172120834847,-2.1781217361312017
ours+all,5,53,1,RawNet2,-0.08774447604172868,-0.042512934676406364,-2.1781217361312017
ours+all,5,53,2,timepool_T150_aug,0.856095452628968,0.4203569732668645,-2.192968965935192
ours+all,5,53,2,flatten_T400_aug,0.35839128018969424,0.17597602384540334,-2.192968965935192
ours+all,5,53,2,CQCC-GMM,0.37021432898810774,0.1817813356157504,-2.192968965935192
ours+all,5,53,2,LFCC-GMM,0.3164485754185538,0.15538146470590572,-2.192968965935192
ours+all,5,53,2,LFCC-LCNN,0.06374175588589856,0.031298252423406246,-2.192968965935192
ours+all,5,53,2,RawNet2,-0.07170013997481059,-0.03520595014266993,-2.192968965935192
ours+all,5,53,3,timepool_T150_aug,0.7117135434707167,0.33879902177183174,-2.2371837399456433
ours+all,5,53,3,flatten_T400_aug,0.49056968235224774,0.23352728076713664,-2.2371837399456433
ours+all,5,53,3,CQCC-GMM,0.4106239670807158,0.1954704946102229,-2.2371837399456433
ours+all,5,53,3,LFCC-GMM,0.30723912596116293,0.1462559147294876,-2.2371837399456433
ours+all,5,53,3,LFCC-LCNN,0.0938463915066462,0.04467396459004756,-2.2371837399456433
ours+all,5,53,3,RawNet2,-0.08670268050844279,-0.04127332353127365,-2.2371837399456433
ours+all,5,53,4,timepool_T150_aug,0.7272726176528311,0.35919011232927484,-2.1506688874921305
ours+all,5,53,4,flatten_T400_aug,0.5212356336378776,0.257431231771993,-2.1506688874921305
ours+all,5,53,4,CQCC-GMM,0.3471012970628273,0.17142863742623213,-2.1506688874921305
ours+all,5,53,4,LFCC-GMM,0.3171403679888028,0.15663133966144063,-2.1506688874921305
ours+all,5,53,4,LFCC-LCNN,0.03480102086795894,0.01718775365842615,-2.1506688874921305
ours+all,5,53,4,RawNet2,-0.07720584948579474,-0.038130925152633166,-2.1506688874921305
ours,5,54,0,timepool_T150_aug,1.1842546463012695,1.0,-2.030460834503174
ours,5,54,1,timepool_T150_aug,1.1827890872955322,1.0,-2.0281147956848145
ours,5,54,2,timepool_T150_aug,1.1697546243667603,1.0,-1.9983484745025635
ours,5,54,3,timepool_T150_aug,1.1530468463897705,1.0,-2.0197527408599854
ours,5,54,4,timepool_T150_aug,1.1489675045013428,1.0,-2.0175068378448486
ours+2GMM,5,54,0,timepool_T150_aug,1.0996954751638595,0.6083918437201632,-2.1425004909196304
ours+2GMM,5,54,0,CQCC-GMM,0.42349602701775113,0.2342935244387565,-2.1425004909196304
ours+2GMM,5,54,0,LFCC-GMM,0.28435323484099306,0.15731463184108022,-2.1425004909196304
ours+2GMM,5,54,1,timepool_T150_aug,1.0802442484689192,0.6071126089275853,-2.1312245883395975
ours+2GMM,5,54,1,CQCC-GMM,0.42017331657025,0.23614337108137837,-2.1312245883395975
ours+2GMM,5,54,1,LFCC-GMM,0.278896902464779,0.15674401999103632,-2.1312245883395975
ours+2GMM,5,54,2,timepool_T150_aug,1.0779959819631373,0.598680444922485,-2.110338289879015
ours+2GMM,5,54,2,CQCC-GMM,0.39526300934560715,0.21951495019999095,-2.110338289879015
ours+2GMM,5,54,2,LFCC-GMM,0.3273610073997693,0.18180460487752412,-2.110338289879015
ours+2GMM,5,54,3,timepool_T150_aug,1.0758257130414586,0.5979885459128641,-2.1342733739171207
ours+2GMM,5,54,3,CQCC-GMM,0.3717520105173841,0.206635184040175,-2.1342733739171207
ours+2GMM,5,54,3,LFCC-GMM,0.35149638980757353,0.19537627004696081,-2.1342733739171207
ours+2GMM,5,54,4,timepool_T150_aug,1.0373496542515144,0.5769227052420849,-2.1371271470732647
ours+2GMM,5,54,4,CQCC-GMM,0.4022777161370431,0.2237270213579498,-2.1371271470732647
ours+2GMM,5,54,4,LFCC-GMM,0.3584465220512071,0.19935027339996544,-2.1371271470732647
ours+4base,5,54,0,timepool_T150_aug,1.0819102204500064,0.5433998098695823,-2.147989183964351
ours+4base,5,54,0,CQCC-GMM,0.4381174096993875,0.22004868114858708,-2.147989183964351
ours+4base,5,54,0,LFCC-GMM,0.2792594108245763,0.14026072392887468,-2.147989183964351
ours+4base,5,54,0,LFCC-LCNN,0.10178213744491174,0.05112105708057728,-2.147989183964351
ours+4base,5,54,0,RawNet2,-0.08993302805901256,-0.04516972797237885,-2.147989183964351
ours+4base,5,54,1,timepool_T150_aug,1.044697081604055,0.5478205815208897,-2.1374974001865334
ours+4base,5,54,1,CQCC-GMM,0.4257937488664222,0.22327867399975102,-2.1374974001865334
ours+4base,5,54,1,LFCC-GMM,0.2608231194558496,0.13677100806580963,-2.1374974001865334
ours+4base,5,54,1,LFCC-LCNN,0.15247430329403622,0.07995481462366058,-2.1374974001865334
ours+4base,5,54,1,RawNet2,-0.02321764769652001,-0.012174921789889078,-2.1374974001865334
ours+4base,5,54,2,timepool_T150_aug,1.0605136272318936,0.5374033732873952,-2.115784365824771
ours+4base,5,54,2,CQCC-GMM,0.4040564976676214,0.20475109349800916,-2.115784365824771
ours+4base,5,54,2,LFCC-GMM,0.32079594079821744,0.16255974114340072,-2.115784365824771
ours+4base,5,54,2,LFCC-LCNN,0.11187487423997274,0.056691336404221526,-2.115784365824771
ours+4base,5,54,2,RawNet2,-0.07616242882891947,-0.03859445566697341,-2.115784365824771
ours+4base,5,54,3,timepool_T150_aug,1.0541911161874284,0.5337924034407171,-2.1386590060140516
ours+4base,5,54,3,CQCC-GMM,0.38220859157865356,0.19353231077521948,-2.1386590060140516
ours+4base,5,54,3,LFCC-GMM,0.3455520509511259,0.17497117643920274,-2.1386590060140516
ours+4base,5,54,3,LFCC-LCNN,0.11522798024941665,0.05834598639324892,-2.1386590060140516
ours+4base,5,54,3,RawNet2,-0.07772868871486227,-0.039358122951611785,-2.1386590060140516
ours+4base,5,54,4,timepool_T150_aug,1.0179745092810466,0.5023445224559672,-2.146891503990468
ours+4base,5,54,4,CQCC-GMM,0.4089360482188808,0.2017995362208318,-2.146891503990468
ours+4base,5,54,4,LFCC-GMM,0.35368858905691675,0.17453632065247404,-2.146891503990468
ours+4base,5,54,4,LFCC-LCNN,0.15333416869441596,0.07566651133865798,-2.146891503990468
ours+4base,5,54,4,RawNet2,-0.09251360270090424,-0.04565310933206891,-2.146891503990468
ours+all,5,54,0,timepool_T150_aug,0.8797296709847715,0.43142775818706847,-2.1750312172159516
ours+all,5,54,0,flatten_T400_aug,0.3149823251344338,0.15447031387401214,-2.1750312172159516
ours+all,5,54,0,CQCC-GMM,0.41707580783317044,0.20453792420812883,-2.1750312172159516
ours+all,5,54,0,LFCC-GMM,0.2727967214146308,0.13378209448017322,-2.1750312172159516
ours+all,5,54,0,LFCC-LCNN,0.0587172453911097,0.028795492958250977,-2.1750312172159516
ours+all,5,54,0,RawNet2,-0.09581058186736753,-0.04698641629236636,-2.1750312172159516
ours+all,5,54,1,timepool_T150_aug,0.781320532760587,0.39464491906552784,-2.176806577002052
ours+all,5,54,1,flatten_T400_aug,0.41463548179018583,0.20943233831911193,-2.176806577002052
ours+all,5,54,1,CQCC-GMM,0.40289705804168136,0.20350326171617447,-2.176806577002052
ours+all,5,54,1,LFCC-GMM,0.25143819224106334,0.12700140450214287,-2.176806577002052
ours+all,5,54,1,LFCC-LCNN,0.09467850984240019,0.047822105380978176,-2.176806577002052
ours+all,5,54,1,RawNet2,-0.034836615865384585,-0.017595971016064783,-2.176806577002052
ours+all,5,54,2,timepool_T150_aug,0.7306653909895231,0.35649454007293746,-2.1769005120829097
ours+all,5,54,2,flatten_T400_aug,0.5357769047844456,0.26140767526181036,-2.1769005120829097
ours+all,5,54,2,CQCC-GMM,0.37595053923653604,0.18342775807924303,-2.1769005120829097
ours+all,5,54,2,LFCC-GMM,0.30550597573275035,0.14905757635637418,-2.1769005120829097
ours+all,5,54,2,LFCC-LCNN,0.022489977571258757,0.010972949190406546,-2.1769005120829097
ours+all,5,54,2,RawNet2,-0.0791948906950767,-0.038639501039228426,-2.1769005120829097
ours+all,5,54,3,timepool_T150_aug,0.7456325587284761,0.36024813648318826,-2.1905305386520526
ours+all,5,54,3,flatten_T400_aug,0.48111555072898926,0.23244824619617563,-2.1905305386520526
ours+all,5,54,3,CQCC-GMM,0.35689046051879103,0.1724295993052794,-2.1905305386520526
ours+all,5,54,3,LFCC-GMM,0.34404294897610854,0.1662223970613347,-2.1905305386520526
ours+all,5,54,3,LFCC-LCNN,0.055541193062801295,0.026834412023326537,-2.1905305386520526
ours+all,5,54,3,RawNet2,-0.08655221036884592,-0.04181720893069531,-2.1905305386520526
ours+all,5,54,4,timepool_T150_aug,0.7104163897937864,0.33752582276703186,-2.196177769560748
ours+all,5,54,4,flatten_T400_aug,0.4815786018583558,0.22880273619027938,-2.196177769560748
ours+all,5,54,4,CQCC-GMM,0.38491839248723336,0.18287851883615575,-2.196177769560748
ours+all,5,54,4,LFCC-GMM,0.3530051334954883,0.16771621521659427,-2.196177769560748
ours+all,5,54,4,LFCC-LCNN,0.07945177094133613,0.0377483187923866,-2.196177769560748
ours+all,5,54,4,RawNet2,-0.09540612221750765,-0.04532838819755214,-2.196177769560748
ours,5,55,0,timepool_T150_aug,1.161511778831482,1.0,-2.016313076019287
ours,5,55,1,timepool_T150_aug,1.1409311294555664,1.0,-2.034698247909546
ours,5,55,2,timepool_T150_aug,1.1902188062667847,1.0,-2.042991876602173
ours,5,55,3,timepool_T150_aug,1.1995545625686646,1.0,-2.0475502014160156
ours,5,55,4,timepool_T150_aug,1.146035075187683,1.0,-1.9519259929656982
ours+2GMM,5,55,0,timepool_T150_aug,1.073282053194776,0.5953876222933673,-2.1299389858851416
ours+2GMM,5,55,0,CQCC-GMM,0.4054738398213136,0.22493072037752826,-2.1299389858851416
ours+2GMM,5,55,0,LFCC-GMM,0.32390511807549516,0.17968165732910452,-2.1299389858851416
ours+2GMM,5,55,1,timepool_T150_aug,1.0326270038223524,0.5742678529408544,-2.161717584392847
ours+2GMM,5,55,1,CQCC-GMM,0.46595050482691996,0.2591258944354467,-2.161717584392847
ours+2GMM,5,55,1,LFCC-GMM,0.2995851405991889,0.16660625262369894,-2.161717584392847
ours+2GMM,5,55,2,timepool_T150_aug,1.0785692883198712,0.5987973849466989,-2.1581500260852295
ours+2GMM,5,55,2,CQCC-GMM,0.413167147016937,0.22938109758810207,-2.1581500260852295
ours+2GMM,5,55,2,LFCC-GMM,0.30948934726389316,0.171821517465199,-2.1581500260852295
ours+2GMM,5,55,3,timepool_T150_aug,1.1124183412886446,0.6308135742039961,-2.138392163214958
ours+2GMM,5,55,3,CQCC-GMM,0.3311801400220703,0.18780068619750884,-2.138392163214958
ours+2GMM,5,55,3,LFCC-GMM,0.31986759928587116,0.1813857395984951,-2.138392163214958
ours+2GMM,5,55,4,timepool_T150_aug,1.0731037375029893,0.5905323410499078,-2.0658540129778484
ours+2GMM,5,55,4,CQCC-GMM,0.39726106771106545,0.2186140073179532,-2.0658540129778484
ours+2GMM,5,55,4,LFCC-GMM,0.34681549619859514,0.19085365163213894,-2.0658540129778484
ours+4base,5,55,0,timepool_T150_aug,1.0523122339671975,0.5371435562374228,-2.1353739597877657
ours+4base,5,55,0,CQCC-GMM,0.40816748602531494,0.20834551562474804,-2.1353739597877657
ours+4base,5,55,0,LFCC-GMM,0.3184027785113784,0.16252590746826717,-2.1353739597877657
ours+4base,5,55,0,LFCC-LCNN,0.11867081363870734,0.060574476663806144,-2.1353739597877657
ours+4base,5,55,0,RawNet2,-0.06153606303006975,-0.03141054400575581,-2.1353739597877657
ours+4base,5,55,1,timepool_T150_aug,1.0049518560533535,0.4851516529343006,-2.1721224008261153
ours+4base,5,55,1,CQCC-GMM,0.4858173362412681,0.23453370654710942,-2.1721224008261153
ours+4base,5,55,1,LFCC-GMM,0.2904010927038569,0.14019434790886479,-2.1721224008261153
ours+4base,5,55,1,LFCC-LCNN,0.16776975884640502,0.08099271156766853,-2.1721224008261153
ours+4base,5,55,1,RawNet2,-0.12247793437943122,-0.05912758104205661,-2.1721224008261153
ours+4base,5,55,2,timepool_T150_aug,1.05929811754869,0.5369012303128043,-2.1641423407931315
ours+4base,5,55,2,CQCC-GMM,0.42176404106073484,0.21376950340591938,-2.1641423407931315
ours+4base,5,55,2,LFCC-GMM,0.3002157617567348,0.15216321937726643,-2.1641423407931315
ours+4base,5,55,2,LFCC-LCNN,0.123116284300446,0.062401021409737516,-2.1641423407931315
ours+4base,5,55,2,RawNet2,-0.06859087665185515,-0.034765025494272274,-2.1641423407931315
ours+4base,5,55,3,timepool_T150_aug,1.091245519534396,0.5807487728913873,-2.1410983779658457
ours+4base,5,55,3,CQCC-GMM,0.3390227759636215,0.18042416449701543,-2.1410983779658457
ours+4base,5,55,3,LFCC-GMM,0.31324441890145005,0.166705208530626,-2.1410983779658457
ours+4base,5,55,3,LFCC-LCNN,0.09089226813190382,0.04837185787982912,-2.1410983779658457
ours+4base,5,55,3,RawNet2,-0.04462700250647353,-0.023749996201142216,-2.1410983779658457
ours+4base,5,55,4,timepool_T150_aug,1.050429096943183,0.5292376681364608,-2.0718041580253357
ours+4base,5,55,4,CQCC-GMM,0.4054860394965479,0.20429602210138442,-2.0718041580253357
ours+4base,5,55,4,LFCC-GMM,0.3378401427174497,0.17021399145833374,-2.0718041580253357
ours+4base,5,55,4,LFCC-LCNN,0.12962551601052702,0.06530922079751514,-2.0718041580253357
ours+4base,5,55,4,RawNet2,-0.06141575312396875,-0.030943097506305906,-2.0718041580253357
ours+all,5,55,0,timepool_T150_aug,0.805989166309513,0.3985378365972942,-2.171859430134585
ours+all,5,55,0,flatten_T400_aug,0.38796677592955664,0.1918381114954296,-2.171859430134585
ours+all,5,55,0,CQCC-GMM,0.38086229155189233,0.18832515381266304,-2.171859430134585
ours+all,5,55,0,LFCC-GMM,0.3138443410529151,0.15518675677025145,-2.171859430134585
ours+all,5,55,0,LFCC-LCNN,0.06826792092451361,0.03375647049802,-2.171859430134585
ours+all,5,55,0,RawNet2,-0.06543499201321556,-0.03235567082634167,-2.171859430134585
ours+all,5,55,1,timepool_T150_aug,0.698050698875298,0.32377786029485933,-2.2208267299133735
ours+all,5,55,1,flatten_T400_aug,0.47689405419283865,0.22119845550284575,-2.2208267299133735
ours+all,5,55,1,CQCC-GMM,0.4549262240900434,0.21100908525013481,-2.2208267299133735
ours+all,5,55,1,LFCC-GMM,0.29191508763856117,0.1353993952239911,-2.2208267299133735
ours+all,5,55,1,LFCC-LCNN,0.10503407606619299,0.04871810666696962,-2.2208267299133735
ours+all,5,55,1,RawNet2,-0.12913548327885918,-0.05989709706119913,-2.2208267299133735
ours+all,5,55,2,timepool_T150_aug,0.8302005403169701,0.4104588835402882,-2.1959042736452044
ours+all,5,55,2,flatten_T400_aug,0.3506346202018672,0.17335702369415756,-2.1959042736452044
ours+all,5,55,2,CQCC-GMM,0.40937560964655517,0.2023991162665293,-2.1959042736452044
ours+all,5,55,2,LFCC-GMM,0.29220947142903375,0.14447108569318196,-2.1959042736452044
ours+all,5,55,2,LFCC-LCNN,0.0676625574409827,0.03345299892734686,-2.1959042736452044
ours+all,5,55,2,RawNet2,-0.07253279928305824,-0.035860891878496094,-2.1959042736452044
ours+all,5,55,3,timepool_T150_aug,0.7700660923958795,0.39211292493939276,-2.2018357420297465
ours+all,5,55,3,flatten_T400_aug,0.5250302526788753,0.2673421802264564,-2.2018357420297465
ours+all,5,55,3,CQCC-GMM,0.3144280261896808,0.16010481989742448,-2.2018357420297465
ours+all,5,55,3,LFCC-GMM,0.2993404282465225,0.15242230768422602,-2.2018357420297465
ours+all,5,55,3,LFCC-LCNN,0.006445460916181983,0.003281989114159546,-2.2018357420297465
ours+all,5,55,3,RawNet2,-0.04857831201638577,-0.024735778138340738,-2.2018357420297465
ours+all,5,55,4,timepool_T150_aug,0.739394640172212,0.3556436360128313,-2.122754643554323
ours+all,5,55,4,flatten_T400_aug,0.49468736665423335,0.23794115375998376,-2.122754643554323
ours+all,5,55,4,CQCC-GMM,0.3772180868241984,0.1814392540588552,-2.122754643554323
ours+all,5,55,4,LFCC-GMM,0.3295414514188472,0.15850712681964774,-2.122754643554323
ours+all,5,55,4,LFCC-LCNN,0.05884837289174659,0.02830565461467927,-2.122754643554323
ours+all,5,55,4,RawNet2,-0.07934247654936014,-0.038163174734002776,-2.122754643554323
ours,5,56,0,timepool_T150_aug,1.1670290231704712,1.0,-1.9872853755950928
ours,5,56,1,timepool_T150_aug,1.229653000831604,1.0,-2.0251142978668213
ours,5,56,2,timepool_T150_aug,1.1248732805252075,1.0,-2.061196804046631
ours,5,56,3,timepool_T150_aug,1.161624550819397,1.0,-1.9939059019088745
ours,5,56,4,timepool_T150_aug,1.160142421722412,1.0,-2.0244810581207275
ours+2GMM,5,56,0,timepool_T150_aug,1.0915998766315047,0.610426973505916,-2.0921139393143413
ours+2GMM,5,56,0,CQCC-GMM,0.359306508609949,0.20092562238882394,-2.0921139393143413
ours+2GMM,5,56,0,LFCC-GMM,0.33734990750070404,0.18864740410526004,-2.0921139393143413
ours+2GMM,5,56,1,timepool_T150_aug,1.1503737276800727,0.6076674552721845,-2.138882989063012
ours+2GMM,5,56,1,CQCC-GMM,0.3731757939437527,0.19712444714144478,-2.138882989063012
ours+2GMM,5,56,1,LFCC-GMM,0.36954795743205215,0.19520809758637073,-2.138882989063012
ours+2GMM,5,56,2,timepool_T150_aug,1.0198201412448673,0.5681992109951008,-2.187570845170854
ours+2GMM,5,56,2,CQCC-GMM,0.42056399395999444,0.23431987649245686,-2.187570845170854
ours+2GMM,5,56,2,LFCC-GMM,0.3544443712600308,0.19748091251244224,-2.187570845170854
ours+2GMM,5,56,3,timepool_T150_aug,1.0558533590297916,0.5867581456113431,-2.1162855131100313
ours+2GMM,5,56,3,CQCC-GMM,0.4763924838117686,0.26474052290881434,-2.1162855131100313
ours+2GMM,5,56,3,LFCC-GMM,0.2672236096527012,0.1485013314798426,-2.1162855131100313
ours+2GMM,5,56,4,timepool_T150_aug,1.0613440744418936,0.6160634692069046,-2.1209726106427653
ours+2GMM,5,56,4,CQCC-GMM,0.3744410244758924,0.21734651571245472,-2.1209726106427653
ours+2GMM,5,56,4,LFCC-GMM,0.2869985548642267,0.16659001508064067,-2.1209726106427653
ours+4base,5,56,0,timepool_T150_aug,1.0750107226224457,0.5721070713656116,-2.0944627396928124
ours+4base,5,56,0,CQCC-GMM,0.3583844249835225,0.1907276453021779,-2.0944627396928124
ours+4base,5,56,0,LFCC-GMM,0.33116928922383004,0.17624409524203258,-2.0944627396928124
ours+4base,5,56,0,LFCC-LCNN,0.08465712465585268,0.045053447968354365,-2.0944627396928124
ours+4base,5,56,0,RawNet2,-0.02981608098992635,-0.015867740121823494,-2.0944627396928124
ours+4base,5,56,1,timepool_T150_aug,1.122181437449456,0.5302503135534877,-2.145795243609871
ours+4base,5,56,1,CQCC-GMM,0.3958492504759866,0.18704567922801615,-2.145795243609871
ours+4base,5,56,1,LFCC-GMM,0.36189548150139017,0.1710019308248856,-2.145795243609871
ours+4base,5,56,1,LFCC-LCNN,0.13016174853967083,0.06150369777341761,-2.145795243609871
ours+4base,5,56,1,RawNet2,-0.1062360308665009,-0.05019837862019289,-2.145795243609871
ours+4base,5,56,2,timepool_T150_aug,0.9981427736663715,0.4856514426955602,-2.1983407518197606
ours+4base,5,56,2,CQCC-GMM,0.43417664442659515,0.21125085440028693,-2.1983407518197606
ours+4base,5,56,2,LFCC-GMM,0.3506407057446383,0.17060601860309818,-2.1983407518197606
ours+4base,5,56,2,LFCC-LCNN,0.15796172964556923,0.07685708289132838,-2.1983407518197606
ours+4base,5,56,2,RawNet2,-0.11434389045506853,-0.055634601409726196,-2.1983407518197606
ours+4base,5,56,3,timepool_T150_aug,1.0343429512344084,0.5251940140592537,-2.1218531570207726
ours+4base,5,56,3,CQCC-GMM,0.48592607680587085,0.24673196303911824,-2.1218531570207726
ours+4base,5,56,3,LFCC-GMM,0.2591177736243369,0.1315686479822317,-2.1218531570207726
ours+4base,5,56,3,LFCC-LCNN,0.12538797989275982,0.06366652027363752,-2.1218531570207726
ours+4base,5,56,3,RawNet2,-0.06467445728659782,-0.03283885464575893,-2.1218531570207726
ours+4base,5,56,4,timepool_T150_aug,1.0351611199937616,0.5529879139235433,-2.1268287869742455
ours+4base,5,56,4,CQCC-GMM,0.3811012792433867,0.20358608658298932,-2.1268287869742455
ours+4base,5,56,4,LFCC-GMM,0.27304106495715336,0.14585981448668478,-2.1268287869742455
ours+4base,5,56,4,LFCC-LCNN,0.13493886957770898,0.07208497552093925,-2.1268287869742455
ours+4base,5,56,4,RawNet2,-0.047699337880661656,-0.02548120948584342,-2.1268287869742455
ours+all,5,56,0,timepool_T150_aug,0.7459436534977467,0.3770663047645963,-2.153585397403965
ours+all,5,56,0,flatten_T400_aug,0.531240024402469,0.2685359839248207,-2.153585397403965
ours+all,5,56,0,CQCC-GMM,0.32845375925147796,0.1660297593608647,-2.153585397403965
ours+all,5,56,0,LFCC-GMM,0.3199017778377699,0.1617068269048248,-2.153585397403965
ours+all,5,56,0,LFCC-LCNN,0.008783688903289438,0.004440058041160266,-2.153585397403965
ours+all,5,56,0,RawNet2,-0.043959546891179105,-0.022221067003733108,-2.153585397403965
ours+all,5,56,1,timepool_T150_aug,0.8379016666972211,0.38226169313802105,-2.1942325256537876
ours+all,5,56,1,flatten_T400_aug,0.4520250425368661,0.20621973313649872,-2.1942325256537876
ours+all,5,56,1,CQCC-GMM,0.37056832668991513,0.16905811459019032,-2.1942325256537876
ours+all,5,56,1,LFCC-GMM,0.35695581286774153,0.16284790784595538,-2.1942325256537876
ours+all,5,56,1,LFCC-LCNN,0.06608787053715535,0.030150150419199693,-2.1942325256537876
ours+all,5,56,1,RawNet2,-0.10841951697463968,-0.04946240087013498,-2.1942325256537876
ours+all,5,56,2,timepool_T150_aug,0.699456010479558,0.328753329776281,-2.24545455492631
ours+all,5,56,2,flatten_T400_aug,0.4714615426434849,0.2215929946748775,-2.24545455492631
ours+all,5,56,2,CQCC-GMM,0.4068853731762301,0.1912413636666572,-2.24545455492631
ours+all,5,56,2,LFCC-GMM,0.3422543861841828,0.16086396771605935,-2.24545455492631
ours+all,5,56,2,LFCC-LCNN,0.08588743165195199,0.04036819859786905,-2.24545455492631
ours+all,5,56,2,RawNet2,-0.12165655181357245,-0.05718014556825583,-2.24545455492631
ours+all,5,56,3,timepool_T150_aug,0.796611992898303,0.39187286688040374,-2.153475352680596
ours+all,5,56,3,flatten_T400_aug,0.37127488844990486,0.18263917218748196,-2.153475352680596
ours+all,5,56,3,CQCC-GMM,0.45896064367510464,0.22577393364099055,-2.153475352680596
ours+all,5,56,3,LFCC-GMM,0.26020711303959915,0.12800222477006876,-2.153475352680596
ours+all,5,56,3,LFCC-LCNN,0.07101636895398729,0.03493468381788253,-2.153475352680596
ours+all,5,56,3,RawNet2,-0.0747617309062965,-0.03677711870317249,-2.153475352680596
ours+all,5,56,4,timepool_T150_aug,0.7738686686995285,0.4003438863291739,-2.1657441413168907
ours+all,5,56,4,flatten_T400_aug,0.40124276495964684,0.20757409413583378,-2.1657441413168907
ours+all,5,56,4,CQCC-GMM,0.3665027773500688,0.189602127814962,-2.1657441413168907
ours+all,5,56,4,LFCC-GMM,0.2626565910321872,0.1358795938857504,-2.1657441413168907
ours+all,5,56,4,LFCC-LCNN,0.07892757383536149,0.04083143939769724,-2.1657441413168907
ours+all,5,56,4,RawNet2,-0.04981145673304512,-0.025768858436582588,-2.1657441413168907
ours,5,57,0,timepool_T150_aug,1.151917576789856,1.0,-2.0105926990509033
ours,5,57,1,timepool_T150_aug,1.1664345264434814,1.0,-1.986723780632019
ours,5,57,2,timepool_T150_aug,1.232686161994934,1.0,-2.0361392498016357
ours,5,57,3,timepool_T150_aug,1.1446712017059326,1.0,-1.9506936073303223
ours,5,57,4,timepool_T150_aug,1.1496471166610718,1.0,-2.106797695159912
ours+2GMM,5,57,0,timepool_T150_aug,1.0414380193845092,0.5852052918155772,-2.1256712332253938
ours+2GMM,5,57,0,CQCC-GMM,0.42763421412311586,0.24029639825723215,-2.1256712332253938
ours+2GMM,5,57,0,LFCC-GMM,0.3105391848264219,0.17449830992719068,-2.1256712332253938
ours+2GMM,5,57,1,timepool_T150_aug,1.0627461952041397,0.589110221157604,-2.1021657281069945
ours+2GMM,5,57,1,CQCC-GMM,0.43265435226288074,0.23983252285125917,-2.1021657281069945
ours+2GMM,5,57,1,LFCC-GMM,0.3085847799575131,0.17105725599113675,-2.1021657281069945
ours+2GMM,5,57,2,timepool_T150_aug,1.1528319227467567,0.6214137959857754,-2.137071617828815
ours+2GMM,5,57,2,CQCC-GMM,0.3360744139080564,0.1811550089476281,-2.137071617828815
ours+2GMM,5,57,2,LFCC-GMM,0.36626960278175796,0.19743119506659643,-2.137071617828815
ours+2GMM,5,57,3,timepool_T150_aug,1.0636952341550512,0.5918695123382164,-2.0638147184158084
ours+2GMM,5,57,3,CQCC-GMM,0.4276204675565907,0.23793988115365247,-2.0638147184158084
ours+2GMM,5,57,3,LFCC-GMM,0.30586291955718925,0.17019060650813111,-2.0638147184158084
ours+2GMM,5,57,4,timepool_T150_aug,1.0574141054690087,0.6019886017487416,-2.2211906946253848
ours+2GMM,5,57,4,CQCC-GMM,0.3883871179486925,0.2211097968732454,-2.2211906946253848
ours+2GMM,5,57,4,LFCC-GMM,0.3107338710961861,0.176901601378013,-2.2211906946253848
ours+4base,5,57,0,timepool_T150_aug,1.0192754482145259,0.5127556273133128,-2.133768349664478
ours+4base,5,57,0,CQCC-GMM,0.4336692550468132,0.21816119608055595,-2.133768349664478
ours+4base,5,57,0,LFCC-GMM,0.3044146175616375,0.15313849505998056,-2.133768349664478
ours+4base,5,57,0,LFCC-LCNN,0.1516023920975363,0.07626493878405499,-2.133768349664478
ours+4base,5,57,0,RawNet2,-0.07887692583851261,-0.039679742762095696,-2.133768349664478
ours+4base,5,57,1,timepool_T150_aug,1.0290921241506652,0.515230707621653,-2.1094446528772473
ours+4base,5,57,1,CQCC-GMM,0.4462596891267524,0.22342673703927105,-2.1094446528772473
ours+4base,5,57,1,LFCC-GMM,0.29491441256244094,0.14765341013349775,-2.1094446528772473
ours+4base,5,57,1,LFCC-LCNN,0.15800782610328115,0.07910903420832484,-2.1094446528772473
ours+4base,5,57,1,RawNet2,-0.06906832095431108,-0.03458011099725327,-2.1094446528772473
ours+4base,5,57,2,timepool_T150_aug,1.1346590089215196,0.562715526369816,-2.142311015826535
ours+4base,5,57,2,CQCC-GMM,0.3473310091932288,0.17225311756745207,-2.142311015826535
ours+4base,5,57,2,LFCC-GMM,0.3612266124148357,0.17914441408877857,-2.142311015826535
ours+4base,5,57,2,LFCC-LCNN,0.10266667769045992,0.05091585500399733,-2.142311015826535
ours+4base,5,57,2,RawNet2,-0.0705156638172457,-0.03497108696995588,-2.142311015826535
ours+4base,5,57,3,timepool_T150_aug,1.0456529038084392,0.5384928008534303,-2.0672463909131955
ours+4base,5,57,3,CQCC-GMM,0.4348462500639533,0.22393814839005804,-2.0672463909131955
ours+4base,5,57,3,LFCC-GMM,0.3003354771924083,0.1546674730400019,-2.0672463909131955
ours+4base,5,57,3,LFCC-LCNN,0.09656590172286413,0.049729736030273065,-2.0672463909131955
ours+4base,5,57,3,RawNet2,-0.06441354931563545,-0.03317184168623656,-2.0672463909131955
ours+4base,5,57,4,timepool_T150_aug,1.0387829915034923,0.5374839589313086,-2.226929646691543
ours+4base,5,57,4,CQCC-GMM,0.396443550518645,0.20512662487584557,-2.226929646691543
ours+4base,5,57,4,LFCC-GMM,0.30346486085574764,0.15701787201310524,-2.226929646691543
ours+4base,5,57,4,LFCC-LCNN,0.11718173690394952,0.06063182048680094,-2.226929646691543
ours+4base,5,57,4,RawNet2,-0.07680405782035574,-0.03973972369293953,-2.226929646691543
ours+all,5,57,0,timepool_T150_aug,0.7171908656188152,0.3471377372233401,-2.1815236679521077
ours+all,5,57,0,flatten_T400_aug,0.47643136141857007,0.23060431005681636,-2.1815236679521077
ours+all,5,57,0,CQCC-GMM,0.4091370264297812,0.19803222318869723,-2.1815236679521077
ours+all,5,57,0,LFCC-GMM,0.3017890844549722,0.1460732211166831,-2.1815236679521077
ours+all,5,57,0,LFCC-LCNN,0.07801870742093656,0.03776294268865994,-2.1815236679521077
ours+all,5,57,0,RawNet2,-0.08344534315559057,-0.040389565725803225,-2.1815236679521077
ours+all,5,57,1,timepool_T150_aug,0.6948585691677456,0.3310945541678407,-2.168483646922644
ours+all,5,57,1,flatten_T400_aug,0.5301645146069425,0.2526191535777399,-2.168483646922644
ours+all,5,57,1,CQCC-GMM,0.4128027762735602,0.196697223340346,-2.168483646922644
ours+all,5,57,1,LFCC-GMM,0.3010022789556235,0.143425179995524,-2.168483646922644
ours+all,5,57,1,LFCC-LCNN,0.08421928845475447,0.0401298177795489,-2.168483646922644
ours+all,5,57,1,RawNet2,-0.07562366338481617,-0.036034071139000395,-2.168483646922644
ours+all,5,57,2,timepool_T150_aug,0.8991193631926677,0.4331668426414284,-2.179114724218907
ours+all,5,57,2,flatten_T400_aug,0.373321852715655,0.17985448300843287,-2.179114724218907
ours+all,5,57,2,CQCC-GMM,0.3318196687469811,0.1598600632146041,-2.179114724218907
ours+all,5,57,2,LFCC-GMM,0.34401255564745953,0.16573420466631314,-2.179114724218907
ours+all,5,57,2,LFCC-LCNN,0.05022092268104629,0.024194828187263227,-2.179114724218907
ours+all,5,57,2,RawNet2,-0.07719397389323665,-0.037189578281958256,-2.179114724218907
ours+all,5,57,3,timepool_T150_aug,0.7187438941252364,0.355237016892547,-2.1183510362884115
ours+all,5,57,3,flatten_T400_aug,0.5114802845022672,0.2527975986315331,-2.1183510362884115
ours+all,5,57,3,CQCC-GMM,0.4025498588667922,0.19895906202917688,-2.1183510362884115
ours+all,5,57,3,LFCC-GMM,0.2910518458012689,0.14385150302994698,-2.1183510362884115
ours+all,5,57,3,LFCC-LCNN,0.02442421209409319,0.012071593672202702,-2.1183510362884115
ours+all,5,57,3,RawNet2,-0.07502974299116022,-0.03708322574459334,-2.1183510362884115
ours+all,5,57,4,timepool_T150_aug,0.8219992606992124,0.41376931060408956,-2.2583401059522856
ours+all,5,57,4,flatten_T400_aug,0.33822981962847287,0.1702545561590587,-2.2583401059522856
ours+all,5,57,4,CQCC-GMM,0.37775842321872505,0.19015204735968144,-2.2583401059522856
ours+all,5,57,4,LFCC-GMM,0.29807040993259404,0.15003953643994558,-2.2583401059522856
ours+all,5,57,4,LFCC-LCNN,0.06784146693372853,0.0341493214722132,-2.2583401059522856
ours+all,5,57,4,RawNet2,-0.08271306191441925,-0.041635227965011505,-2.2583401059522856
ours,5,58,0,timepool_T150_aug,1.1148141622543335,1.0,-2.07729434967041
ours,5,58,1,timepool_T150_aug,1.1759746074676514,1.0,-1.9925199747085571
ours,5,58,2,timepool_T150_aug,1.2416473627090454,1.0,-1.941846489906311
ours,5,58,3,timepool_T150_aug,1.1688876152038574,1.0,-2.0287156105041504
ours,5,58,4,timepool_T150_aug,1.1454542875289917,1.0,-2.045112133026123
ours+2GMM,5,58,0,timepool_T150_aug,1.0297563783751387,0.5929355064964578,-2.185944896120472
ours+2GMM,5,58,0,CQCC-GMM,0.38142117164801226,0.21962297136381267,-2.185944896120472
ours+2GMM,5,58,0,LFCC-GMM,0.32553136197938976,0.18744152213972948,-2.185944896120472
ours+2GMM,5,58,1,timepool_T150_aug,1.1029108635852989,0.6015739910047756,-2.110650244983396
ours+2GMM,5,58,1,CQCC-GMM,0.39389204654399784,0.2148452955610819,-2.110650244983396
ours+2GMM,5,58,1,LFCC-GMM,0.33657233560426314,0.18358071343414245,-2.110650244983396
ours+2GMM,5,58,2,timepool_T150_aug,1.1379606143221728,0.6078096737303031,-2.0539959224772817
ours+2GMM,5,58,2,CQCC-GMM,0.3976438124150195,0.21239026451615006,-2.0539959224772817
ours+2GMM,5,58,2,LFCC-GMM,0.3366273976399692,0.1798000617535468,-2.0539959224772817
ours+2GMM,5,58,3,timepool_T150_aug,1.0642565712188348,0.5829138120247526,-2.1492855228586336
ours+2GMM,5,58,3,CQCC-GMM,0.4241201025903112,0.2322987449108382,-2.1492855228586336
ours+2GMM,5,58,3,LFCC-GMM,0.33737620640162985,0.1847874430644092,-2.1492855228586336
ours+2GMM,5,58,4,timepool_T150_aug,1.0429912751814132,0.603177948663009,-2.146778737576974
ours+2GMM,5,58,4,CQCC-GMM,0.41216588023599826,0.23836188860390117,-2.146778737576974
ours+2GMM,5,58,4,LFCC-GMM,0.27400299954727997,0.1584601627330899,-2.146778737576974
ours+4base,5,58,0,timepool_T150_aug,1.0114082484710418,0.5288066884547209,-2.19069179768602
ours+4base,5,58,0,CQCC-GMM,0.3905782037369407,0.20421068031920295,-2.19069179768602
ours+4base,5,58,0,LFCC-GMM,0.3223229821358759,0.16852398529850712,-2.19069179768602
ours+4base,5,58,0,LFCC-LCNN,0.10535874324093872,0.05508597363845525,-2.19069179768602
ours+4base,5,58,0,RawNet2,-0.08295560451330644,-0.043372672289113796,-2.19069179768602
ours+4base,5,58,1,timepool_T150_aug,1.085136710446108,0.5551629289672338,-2.11505743857078
ours+4base,5,58,1,CQCC-GMM,0.3976945744755569,0.20346310531643644,-2.11505743857078
ours+4base,5,58,1,LFCC-GMM,0.3280956127156292,0.1678558282869502,-2.11505743857078
ours+4base,5,58,1,LFCC-LCNN,0.09960306828756715,0.050957571145037205,-2.11505743857078
ours+4base,5,58,1,RawNet2,-0.04409750256403991,-0.022560566284342227,-2.11505743857078
ours+4base,5,58,2,timepool_T150_aug,1.1174730774114614,0.5238803267283838,-2.063228575447733
ours+4base,5,58,2,CQCC-GMM,0.40959670744696225,0.19202221624993573,-2.063228575447733
ours+4base,5,58,2,LFCC-GMM,0.3309603027129475,0.15515684003861036,-2.063228575447733
ours+4base,5,58,2,LFCC-LCNN,0.16309812922682057,0.07646170897115392,-2.063228575447733
ours+4base,5,58,2,RawNet2,-0.11194115114323429,-0.05247890801191618,-2.063228575447733
ours+4base,5,58,3,timepool_T150_aug,1.0406718197605958,0.5186148586974141,-2.1545218269225472
ours+4base,5,58,3,CQCC-GMM,0.4378905082511464,0.21822107579875677,-2.1545218269225472
ours+4base,5,58,3,LFCC-GMM,0.3332603844010555,0.16607904997884856,-2.1545218269225472
ours+4base,5,58,3,LFCC-LCNN,0.11465035988625726,0.057135572485951885,-2.1545218269225472
ours+4base,5,58,3,RawNet2,-0.08016403481047353,-0.03994944303902875,-2.1545218269225472
ours+4base,5,58,4,timepool_T150_aug,1.0076132907940492,0.5315960454534134,-2.1546459633665944
ours+4base,5,58,4,CQCC-GMM,0.4239148349924066,0.22364874694478426,-2.1546459633665944
ours+4base,5,58,4,LFCC-GMM,0.2549188519511219,0.13448994256710223,-2.1546459633665944
ours+4base,5,58,4,LFCC-LCNN,0.1633532526579635,0.08618181589932492,-2.1546459633665944
ours+4base,5,58,4,RawNet2,-0.045648954021598465,-0.024083449135375135,-2.1546459633665944
ours+all,5,58,0,timepool_T150_aug,0.733871183442805,0.37035715432072197,-2.2367458375557905
ours+all,5,58,0,flatten_T400_aug,0.44568534959765604,0.22492061484832554,-2.2367458375557905
ours+all,5,58,0,CQCC-GMM,0.3653696032797066,0.1843882817569568,-2.2367458375557905
ours+all,5,58,0,LFCC-GMM,0.31328612930000094,0.15810371350375393,-2.2367458375557905
ours+all,5,58,0,LFCC-LCNN,0.03723500994246935,0.01879110753293598,-2.2367458375557905
ours+all,5,58,0,RawNet2,-0.08607562707659996,-0.043439128037305944,-2.2367458375557905
ours+all,5,58,1,timepool_T150_aug,0.7721925020838941,0.37891556559533524,-2.171312130960229
ours+all,5,58,1,flatten_T400_aug,0.49906365250636525,0.24489098980784757,-2.171312130960229
ours+all,5,58,1,CQCC-GMM,0.36763333207787247,0.18039801160986982,-2.171312130960229
ours+all,5,58,1,LFCC-GMM,0.3175998020753701,0.1558465127692742,-2.171312130960229
ours+all,5,58,1,LFCC-LCNN,0.027260843994605825,0.01337692103063184,-2.171312130960229
ours+all,5,58,1,RawNet2,-0.05415111016982014,-0.026571999187041413,-2.171312130960229
ours+all,5,58,2,timepool_T150_aug,0.8156922461752605,0.3696313180085628,-2.1082028277538893
ours+all,5,58,2,flatten_T400_aug,0.4636449324142627,0.21010091521631621,-2.1082028277538893
ours+all,5,58,2,CQCC-GMM,0.3863056234885104,0.1750545716643941,-2.1082028277538893
ours+all,5,58,2,LFCC-GMM,0.3282598626231366,0.14875110832502575,-2.1082028277538893
ours+all,5,58,2,LFCC-LCNN,0.09332047924598726,0.04228821826200558,-2.1082028277538893
ours+all,5,58,2,RawNet2,-0.11954940598153785,-0.05417386852369571,-2.1082028277538893
ours+all,5,58,3,timepool_T150_aug,0.7657644744877057,0.3671218239692753,-2.1964667743476984
ours+all,5,58,3,flatten_T400_aug,0.4342696467905203,0.2081969980794511,-2.1964667743476984
ours+all,5,58,3,CQCC-GMM,0.41119262311490334,0.1971334409338386,-2.1964667743476984
ours+all,5,58,3,LFCC-GMM,0.3306844720209643,0.1585363262090089,-2.1964667743476984
ours+all,5,58,3,LFCC-LCNN,0.05481517044920224,0.026279418838227826,-2.1964667743476984
ours+all,5,58,3,RawNet2,-0.08913292329254302,-0.042731991970198474,-2.1964667743476984
ours+all,5,58,4,timepool_T150_aug,0.7558565540487237,0.3853380308443841,-2.1902216219894934
ours+all,5,58,4,flatten_T400_aug,0.3892366328690528,0.19843405053360277,-2.1902216219894934
ours+all,5,58,4,CQCC-GMM,0.4078044428240855,0.20789997801261997,-2.1902216219894934
ours+all,5,58,4,LFCC-GMM,0.24718365281383392,0.12601499784847373,-2.1902216219894934
ours+all,5,58,4,LFCC-LCNN,0.11040583080678859,0.05628523720399431,-2.1902216219894934
ours+all,5,58,4,RawNet2,-0.05105442561416208,-0.02602770555692521,-2.1902216219894934
ours,5,59,0,timepool_T150_aug,1.1481742858886719,1.0,-2.03963303565979
ours,5,59,1,timepool_T150_aug,1.2261146306991577,1.0,-2.0553510189056396
ours,5,59,2,timepool_T150_aug,1.1646685600280762,1.0,-1.995718002319336
ours,5,59,3,timepool_T150_aug,1.1457093954086304,1.0,-2.0151402950286865
ours,5,59,4,timepool_T150_aug,1.1586891412734985,1.0,-1.9913690090179443
ours+2GMM,5,59,0,timepool_T150_aug,1.055022663886299,0.590783298910345,-2.155262386907835
ours+2GMM,5,59,0,CQCC-GMM,0.4160573531534012,0.23298052643385006,-2.155262386907835
ours+2GMM,5,59,0,LFCC-GMM,0.3147231121824841,0.1762361746558051,-2.155262386907835
ours+2GMM,5,59,1,timepool_T150_aug,1.1354189391688387,0.610182143186683,-2.164135683844935
ours+2GMM,5,59,1,CQCC-GMM,0.3635054298114481,0.19535038087766393,-2.164135683844935
ours+2GMM,5,59,1,LFCC-GMM,0.3618625318606664,0.194467475935653,-2.164135683844935
ours+2GMM,5,59,2,timepool_T150_aug,1.0652319819014855,0.5985238390271626,-2.1103579825065464
ours+2GMM,5,59,2,CQCC-GMM,0.43667705670041657,0.24535653532000923,-2.1103579825065464
ours+2GMM,5,59,2,LFCC-GMM,0.27785629811870033,0.1561196256528283,-2.1103579825065464
ours+2GMM,5,59,3,timepool_T150_aug,1.0607458728474932,0.5902653252927684,-2.128612635406161
ours+2GMM,5,59,3,CQCC-GMM,0.40511102038790814,0.22542910073931857,-2.128612635406161
ours+2GMM,5,59,3,LFCC-GMM,0.3312093198635452,0.184305573967913,-2.128612635406161
ours+2GMM,5,59,4,timepool_T150_aug,1.0624057596561114,0.6017713165207484,-2.098412246904355
ours+2GMM,5,59,4,CQCC-GMM,0.38834184874764166,0.21996584963603122,-2.098412246904355
ours+2GMM,5,59,4,LFCC-GMM,0.31471666430137646,0.17826283384322042,-2.098412246904355
ours+4base,5,59,0,timepool_T150_aug,1.0324657428055442,0.5133730231757075,-2.164481899719831
ours+4base,5,59,0,CQCC-GMM,0.42508047054675,0.21136279608130118,-2.164481899719831
ours+4base,5,59,0,LFCC-GMM,0.3110060797661742,0.1546415777067163,-2.164481899719831
ours+4base,5,59,0,LFCC-LCNN,0.1558625786016009,0.07749956231887827,-2.164481899719831
ours+4base,5,59,0,RawNet2,-0.08672653266995299,-0.04312304071739653,-2.164481899719831
ours+4base,5,59,1,timepool_T150_aug,1.1072304051309658,0.5450287698112753,-2.1700529960405013
ours+4base,5,59,1,CQCC-GMM,0.3757443052514268,0.18495830272160405,-2.1700529960405013
ours+4base,5,59,1,LFCC-GMM,0.35391804072601846,0.17421443039951792,-2.1700529960405013
ours+4base,5,59,1,LFCC-LCNN,0.12665565147653945,0.06234562706552372,-2.1700529960405013
ours+4base,5,59,1,RawNet2,-0.06795977911041497,-0.033452870002079006,-2.1700529960405013
ours+4base,5,59,2,timepool_T150_aug,1.050213497184677,0.5311254729854723,-2.115593336465705
ours+4base,5,59,2,CQCC-GMM,0.44804086800667686,0.22658813524563015,-2.115593336465705
ours+4base,5,59,2,LFCC-GMM,0.26946155950087725,0.13627505133476642,-2.115593336465705
ours+4base,5,59,2,LFCC-LCNN,0.11768601649917632,0.05951746130140395,-2.115593336465705
ours+4base,5,59,2,RawNet2,-0.09193401914466036,-0.04649387913272728,-2.115593336465705
ours+4base,5,59,3,timepool_T150_aug,1.0396824102071542,0.5227251143078295,-2.134553316967089
ours+4base,5,59,3,CQCC-GMM,0.4177086798480184,0.21001299558143233,-2.134553316967089
ours+4base,5,59,3,LFCC-GMM,0.32478470963307376,0.1632932545569919,-2.134553316967089
ours+4base,5,59,3,LFCC-LCNN,0.11827148371317255,0.05946380763622473,-2.134553316967089
ours+4base,5,59,3,RawNet2,-0.08851858364680519,-0.044504827917521514,-2.134553316967089
ours+4base,5,59,4,timepool_T150_aug,1.0386602181012012,0.5509879898085469,-2.102929854885968
ours+4base,5,59,4,CQCC-GMM,0.39004057080442434,0.2069085407393244,-2.102929854885968
ours+4base,5,59,4,LFCC-GMM,0.3030721563672116,0.16077357666493491,-2.102929854885968
ours+4base,5,59,4,LFCC-LCNN,0.11915355175938173,0.06320852076386506,-2.102929854885968
ours+4base,5,59,4,RawNet2,-0.034160360236860636,-0.018121372023328763,-2.102929854885968
ours+all,5,59,0,timepool_T150_aug,0.7786281080587912,0.3754336193180975,-2.2038065588427633
ours+all,5,59,0,flatten_T400_aug,0.4028382843454376,0.19423783129118818,-2.2038065588427633
ours+all,5,59,0,CQCC-GMM,0.40721353737835914,0.19634746111906257,-2.2038065588427633
ours+all,5,59,0,LFCC-GMM,0.29894783043158735,0.1441446369641581,-2.2038065588427633
ours+all,5,59,0,LFCC-LCNN,0.09460287814248826,0.045614974043887896,-2.2038065588427633
ours+all,5,59,0,RawNet2,-0.09171284457653345,-0.044221477263605626,-2.2038065588427633
ours+all,5,59,1,timepool_T150_aug,0.796088691635084,0.3751478389899801,-2.2248160579640897
ours+all,5,59,1,flatten_T400_aug,0.49480781186323025,0.2331726141651311,-2.2248160579640897
ours+all,5,59,1,CQCC-GMM,0.34477479542895684,0.1624712432200632,-2.2248160579640897
ours+all,5,59,1,LFCC-GMM,0.352974741899268,0.16633537573506296,-2.2248160579640897
ours+all,5,59,1,LFCC-LCNN,0.057761851090916375,0.027219622437183393,-2.2248160579640897
ours+all,5,59,1,RawNet2,-0.07565868796319522,-0.03565330545257936,-2.2248160579640897
ours+all,5,59,2,timepool_T150_aug,0.7531628941795921,0.36837273546031,-2.1630491260095215
ours+all,5,59,2,flatten_T400_aug,0.46400279710063175,0.22694423869006686,-2.1630491260095215
ours+all,5,59,2,CQCC-GMM,0.4187551455990885,0.2048135664469335,-2.1630491260095215
ours+all,5,59,2,LFCC-GMM,0.2666239672068584,0.13040605279188186,-2.1630491260095215
ours+all,5,59,2,LFCC-LCNN,0.04764605951424582,0.02330373603480032,-2.1630491260095215
ours+all,5,59,2,RawNet2,-0.09437655868304105,-0.046159670576007415,-2.1630491260095215
ours+all,5,59,3,timepool_T150_aug,0.7310333338497821,0.35151172162781297,-2.184063594351457
ours+all,5,59,3,flatten_T400_aug,0.48841022560040515,0.23484827751603643,-2.184063594351457
ours+all,5,59,3,CQCC-GMM,0.3913260849031796,0.18816611972779657,-2.184063594351457
ours+all,5,59,3,LFCC-GMM,0.3226114224416717,0.1551252060177221,-2.184063594351457
ours+all,5,59,3,LFCC-LCNN,0.04522617188580021,0.02174665477768728,-2.184063594351457
ours+all,5,59,3,RawNet2,-0.10107684828060144,-0.048602020332944695,-2.184063594351457
ours+all,5,59,4,timepool_T150_aug,0.7908218075153438,0.4063668930181833,-2.139752499386112
ours+all,5,59,4,flatten_T400_aug,0.3862781455190152,0.1984905428045398,-2.139752499386112
ours+all,5,59,4,CQCC-GMM,0.36823912198088443,0.18922111968215094,-2.139752499386112
ours+all,5,59,4,LFCC-GMM,0.29258688957847007,0.15034692281617468,-2.139752499386112
ours+all,5,59,4,LFCC-LCNN,0.06830921576019659,0.03510095891284741,-2.139752499386112
ours+all,5,59,4,RawNet2,-0.03984315698731046,-0.020473562766103827,-2.139752499386112
ours,5,60,0,timepool_T150_aug,1.1764878034591675,1.0,-1.992537260055542
ours,5,60,1,timepool_T150_aug,1.1811676025390625,1.0,-2.090376615524292
ours,5,60,2,timepool_T150_aug,1.1527018547058105,1.0,-1.956369161605835
ours,5,60,3,timepool_T150_aug,1.1490463018417358,1.0,-2.04768705368042
ours,5,60,4,timepool_T150_aug,1.1763954162597656,1.0,-2.0019030570983887
ours+2GMM,5,60,0,timepool_T150_aug,1.080179199930166,0.5965804693826734,-2.1038393135071463
ours+2GMM,5,60,0,CQCC-GMM,0.4172187955306101,0.2304289740896851,-2.1038393135071463
ours+2GMM,5,60,0,LFCC-GMM,0.3132197759320898,0.17299055652764145,-2.1038393135071463
ours+2GMM,5,60,1,timepool_T150_aug,1.077801942235235,0.6057968026070939,-2.2031225941672345
ours+2GMM,5,60,1,CQCC-GMM,0.4060193403634887,0.22821003428397965,-2.2031225941672345
ours+2GMM,5,60,1,LFCC-GMM,0.2953263418140004,0.1659931631089265,-2.2031225941672345
ours+2GMM,5,60,2,timepool_T150_aug,1.069144551379959,0.6026405452653424,-2.0566772015429136
ours+2GMM,5,60,2,CQCC-GMM,0.3555942106995861,0.20043640380770178,-2.0566772015429136
ours+2GMM,5,60,2,LFCC-GMM,0.34936117158690805,0.19692305092695594,-2.0566772015429136
ours+2GMM,5,60,3,timepool_T150_aug,1.057557391133552,0.5814946064970266,-2.1723809337655893
ours+2GMM,5,60,3,CQCC-GMM,0.40595199076682026,0.22321142578807465,-2.1723809337655893
ours+2GMM,5,60,3,LFCC-GMM,0.35517883862220223,0.19529396771489868,-2.1723809337655893
ours+2GMM,5,60,4,timepool_T150_aug,1.0841391508802047,0.6003896792803015,-2.1155181058174404
ours+2GMM,5,60,4,CQCC-GMM,0.4384857084963299,0.24283072304820513,-2.1155181058174404
ours+2GMM,5,60,4,LFCC-GMM,0.2831009688551947,0.1567795976714934,-2.1155181058174404
ours+4base,5,60,0,timepool_T150_aug,1.0541804692163788,0.5386522051152202,-2.108717755364181
ours+4base,5,60,0,CQCC-GMM,0.4279748640276704,0.21868134629145095,-2.108717755364181
ours+4base,5,60,0,LFCC-GMM,0.29859200688843657,0.15257088101792773,-2.108717755364181
ours+4base,5,60,0,LFCC-LCNN,0.11992942236315084,0.06128006513166209,-2.108717755364181
ours+4base,5,60,0,RawNet2,-0.05639397666690856,-0.02881550244373908,-2.108717755364181
ours+4base,5,60,1,timepool_T150_aug,1.0570627286016456,0.537222784570275,-2.2083178384129956
ours+4base,5,60,1,CQCC-GMM,0.4209116239761081,0.21391664711286584,-2.2083178384129956
ours+4base,5,60,1,LFCC-GMM,0.29033017145197554,0.14755224920145088,-2.2083178384129956
ours+4base,5,60,1,LFCC-LCNN,0.11235541002137588,0.057101517819161667,-2.2083178384129956
ours+4base,5,60,1,RawNet2,-0.08698320946744677,-0.044206801296246656,-2.2083178384129956
ours+4base,5,60,2,timepool_T150_aug,1.0474330614315748,0.531192175077253,-2.0625826607389275
ours+4base,5,60,2,CQCC-GMM,0.36512118334549193,0.1851665015070201,-2.0625826607389275
ours+4base,5,60,2,LFCC-GMM,0.3442288782788094,0.1745712383065434,-2.0625826607389275
ours+4base,5,60,2,LFCC-LCNN,0.13648475407589042,0.06921648366089155,-2.0625826607389275
ours+4base,5,60,2,RawNet2,-0.07858545688853054,-0.039853601448291906,-2.0625826607389275
ours+4base,5,60,3,timepool_T150_aug,1.0365448528924692,0.5246391845859502,-2.1789208997744973
ours+4base,5,60,3,CQCC-GMM,0.4113607430756235,0.20820706814146353,-2.1789208997744973
ours+4base,5,60,3,LFCC-GMM,0.34646496435029417,0.17536057014524126,-2.1789208997744973
ours+4base,5,60,3,LFCC-LCNN,0.12136402602855886,0.06142746594709732,-2.1789208997744973
ours+4base,5,60,3,RawNet2,-0.059994416263714344,-0.030365711180247796,-2.1789208997744973
ours+4base,5,60,4,timepool_T150_aug,1.0610397352041987,0.5295312059316181,-2.1226235603411303
ours+4base,5,60,4,CQCC-GMM,0.44334462258880897,0.2212592091073472,-2.1226235603411303
ours+4base,5,60,4,LFCC-GMM,0.2787151924790567,0.1390978934040527,-2.1226235603411303
ours+4base,5,60,4,LFCC-LCNN,0.1431991298435481,0.07146613401789245,-2.1226235603411303
ours+4base,5,60,4,RawNet2,-0.07743542151770631,-0.03864555753908954,-2.1226235603411303
ours+all,5,60,0,timepool_T150_aug,0.7020651150478875,0.34047596328628366,-2.1708886610882625
ours+all,5,60,0,flatten_T400_aug,0.5587641008398339,0.2709802002770926,-2.1708886610882625
ours+all,5,60,0,CQCC-GMM,0.4074813113021749,0.197613567478428,-2.1708886610882625
ours+all,5,60,0,LFCC-GMM,0.2857296909938624,0.1385684741991372,-2.1708886610882625
ours+all,5,60,0,LFCC-LCNN,0.03999366124888972,0.01939546638509769,-2.1708886610882625
ours+all,5,60,0,RawNet2,-0.06797692529945369,-0.032966328373960824,-2.1708886610882625
ours+all,5,60,1,timepool_T150_aug,0.8497477209288049,0.42152563226730355,-2.23787914954413
ours+all,5,60,1,flatten_T400_aug,0.3231904205756874,0.1603217555287995,-2.23787914954413
ours+all,5,60,1,CQCC-GMM,0.39868911316534483,0.19777361723479459,-2.23787914954413
ours+all,5,60,1,LFCC-GMM,0.29153900994171356,0.14462076504534785,-2.23787914954413
ours+all,5,60,1,LFCC-LCNN,0.06347177466772426,0.03148579194622156,-2.23787914954413
ours+all,5,60,1,RawNet2,-0.08924819842868827,-0.04427243797753306,-2.23787914954413
ours+all,5,60,2,timepool_T150_aug,0.7328259217441768,0.35634915199218986,-2.1154310480300396
ours+all,5,60,2,flatten_T400_aug,0.5015050319275868,0.24386540861145747,-2.1154310480300396
ours+all,5,60,2,CQCC-GMM,0.3383900663527918,0.1645479637243146,-2.1154310480300396
ours+all,5,60,2,LFCC-GMM,0.3401679804468071,0.16541250489421397,-2.1154310480300396
ours+all,5,60,2,LFCC-LCNN,0.06000978692842272,0.02918078638959575,-2.1154310480300396
ours+all,5,60,2,RawNet2,-0.08358406838160942,-0.04064418438822836,-2.1154310480300396
ours+all,5,60,3,timepool_T150_aug,0.8083018936454462,0.39832149431673725,-2.2117155568849847
ours+all,5,60,3,flatten_T400_aug,0.3580441344115192,0.17643986210020743,-2.2117155568849847
ours+all,5,60,3,CQCC-GMM,0.3918801409743121,0.1931138409709218,-2.2117155568849847
ours+all,5,60,3,LFCC-GMM,0.3359478528582643,0.1655510791388792,-2.2117155568849847
ours+all,5,60,3,LFCC-LCNN,0.06917681263948434,0.0340895049229155,-2.2117155568849847
ours+all,5,60,3,RawNet2,-0.06591925302166189,-0.032484218550338895,-2.2117155568849847
ours+all,5,60,4,timepool_T150_aug,0.7459971778436116,0.35650196599310363,-2.1749649802434727
ours+all,5,60,4,flatten_T400_aug,0.49537768157198375,0.23673429690445874,-2.1749649802434727
ours+all,5,60,4,CQCC-GMM,0.41281205624051903,0.19727730078122704,-2.1749649802434727
ours+all,5,60,4,LFCC-GMM,0.27097269622750686,0.12949418818821543,-2.1749649802434727
ours+all,5,60,4,LFCC-LCNN,0.07841787027806947,0.03747484005761824,-2.1749649802434727
ours+all,5,60,4,RawNet2,-0.08896968168211986,-0.0425174080753769,-2.1749649802434727
ours,5,61,0,timepool_T150_aug,1.1921730041503906,1.0,-2.0037217140197754
ours,5,61,1,timepool_T150_aug,1.120787262916565,1.0,-2.050861120223999
ours,5,61,2,timepool_T150_aug,1.1842666864395142,1.0,-2.039602279663086
ours,5,61,3,timepool_T150_aug,1.136738657951355,1.0,-2.0090482234954834
ours,5,61,4,timepool_T150_aug,1.2040807008743286,1.0,-1.987636923789978
ours+2GMM,5,61,0,timepool_T150_aug,1.0963091702496812,0.5930532645303511,-2.12220252732258
ours+2GMM,5,61,0,CQCC-GMM,0.43384157459777495,0.23468850675179612,-2.12220252732258
ours+2GMM,5,61,0,LFCC-GMM,0.3184339200019431,0.17225822871785282,-2.12220252732258
ours+2GMM,5,61,1,timepool_T150_aug,1.0149042193435691,0.5870183540376555,-2.1574413272296535
ours+2GMM,5,61,1,CQCC-GMM,0.41486508170422737,0.2399570449783214,-2.1574413272296535
ours+2GMM,5,61,1,LFCC-GMM,0.2991446457867621,0.1730246009840231,-2.1574413272296535
ours+2GMM,5,61,2,timepool_T150_aug,1.0949028666591998,0.6051701689122218,-2.1512533556726114
ours+2GMM,5,61,2,CQCC-GMM,0.36950872109106936,0.20423332696125296,-2.1512533556726114
ours+2GMM,5,61,2,LFCC-GMM,0.34483632780257506,0.19059650412652537,-2.1512533556726114
ours+2GMM,5,61,3,timepool_T150_aug,1.0337603926063015,0.5888705482646193,-2.12106499922055
ours+2GMM,5,61,3,CQCC-GMM,0.4037873134666417,0.23001312331566065,-2.12106499922055
ours+2GMM,5,61,3,LFCC-GMM,0.3179491440459103,0.18111632841972003,-2.12106499922055
ours+2GMM,5,61,4,timepool_T150_aug,1.1342798780231909,0.614500930864009,-2.099138121307833
ours+2GMM,5,61,4,CQCC-GMM,0.3884785520679245,0.21045990190928984,-2.099138121307833
ours+2GMM,5,61,4,LFCC-GMM,0.32309699673200626,0.17503916722670118,-2.099138121307833
ours+4base,5,61,0,timepool_T150_aug,1.0667830457892338,0.5176720590387374,-2.132957442419465
ours+4base,5,61,0,CQCC-GMM,0.43762701146885646,0.21236490119736248,-2.132957442419465
ours+4base,5,61,0,LFCC-GMM,0.3041520141948553,0.1475942086542477,-2.132957442419465
ours+4base,5,61,0,LFCC-LCNN,0.18087043513022594,0.0877700212265985,-2.132957442419465
ours+4base,5,61,0,RawNet2,-0.07129885251343071,-0.034598809883053944,-2.132957442419465
ours+4base,5,61,1,timepool_T150_aug,0.9924295096614124,0.5305844992832032,-2.1608229137720065
ours+4base,5,61,1,CQCC-GMM,0.42614467498891523,0.2278305479633889,-2.1608229137720065
ours+4base,5,61,1,LFCC-GMM,0.2918116818018552,0.15601184121041545,-2.1608229137720065
ours+4base,5,61,1,LFCC-LCNN,0.10134061325509915,0.05417992715609008,-2.1608229137720065
ours+4base,5,61,1,RawNet2,-0.05871924760315019,-0.03139318438690242,-2.1608229137720065
ours+4base,5,61,2,timepool_T150_aug,1.0752341847126976,0.5402376096907456,-2.1566177136168845
ours+4base,5,61,2,CQCC-GMM,0.3823385731240056,0.19210110669265434,-2.1566177136168845
ours+4base,5,61,2,LFCC-GMM,0.3428625018729055,0.1722668615803914,-2.1566177136168845
ours+4base,5,61,2,LFCC-LCNN,0.10639846300703053,0.053458541540925955,-2.1566177136168845
ours+4base,5,61,2,RawNet2,-0.08346492629486918,-0.04193588049528268,-2.1566177136168845
ours+4base,5,61,3,timepool_T150_aug,1.0106290630364874,0.5365185889740768,-2.126328294542847
ours+4base,5,61,3,CQCC-GMM,0.40755801913291484,0.2163627203568425,-2.126328294542847
ours+4base,5,61,3,LFCC-GMM,0.3072216179372495,0.16309654549492714,-2.126328294542847
ours+4base,5,61,3,LFCC-LCNN,0.12083577442366823,0.06414879757820274,-2.126328294542847
ours+4base,5,61,3,RawNet2,-0.03743501730051795,-0.019873347595950663,-2.126328294542847
ours+4base,5,61,4,timepool_T150_aug,1.1170052408503037,0.5374092295631224,-2.106074328014239
ours+4base,5,61,4,CQCC-GMM,0.4018734638368099,0.19334780239526808,-2.106074328014239
ours+4base,5,61,4,LFCC-GMM,0.31843261149601726,0.15320306311327472,-2.106074328014239
ours+4base,5,61,4,LFCC-LCNN,0.12815619735024467,0.061658012660089606,-2.106074328014239
ours+4base,5,61,4,RawNet2,-0.11303277898737973,-0.05438189226824515,-2.106074328014239
ours+all,5,61,0,timepool_T150_aug,0.7892629805830601,0.37148695054414127,-2.174791275567548
ours+all,5,61,0,flatten_T400_aug,0.4321772773384098,0.2034153669975907,-2.174791275567548
ours+all,5,61,0,CQCC-GMM,0.4095628129807314,0.192771286875884,-2.174791275567548
ours+all,5,61,0,LFCC-GMM,0.2969251116444976,0.13975545157750496,-2.174791275567548
ours+all,5,61,0,LFCC-LCNN,0.11749496589407125,0.055302031969156853,-2.174791275567548
ours+all,5,61,0,RawNet2,-0.07918171164105774,-0.03726891203572231,-2.174791275567548
ours+all,5,61,1,timepool_T150_aug,0.7557123031678568,0.3919142968351169,-2.1946332193809317
ours+all,5,61,1,flatten_T400_aug,0.37479420789482615,0.19436921673663587,-2.1946332193809317
ours+all,5,61,1,CQCC-GMM,0.40346424667922715,0.2092375707958767,-2.1946332193809317
ours+all,5,61,1,LFCC-GMM,0.2834482506217024,0.14699697406788687,-2.1946332193809317
ours+all,5,61,1,LFCC-LCNN,0.04876748786187284,0.02529094158409611,-2.1946332193809317
ours+all,5,61,1,RawNet2,-0.06207258814722403,-0.03219099998038757,-2.1946332193809317
ours+all,5,61,2,timepool_T150_aug,0.7880227317879086,0.3789282771504468,-2.206229000257576
ours+all,5,61,2,flatten_T400_aug,0.4585938539952735,0.22051924645872117,-2.206229000257576
ours+all,5,61,2,CQCC-GMM,0.3543973335159256,0.1704153517389212,-2.206229000257576
ours+all,5,61,2,LFCC-GMM,0.3420650416103499,0.16448525107482775,-2.206229000257576
ours+all,5,61,2,LFCC-LCNN,0.04478599981295024,0.021535776907193358,-2.206229000257576
ours+all,5,61,2,RawNet2,-0.0917442405593376,-0.0441160966698897,-2.206229000257576
ours+all,5,61,3,timepool_T150_aug,0.7488133328551112,0.38323231223427295,-2.1640340660356734
ours+all,5,61,3,flatten_T400_aug,0.40689922793154154,0.2082453999209407,-2.1640340660356734
ours+all,5,61,3,CQCC-GMM,0.39429902589644533,0.20179679070331713,-2.1640340660356734
ours+all,5,61,3,LFCC-GMM,0.2963486449075225,0.15166713976950277,-2.1640340660356734
ours+all,5,61,3,LFCC-LCNN,0.062041901603513,0.031752187579606135,-2.1640340660356734
ours+all,5,61,3,RawNet2,-0.04553888104204489,-0.023306169792360207,-2.1640340660356734
ours+all,5,61,4,timepool_T150_aug,0.7610149699029348,0.35062429278530144,-2.171188718709963
ours+all,5,61,4,flatten_T400_aug,0.5665993809259915,0.2610507218473039,-2.171188718709963
ours+all,5,61,4,CQCC-GMM,0.36828433711717184,0.1696805455247247,-2.171188718709963
ours+all,5,61,4,LFCC-GMM,0.31596967642049245,0.1455774836474849,-2.171188718709963
ours+all,5,61,4,LFCC-LCNN,0.03798993728727861,0.017503196942379423,-2.171188718709963
ours+all,5,61,4,RawNet2,-0.12059875326824558,-0.05556375925280547,-2.171188718709963
ours,10,42,0,timepool_T150_aug,1.14919114112854,1.0,-2.008169412612915
ours,10,42,1,timepool_T150_aug,1.1738935708999634,1.0,-2.0500025749206543
ours,10,42,2,timepool_T150_aug,1.1654739379882812,1.0,-1.9895997047424316
ours,10,42,3,timepool_T150_aug,1.1282556056976318,1.0,-2.075465202331543
ours,10,42,4,timepool_T150_aug,1.164872169494629,1.0,-1.989377737045288
ours,10,42,5,timepool_T150_aug,1.1757372617721558,1.0,-1.9962199926376343
ours,10,42,6,timepool_T150_aug,1.1700249910354614,1.0,-2.0486814975738525
ours,10,42,7,timepool_T150_aug,1.194516897201538,1.0,-1.986634612083435
ours,10,42,8,timepool_T150_aug,1.1683803796768188,1.0,-2.0272910594940186
ours,10,42,9,timepool_T150_aug,1.1839573383331299,1.0,-2.0094587802886963
ours+2GMM,10,42,0,timepool_T150_aug,1.041023835582547,0.5931546553965619,-2.120058187915469
ours+2GMM,10,42,0,CQCC-GMM,0.4380110066325816,0.2495699510604038,-2.120058187915469
ours+2GMM,10,42,0,LFCC-GMM,0.2760282363786926,0.15727539354303435,-2.120058187915469
ours+2GMM,10,42,1,timepool_T150_aug,1.0806478913471051,0.6058397952997749,-2.1549119893734394
ours+2GMM,10,42,1,CQCC-GMM,0.37887793654412744,0.21240899404648636,-2.1549119893734394
ours+2GMM,10,42,1,LFCC-GMM,0.3241930689705869,0.18175121065373867,-2.1549119893734394
ours+2GMM,10,42,2,timepool_T150_aug,1.0776550678005092,0.5971297183073031,-2.1027291925814096
ours+2GMM,10,42,2,CQCC-GMM,0.405891978799105,0.22490513913527097,-2.1027291925814096
ours+2GMM,10,42,2,LFCC-GMM,0.3211781827113003,0.17796514255742604,-2.1027291925814096
ours+2GMM,10,42,3,timepool_T150_aug,1.0263051865654855,0.5800199627611351,-2.1970981913607823
ours+2GMM,10,42,3,CQCC-GMM,0.4392566809114973,0.2482474482638794,-2.1970981913607823
ours+2GMM,10,42,3,LFCC-GMM,0.30386893224902667,0.1717325889749855,-2.1970981913607823
ours+2GMM,10,42,4,timepool_T150_aug,1.0642578579861317,0.5910823322037284,-2.1026537186029204
ours+2GMM,10,42,4,CQCC-GMM,0.41627172928666006,0.23119478304142754,-2.1026537186029204
ours+2GMM,10,42,4,LFCC-GMM,0.3199942991683171,0.17772288475484407,-2.1026537186029204
ours+2GMM,10,42,5,timepool_T150_aug,1.0897583086973688,0.5913838640914814,-2.1155953523548634
ours+2GMM,10,42,5,CQCC-GMM,0.3613040875704019,0.19607045499367537,-2.1155953523548634
ours+2GMM,10,42,5,LFCC-GMM,0.3916634115652169,0.21254568091484322,-2.1155953523548634
ours+2GMM,10,42,6,timepool_T150_aug,1.079933448599224,0.5992005333771151,-2.164842186247036
ours+2GMM,10,42,6,CQCC-GMM,0.4095987421223422,0.2272656570353026,-2.164842186247036
ours+2GMM,10,42,6,LFCC-GMM,0.31275834215343246,0.17353380958758244,-2.164842186247036
ours+2GMM,10,42,7,timepool_T150_aug,1.1042714633195576,0.6075986664286483,-2.0934707645037673
ours+2GMM,10,42,7,CQCC-GMM,0.40730056276886134,0.2241072842995155,-2.0934707645037673
ours+2GMM,10,42,7,LFCC-GMM,0.3058636009682688,0.16829404927183625,-2.0934707645037673
ours+2GMM,10,42,8,timepool_T150_aug,1.0768378860785153,0.607707891901037,-2.1310530617324925
ours+2GMM,10,42,8,CQCC-GMM,0.39712985888317265,0.22411818201505262,-2.1310530617324925
ours+2GMM,10,42,8,LFCC-GMM,0.2979985244081925,0.16817392608391027,-2.1310530617324925
ours+2GMM,10,42,9,timepool_T150_aug,1.1036925707348066,0.6029431338872472,-2.1217362336698287
ours+2GMM,10,42,9,CQCC-GMM,0.3760869968697685,0.20545492333606258,-2.1217362336698287
ours+2GMM,10,42,9,LFCC-GMM,0.3507289973062937,0.19160194277669026,-2.1217362336698287
ours+4base,10,42,0,timepool_T150_aug,1.0278759288052228,0.538630302702256,-2.1236623289455734
ours+4base,10,42,0,CQCC-GMM,0.44310390807001776,0.23219649905580467,-2.1236623289455734
ours+4base,10,42,0,LFCC-GMM,0.27463895399087607,0.14391704171327888,-2.1236623289455734
ours+4base,10,42,0,LFCC-LCNN,0.08912491837680621,0.04670347891054637,-2.1236623289455734
ours+4base,10,42,0,RawNet2,-0.0735706274152064,-0.038552677618114255,-2.1236623289455734
ours+4base,10,42,1,timepool_T150_aug,1.0550087757491553,0.5489291956693106,-2.159823381579633
ours+4base,10,42,1,CQCC-GMM,0.38761673806616564,0.20167997569833723,-2.159823381579633
ours+4base,10,42,1,LFCC-GMM,0.3140712664525422,0.16341370009383427,-2.159823381579633
ours+4base,10,42,1,LFCC-LCNN,0.1172897994336723,0.06102678645267378,-2.159823381579633
ours+4base,10,42,1,RawNet2,-0.047953051260852336,-0.024950342085843992,-2.159823381579633
ours+4base,10,42,2,timepool_T150_aug,1.052667564607509,0.522012331432223,-2.110285687043143
ours+4base,10,42,2,CQCC-GMM,0.41880188151332415,0.2076816593645926,-2.110285687043143
ours+4base,10,42,2,LFCC-GMM,0.3123800777065263,0.154907644292586,-2.110285687043143
ours+4base,10,42,2,LFCC-LCNN,0.14504646214716344,0.0719277808276229,-2.110285687043143
ours+4base,10,42,2,RawNet2,-0.08766090592753238,-0.04347058408297568,-2.110285687043143
ours+4base,10,42,3,timepool_T150_aug,1.0038783712283854,0.5111533746575481,-2.2045202369784773
ours+4base,10,42,3,CQCC-GMM,0.4488600792921909,0.22854994275702004,-2.2045202369784773
ours+4base,10,42,3,LFCC-GMM,0.2947494701740121,0.15008011993884715,-2.2045202369784773
ours+4base,10,42,3,LFCC-LCNN,0.13760106600305383,0.07006351691577135,-2.2045202369784773
ours+4base,10,42,3,RawNet2,-0.07885847212710478,-0.04015304573081337,-2.2045202369784773
ours+4base,10,42,4,timepool_T150_aug,1.041243381720638,0.5323785565921386,-2.1079158089200374
ours+4base,10,42,4,CQCC-GMM,0.4213046619029497,0.2154093574345604,-2.1079158089200374
ours+4base,10,42,4,LFCC-GMM,0.3116817820544434,0.1593601459170948,-2.1079158089200374
ours+4base,10,42,4,LFCC-LCNN,0.12511908597563842,0.06397228502308935,-2.1079158089200374
ours+4base,10,42,4,RawNet2,-0.056483773242290175,-0.02887965503311692,-2.1079158089200374
ours+4base,10,42,5,timepool_T150_aug,1.0696745022568324,0.536281881311632,-2.1203851576767914
ours+4base,10,42,5,CQCC-GMM,0.3687119073830918,0.18485391110680902,-2.1203851576767914
ours+4base,10,42,5,LFCC-GMM,0.38214200206136845,0.19158709622533232,-2.1203851576767914
ours+4base,10,42,5,LFCC-LCNN,0.11481224185099467,0.057561178589890266,-2.1203851576767914
ours+4base,10,42,5,RawNet2,-0.05927176863254401,-0.029715932766336488,-2.1203851576767914
ours+4base,10,42,6,timepool_T150_aug,1.058297514321622,0.5236529873975803,-2.172614882299815
ours+4base,10,42,6,CQCC-GMM,0.42369572086154067,0.20964759623283946,-2.172614882299815
ours+4base,10,42,6,LFCC-GMM,0.30794761738933857,0.15237462776359423,-2.172614882299815
ours+4base,10,42,6,LFCC-LCNN,0.13529117430816348,0.06694301615213491,-2.172614882299815
ours+4base,10,42,6,RawNet2,-0.09575809404099106,-0.047381772453851174,-2.172614882299815
ours+4base,10,42,7,timepool_T150_aug,1.0776127440479084,0.5421068762651265,-2.098909987369186
ours+4base,10,42,7,CQCC-GMM,0.4192044617895475,0.21088616718050987,-2.098909987369186
ours+4base,10,42,7,LFCC-GMM,0.29569486784107957,0.1487530859470149,-2.098909987369186
ours+4base,10,42,7,LFCC-LCNN,0.13023089742671923,0.0655143189305714,-2.098909987369186
ours+4base,10,42,7,RawNet2,-0.06508044753901186,-0.03273955167677719,-2.098909987369186
ours+4base,10,42,8,timepool_T150_aug,1.0469498160660105,0.5381519265744038,-2.138296584233522
ours+4base,10,42,8,CQCC-GMM,0.4038838970098161,0.2076039309170733,-2.138296584233522
ours+4base,10,42,8,LFCC-GMM,0.2854082564918104,0.14670521999654784,-2.138296584233522
ours+4base,10,42,8,LFCC-LCNN,0.15102160939736758,0.07762795198431574,-2.138296584233522
ours+4base,10,42,8,RawNet2,-0.058190417140426685,-0.029910970527659363,-2.138296584233522
ours+4base,10,42,9,timepool_T150_aug,1.0850285597190181,0.5322367622682385,-2.1278078274761123
ours+4base,10,42,9,CQCC-GMM,0.3882465686753348,0.19044576736950158,-2.1278078274761123
ours+4base,10,42,9,LFCC-GMM,0.34748980450153855,0.17045343812610458,-2.1278078274761123
ours+4base,10,42,9,LFCC-LCNN,0.11961041357588174,0.05867224294232226,-2.1278078274761123
ours+4base,10,42,9,RawNet2,-0.0982447501463962,-0.04819178929383295,-2.1278078274761123
ours+all,10,42,0,timepool_T150_aug,0.7590581046514169,0.3833423507060798,-2.1639508353759704
ours+all,10,42,0,flatten_T400_aug,0.4185806375177048,0.21139315233288308,-2.1639508353759704
ours+all,10,42,0,CQCC-GMM,0.4209184736671197,0.21257381505104733,-2.1639508353759704
ours+all,10,42,0,LFCC-GMM,0.2722539316909563,0.13749469444280818,-2.1639508353759704
ours+all,10,42,0,LFCC-LCNN,0.031442414455693964,0.015879165238418418,-2.1639508353759704
ours+all,10,42,0,RawNet2,-0.07785143620816332,-0.03931682222876327,-2.1639508353759704
ours+all,10,42,1,timepool_T150_aug,0.8128046256636728,0.4078883788532114,-2.1972733137195
ours+all,10,42,1,flatten_T400_aug,0.38434006066898924,0.1928727265136004,-2.1972733137195
ours+all,10,42,1,CQCC-GMM,0.3667375625171127,0.18403929445842102,-2.1972733137195
ours+all,10,42,1,LFCC-GMM,0.30589864870118216,0.15350860461729499,-2.1972733137195
ours+all,10,42,1,LFCC-LCNN,0.0635769785855525,0.03190472828137764,-2.1972733137195
ours+all,10,42,1,RawNet2,-0.059355493018291926,-0.029786267276094625,-2.1972733137195
ours+all,10,42,2,timepool_T150_aug,0.7783063215816864,0.3739502387560232,-2.152907293746268
ours+all,10,42,2,flatten_T400_aug,0.4325906262395903,0.20784537331929437,-2.152907293746268
ours+all,10,42,2,CQCC-GMM,0.38923838233130303,0.18701606548691296,-2.152907293746268
ours+all,10,42,2,LFCC-GMM,0.3057846612856765,0.14691933487489614,-2.152907293746268
ours+all,10,42,2,LFCC-LCNN,0.08146031671175104,0.039138966289770066,-2.152907293746268
ours+all,10,42,2,RawNet2,-0.09392955856056813,-0.04513002127310333,-2.152907293746268
ours+all,10,42,3,timepool_T150_aug,0.7417076292907646,0.36504535792192994,-2.244216319083541
ours+all,10,42,3,flatten_T400_aug,0.41384797702979503,0.20368306450422707,-2.244216319083541
ours+all,10,42,3,CQCC-GMM,0.4241255330598187,0.2087413569787567,-2.244216319083541
ours+all,10,42,3,LFCC-GMM,0.2879865489771128,0.14173799580378746,-2.244216319083541
ours+all,10,42,3,LFCC-LCNN,0.07789145032745225,0.038335742064608526,-2.244216319083541
ours+all,10,42,3,RawNet2,-0.08626406682857361,-0.04245648272669054,-2.244216319083541
ours+all,10,42,4,timepool_T150_aug,0.7593187071153152,0.3741145387427101,-2.1529549048426517
ours+all,10,42,4,flatten_T400_aug,0.44285701333834965,0.21819460751003167,-2.1529549048426517
ours+all,10,42,4,CQCC-GMM,0.40024951232101663,0.1972019921026803,-2.1529549048426517
ours+all,10,42,4,LFCC-GMM,0.30466003825286087,0.15010528334974374,-2.1529549048426517
ours+all,10,42,4,LFCC-LCNN,0.057557197996015615,0.028358295901080806,-2.1529549048426517
ours+all,10,42,4,RawNet2,-0.06499986903463159,-0.03202528239375348,-2.1529549048426517
ours+all,10,42,5,timepool_T150_aug,0.8016623904520699,0.388441256087823,-2.1620656946284735
ours+all,10,42,5,flatten_T400_aug,0.42256819215041025,0.20475317452413247,-2.1620656946284735
ours+all,10,42,5,CQCC-GMM,0.3485828487661688,0.1689039690998175,-2.1620656946284735
ours+all,10,42,5,LFCC-GMM,0.3707990115215408,0.1796686928400466,-2.1620656946284735
ours+all,10,42,5,LFCC-LCNN,0.054836347889742974,0.026570661299888106,-2.1620656946284735
ours+all,10,42,5,RawNet2,-0.06534432565160689,-0.031662246148292404,-2.1620656946284735
ours+all,10,42,6,timepool_T150_aug,0.7921159535769899,0.3795530107200116,-2.2135522410355093
ours+all,10,42,6,flatten_T400_aug,0.42190285043023334,0.20216042410082008,-2.2135522410355093
ours+all,10,42,6,CQCC-GMM,0.3950402710158468,0.18928885795397712,-2.2135522410355093
ours+all,10,42,6,LFCC-GMM,0.30371148870350545,0.1455274438131464,-2.2135522410355093
ours+all,10,42,6,LFCC-LCNN,0.07243067635288088,0.03470613254799275,-2.2135522410355093
ours+all,10,42,6,RawNet2,-0.1017693047578693,-0.04876413086405202,-2.2135522410355093
ours+all,10,42,7,timepool_T150_aug,0.7236549945358423,0.34546080103268434,-2.161642205198895
ours+all,10,42,7,flatten_T400_aug,0.5580482773588504,0.2664029217886502,-2.161642205198895
ours+all,10,42,7,CQCC-GMM,0.39136356970468417,0.1868304279056483,-2.161642205198895
ours+all,10,42,7,LFCC-GMM,0.29212448638643185,0.1394553479632204,-2.161642205198895
ours+all,10,42,7,LFCC-LCNN,0.054468971956173375,0.026002576953781366,-2.161642205198895
ours+all,10,42,7,RawNet2,-0.07509254140101186,-0.035847924356015345,-2.161642205198895
ours+all,10,42,8,timepool_T150_aug,0.7349442829776222,0.36423676561957663,-2.1889604705048247
ours+all,10,42,8,flatten_T400_aug,0.4895410036018749,0.2426154416327879,-2.1889604705048247
ours+all,10,42,8,CQCC-GMM,0.38156609685982373,0.1891033160054393,-2.1889604705048247
ours+all,10,42,8,LFCC-GMM,0.2739999194524928,0.1357937557348674,-2.1889604705048247
ours+all,10,42,8,LFCC-LCNN,0.074866227391898,0.03710353716731337,-2.1889604705048247
ours+all,10,42,8,RawNet2,-0.06284770472067337,-0.031147183840015358,-2.1889604705048247
ours+all,10,42,9,timepool_T150_aug,0.7849401356955914,0.370596076701787,-2.1786520081014373
ours+all,10,42,9,flatten_T400_aug,0.47567299087276155,0.22458087718273426,-2.1786520081014373
ours+all,10,42,9,CQCC-GMM,0.35910935141449996,0.1695473459554993,-2.1786520081014373
ours+all,10,42,9,LFCC-GMM,0.3445151317656892,0.1626569344471357,-2.1786520081014373
ours+all,10,42,9,LFCC-LCNN,0.0520254972723054,0.024562949836282898,-2.1786520081014373
ours+all,10,42,9,RawNet2,-0.10178450611462796,-0.04805581587656103,-2.1786520081014373
ours,10,43,0,timepool_T150_aug,1.179622769355774,1.0,-1.9985328912734985
ours,10,43,1,timepool_T150_aug,1.161902904510498,1.0,-2.0435686111450195
ours,10,43,2,timepool_T150_aug,1.1726683378219604,1.0,-2.0229461193084717
ours,10,43,3,timepool_T150_aug,1.1716264486312866,1.0,-2.0217998027801514
ours,10,43,4,timepool_T150_aug,1.2024924755096436,1.0,-1.9824589490890503
ours,10,43,5,timepool_T150_aug,1.190121054649353,1.0,-2.0605573654174805
ours,10,43,6,timepool_T150_aug,1.1453921794891357,1.0,-2.0052688121795654
ours,10,43,7,timepool_T150_aug,1.1513898372650146,1.0,-2.016533374786377
ours,10,43,8,timepool_T150_aug,1.1588764190673828,1.0,-1.9941092729568481
ours,10,43,9,timepool_T150_aug,1.1431078910827637,1.0,-2.03902006149292
ours+2GMM,10,43,0,timepool_T150_aug,1.1025787485548155,0.610559062472875,-2.104796615618053
ours+2GMM,10,43,0,CQCC-GMM,0.3357071118575881,0.18589966453634704,-2.104796615618053
ours+2GMM,10,43,0,LFCC-GMM,0.3675652297166522,0.20354127299077798,-2.104796615618053
ours+2GMM,10,43,1,timepool_T150_aug,1.0720757969783838,0.5918024132730109,-2.160804268020652
ours+2GMM,10,43,1,CQCC-GMM,0.40897390492317315,0.22575991789142202,-2.160804268020652
ours+2GMM,10,43,1,LFCC-GMM,0.33049376756350035,0.18243766883556709,-2.160804268020652
ours+2GMM,10,43,2,timepool_T150_aug,1.0786293133055755,0.6000815422641308,-2.1360860609413854
ours+2GMM,10,43,2,CQCC-GMM,0.415012037995725,0.2308866083524483,-2.1360860609413854
ours+2GMM,10,43,2,LFCC-GMM,0.30382988775042175,0.16903184938342095,-2.1360860609413854
ours+2GMM,10,43,3,timepool_T150_aug,1.0876334326793484,0.6080126646900939,-2.1302889769853337
ours+2GMM,10,43,3,CQCC-GMM,0.3779443811503041,0.21127979646759543,-2.1302889769853337
ours+2GMM,10,43,3,LFCC-GMM,0.3232557020539664,0.18070753884231078,-2.1302889769853337
ours+2GMM,10,43,4,timepool_T150_aug,1.1026044291136465,0.6039953731012178,-2.0921225667788756
ours+2GMM,10,43,4,CQCC-GMM,0.41874337911667464,0.22938331900820974,-2.0921225667788756
ours+2GMM,10,43,4,LFCC-GMM,0.30417019773107845,0.16662130789057258,-2.0921225667788756
ours+2GMM,10,43,5,timepool_T150_aug,1.0905966082311322,0.5988279047821455,-2.173230463675392
ours+2GMM,10,43,5,CQCC-GMM,0.40661310464915223,0.22326428642478552,-2.173230463675392
ours+2GMM,10,43,5,LFCC-GMM,0.32400903715090007,0.17790780879306897,-2.173230463675392
ours+2GMM,10,43,6,timepool_T150_aug,1.0482822063584034,0.5798949167915037,-2.124841631298785
ours+2GMM,10,43,6,CQCC-GMM,0.4248850926086561,0.2350404346556348,-2.124841631298785
ours+2GMM,10,43,6,LFCC-GMM,0.33454333274262366,0.18506464855286145,-2.124841631298785
ours+2GMM,10,43,7,timepool_T150_aug,1.059884612469018,0.600425558088118,-2.1255387027337598
ours+2GMM,10,43,7,CQCC-GMM,0.40277038337314797,0.22816977374058892,-2.1255387027337598
ours+2GMM,10,43,7,LFCC-GMM,0.3025673505281566,0.17140466817129313,-2.1255387027337598
ours+2GMM,10,43,8,timepool_T150_aug,1.059050631468447,0.5963948718806316,-2.1043357622958143
ours+2GMM,10,43,8,CQCC-GMM,0.4333399291413545,0.2440314974957078,-2.1043357622958143
ours+2GMM,10,43,8,LFCC-GMM,0.2833635268271139,0.15957363062366064,-2.1043357622958143
ours+2GMM,10,43,9,timepool_T150_aug,1.0473483295616932,0.5885550821113894,-2.1547214834982595
ours+2GMM,10,43,9,CQCC-GMM,0.4044110495970925,0.22725789671329177,-2.1547214834982595
ours+2GMM,10,43,9,LFCC-GMM,0.32776536099709497,0.18418702117531885,-2.1547214834982595
ours+4base,10,43,0,timepool_T150_aug,1.080081004947914,0.5544770705229825,-2.109209261492665
ours+4base,10,43,0,CQCC-GMM,0.34386855252422266,0.17653048870885762,-2.109209261492665
ours+4base,10,43,0,LFCC-GMM,0.3566980677580927,0.18311672806545967,-2.109209261492665
ours+4base,10,43,0,LFCC-LCNN,0.11505905761222288,0.05906743004432061,-2.109209261492665
ours+4base,10,43,0,RawNet2,-0.052220584788619,-0.0268082826583797,-2.109209261492665
ours+4base,10,43,1,timepool_T150_aug,1.048166846944786,0.5196975537331725,-2.167026249574193
ours+4base,10,43,1,CQCC-GMM,0.42406146506241205,0.21025632194704383,-2.167026249574193
ours+4base,10,43,1,LFCC-GMM,0.3235771932002815,0.16043464477072003,-2.167026249574193
ours+4base,10,43,1,LFCC-LCNN,0.12863835064494245,0.06378091077895756,-2.167026249574193
ours+4base,10,43,1,RawNet2,-0.0924346909397083,-0.04583056877010606,-2.167026249574193
ours+4base,10,43,2,timepool_T150_aug,1.0564329836059874,0.5254193318000577,-2.142422404774834
ours+4base,10,43,2,CQCC-GMM,0.42633281612093993,0.21203758955546453,-2.142422404774834
ours+4base,10,43,2,LFCC-GMM,0.2967290737979576,0.14757887542322404,-2.142422404774834
ours+4base,10,43,2,LFCC-LCNN,0.13495954945653912,0.06712243691355506,-2.142422404774834
ours+4base,10,43,2,RawNet2,-0.0961929203256946,-0.0478417663076988,-2.142422404774834
ours+4base,10,43,3,timepool_T150_aug,1.0648322625294728,0.5418870778769986,-2.136673599789559
ours+4base,10,43,3,CQCC-GMM,0.38650238135755877,0.19668886208315078,-2.136673599789559
ours+4base,10,43,3,LFCC-GMM,0.3166044485493449,0.1611182019031983,-2.136673599789559
ours+4base,10,43,3,LFCC-LCNN,0.12720109837632182,0.06473191499490451,-2.136673599789559
ours+4base,10,43,3,RawNet2,-0.06990438397447885,-0.03557394314174771,-2.136673599789559
ours+4base,10,43,4,timepool_T150_aug,1.0857928456487789,0.5193104635926746,-2.102131578055953
ours+4base,10,43,4,CQCC-GMM,0.43112516049647787,0.20619753377552932,-2.102131578055953
ours+4base,10,43,4,LFCC-GMM,0.3051284820148416,0.1459361369762721,-2.102131578055953
ours+4base,10,43,4,LFCC-LCNN,0.147266167725846,0.07043411838611766,-2.102131578055953
ours+4base,10,43,4,RawNet2,-0.12152302290451676,-0.05812174726940631,-2.102131578055953
ours+4base,10,43,5,timepool_T150_aug,1.0663480152015388,0.5441947083365398,-2.1776694144547077
ours+4base,10,43,5,CQCC-GMM,0.4138320493182992,0.2111929765598343,-2.1776694144547077
ours+4base,10,43,5,LFCC-GMM,0.31692776408034096,0.1617393286982919,-2.1776694144547077
ours+4base,10,43,5,LFCC-LCNN,0.11043656008406272,0.05635964126897035,-2.1776694144547077
ours+4base,10,43,5,RawNet2,-0.05195282594521396,-0.02651334513636363,-2.1776694144547077
ours+4base,10,43,6,timepool_T150_aug,1.0225672002927086,0.5169308581117178,-2.1309441694940476
ours+4base,10,43,6,CQCC-GMM,0.4352245823432066,0.22001587451424925,-2.1309441694940476
ours+4base,10,43,6,LFCC-GMM,0.32291966253022675,0.16324319634456663,-2.1309441694940476
ours+4base,10,43,6,LFCC-LCNN,0.1352416014511937,0.06836768974259755,-2.1309441694940476
ours+4base,10,43,6,RawNet2,-0.06219777229104912,-0.03144238128686876,-2.1309441694940476
ours+4base,10,43,7,timepool_T150_aug,1.0400595375427788,0.5315377590955201,-2.131369991087212
ours+4base,10,43,7,CQCC-GMM,0.4145463492171859,0.21186002296053055,-2.131369991087212
ours+4base,10,43,7,LFCC-GMM,0.29664181735396566,0.15160317381721436,-2.131369991087212
ours+4base,10,43,7,LFCC-LCNN,0.11949195644320006,0.06106812587653967,-2.131369991087212
ours+4base,10,43,7,RawNet2,-0.08595959503775685,-0.043930918250195225,-2.131369991087212
ours+4base,10,43,8,timepool_T150_aug,1.0348377806702647,0.5388682884061344,-2.1097276258063196
ours+4base,10,43,8,CQCC-GMM,0.4359855466803094,0.2270295786430036,-2.1097276258063196
ours+4base,10,43,8,LFCC-GMM,0.2740247922155548,0.1426921914915023,-2.1097276258063196
ours+4base,10,43,8,LFCC-LCNN,0.12633622571862335,0.06578672231370516,-2.1097276258063196
ours+4base,10,43,8,RawNet2,-0.049206597984724126,-0.025623219145654595,-2.1097276258063196
ours+4base,10,43,9,timepool_T150_aug,1.0257332445578473,0.533874857254094,-2.159891742738387
ours+4base,10,43,9,CQCC-GMM,0.41063118666069665,0.21372580768507518,-2.159891742738387
ours+4base,10,43,9,LFCC-GMM,0.3176167188699462,0.16531352702846253,-2.159891742738387
ours+4base,10,43,9,LFCC-LCNN,0.11817721185655564,0.061509015570419434,-2.159891742738387
ours+4base,10,43,9,RawNet2,-0.04914066650808984,-0.02557679246194887,-2.159891742738387
ours+all,10,43,0,timepool_T150_aug,0.7617890894060412,0.3746464630424123,-2.1659514379137534
ours+all,10,43,0,flatten_T400_aug,0.5097347823227045,0.25068662172070844,-2.1659514379137534
ours+all,10,43,0,CQCC-GMM,0.3197092650870915,0.15723242434485035,-2.1659514379137534
ours+all,10,43,0,LFCC-GMM,0.3445474359080214,0.16944779074470265,-2.1659514379137534
ours+all,10,43,0,LFCC-LCNN,0.03842329858011781,0.018896507066919827,-2.1659514379137534
ours+all,10,43,0,RawNet2,-0.059150676393440495,-0.029090193080406505,-2.1659514379137534
ours+all,10,43,1,timepool_T150_aug,0.7739515059987214,0.3697690783107973,-2.21101871123983
ours+all,10,43,1,flatten_T400_aug,0.43254859359670245,0.20665777317984638,-2.21101871123983
ours+all,10,43,1,CQCC-GMM,0.39843329283780154,0.1903585823130542,-2.21101871123983
ours+all,10,43,1,LFCC-GMM,0.31970626386148815,0.15274534593185005,-2.21101871123983
ours+all,10,43,1,LFCC-LCNN,0.0704112399427744,0.03364022047190525,-2.21101871123983
ours+all,10,43,1,RawNet2,-0.0980162405126592,-0.046828999792546816,-2.21101871123983
ours+all,10,43,2,timepool_T150_aug,0.7517149148632123,0.35822493352530893,-2.191824529946289
ours+all,10,43,2,flatten_T400_aug,0.4774261236068725,0.22751436483528997,-2.191824529946289
ours+all,10,43,2,CQCC-GMM,0.4002791560537894,0.19075047100140055,-2.191824529946289
ours+all,10,43,2,LFCC-GMM,0.2987325519335813,0.1423590864599594,-2.191824529946289
ours+all,10,43,2,LFCC-LCNN,0.06513202963406378,0.03103825203505055,-2.191824529946289
ours+all,10,43,2,RawNet2,-0.10515909118915664,-0.050112892142990625,-2.191824529946289
ours+all,10,43,3,timepool_T150_aug,0.770626014041436,0.3753290598528734,-2.1866543335173922
ours+all,10,43,3,flatten_T400_aug,0.4646171046520092,0.22628914402469963,-2.1866543335173922
ours+all,10,43,3,CQCC-GMM,0.3618713464493383,0.17624740117223786,-2.1866543335173922
ours+all,10,43,3,LFCC-GMM,0.3122607528030025,0.15208484095139777,-2.1866543335173922
ours+all,10,43,3,LFCC-LCNN,0.06443401843132826,0.03138222577452829,-2.1866543335173922
ours+all,10,43,3,RawNet2,-0.07939179831899047,-0.03866732822426289,-2.1866543335173922
ours+all,10,43,4,timepool_T150_aug,0.7843505303372091,0.3647561160537062,-2.1474498919968115
ours+all,10,43,4,flatten_T400_aug,0.46993917976814953,0.21854156192130125,-2.1474498919968115
ours+all,10,43,4,CQCC-GMM,0.4073568644507584,0.1894381427408412,-2.1474498919968115
ours+all,10,43,4,LFCC-GMM,0.2930226486012965,0.13626790457275284,-2.1474498919968115
ours+all,10,43,4,LFCC-LCNN,0.07419887667323163,0.034505610723868964,-2.1474498919968115
ours+all,10,43,4,RawNet2,-0.12147426816880565,-0.05649066398752958,-2.1474498919968115
ours+all,10,43,5,timepool_T150_aug,0.8296482998151438,0.40985461596879397,-2.2137432139826916
ours+all,10,43,5,flatten_T400_aug,0.37493816847352635,0.18522323144156358,-2.2137432139826916
ours+all,10,43,5,CQCC-GMM,0.3902761656371134,0.19280035651807265,-2.2137432139826916
ours+all,10,43,5,LFCC-GMM,0.3124075831053758,0.1543324924885909,-2.2137432139826916
ours+all,10,43,5,LFCC-LCNN,0.05820373674639283,0.028753232155669852,-2.2137432139826916
ours+all,10,43,5,RawNet2,-0.05877627420649146,-0.02903607142730912,-2.2137432139826916
ours+all,10,43,6,timepool_T150_aug,0.758170630573691,0.37081434073253977,-2.1700483894645592
ours+all,10,43,6,flatten_T400_aug,0.4171650672027399,0.20403162973271402,-2.1700483894645592
ours+all,10,43,6,CQCC-GMM,0.4091176033491407,0.2000956885565393,-2.1700483894645592
ours+all,10,43,6,LFCC-GMM,0.31527212719445263,0.15419672206043525,-2.1700483894645592
ours+all,10,43,6,LFCC-LCNN,0.0750931552138992,0.036727377349209826,-2.1700483894645592
ours+all,10,43,6,RawNet2,-0.06979120441530544,-0.034134241568562075,-2.1700483894645592
ours+all,10,43,7,timepool_T150_aug,0.7405166845587644,0.36379843547176194,-2.1797068484338777
ours+all,10,43,7,flatten_T400_aug,0.473196458093652,0.23247029366775707,-2.1797068484338777
ours+all,10,43,7,CQCC-GMM,0.3869755194291381,0.1901119738012075,-2.1797068484338777
ours+all,10,43,7,LFCC-GMM,0.2927509297400839,0.14382164837488498,-2.1797068484338777
ours+all,10,43,7,LFCC-LCNN,0.04735058464960064,0.023262228891523306,-2.1797068484338777
ours+all,10,43,7,RawNet2,-0.0947234826199183,-0.046535419792865296,-2.1797068484338777
ours+all,10,43,8,timepool_T150_aug,0.7345880722820161,0.36831601230800975,-2.1579875944356783
ours+all,10,43,8,flatten_T400_aug,0.4711746141053709,0.23624281623433613,-2.1579875944356783
ours+all,10,43,8,CQCC-GMM,0.40820285001380674,0.20466932639239732,-2.1579875944356783
ours+all,10,43,8,LFCC-GMM,0.26821624390583965,0.13448127068649912,-2.1579875944356783
ours+all,10,43,8,LFCC-LCNN,0.05920469263131996,0.02968471327358772,-2.1579875944356783
ours+all,10,43,8,RawNet2,-0.05306407423934006,-0.026605861105170023,-2.1579875944356783
ours+all,10,43,9,timepool_T150_aug,0.7846692379331651,0.39582847777023306,-2.1956931774783444
ours+all,10,43,9,flatten_T400_aug,0.37837938249368336,0.19087448284148553,-2.1956931774783444
ours+all,10,43,9,CQCC-GMM,0.39249224293455215,0.19799375271372774,-2.1956931774783444
ours+all,10,43,9,LFCC-GMM,0.30545658389349634,0.15408838371940434,-2.1956931774783444
ours+all,10,43,9,LFCC-LCNN,0.0626578603475572,0.03160792380116974,-2.1956931774783444
ours+all,10,43,9,RawNet2,-0.058691294525154564,-0.02960697915397968,-2.1956931774783444
ours,10,44,0,timepool_T150_aug,1.1717677116394043,1.0,-2.049635410308838
ours,10,44,1,timepool_T150_aug,1.1578314304351807,1.0,-2.013685703277588
ours,10,44,2,timepool_T150_aug,1.1390589475631714,1.0,-2.001340866088867
ours,10,44,3,timepool_T150_aug,1.151305913925171,1.0,-2.063771963119507
ours,10,44,4,timepool_T150_aug,1.189009189605713,1.0,-1.9744759798049927
ours,10,44,5,timepool_T150_aug,1.1941348314285278,1.0,-2.03529953956604
ours,10,44,6,timepool_T150_aug,1.1859012842178345,1.0,-2.0018088817596436
ours,10,44,7,timepool_T150_aug,1.1820279359817505,1.0,-1.9798513650894165
ours,10,44,8,timepool_T150_aug,1.160321831703186,1.0,-2.0225844383239746
ours,10,44,9,timepool_T150_aug,1.146299123764038,1.0,-2.040555477142334
ours+2GMM,10,44,0,timepool_T150_aug,1.0896403475393208,0.6024267159872978,-2.1619652245828154
ours+2GMM,10,44,0,CQCC-GMM,0.36635448439392626,0.20254548156100513,-2.1619652245828154
ours+2GMM,10,44,0,LFCC-GMM,0.3527568695140306,0.19502780245169704,-2.1619652245828154
ours+2GMM,10,44,1,timepool_T150_aug,1.0664343786912374,0.5959374100034458,-2.1263090452752182
ours+2GMM,10,44,1,CQCC-GMM,0.41106429705505554,0.2297080790217118,-2.1263090452752182
ours+2GMM,10,44,1,LFCC-GMM,0.31200867987528336,0.17435451097484242,-2.1263090452752182
ours+2GMM,10,44,2,timepool_T150_aug,1.0437472783086423,0.58236546610564,-2.1178883695828086
ours+2GMM,10,44,2,CQCC-GMM,0.4316360155915768,0.24083407414034794,-2.1178883695828086
ours+2GMM,10,44,2,LFCC-GMM,0.31687146544931355,0.176800459754012,-2.1178883695828086
ours+2GMM,10,44,3,timepool_T150_aug,1.0764268819327556,0.6101923413992167,-2.1690829883670877
ours+2GMM,10,44,3,CQCC-GMM,0.33792446641128276,0.1915586881343445,-2.1690829883670877
ours+2GMM,10,44,3,LFCC-GMM,0.34972664625095784,0.19824897046643872,-2.1690829883670877
ours+2GMM,10,44,4,timepool_T150_aug,1.0927811216533194,0.6087921825886502,-2.079401277918614
ours+2GMM,10,44,4,CQCC-GMM,0.3849211066434287,0.21444089396726787,-2.079401277918614
ours+2GMM,10,44,4,LFCC-GMM,0.3172963819132188,0.17676692344408199,-2.079401277918614
ours+2GMM,10,44,5,timepool_T150_aug,1.0902293546435116,0.603742311328357,-2.143562549071149
ours+2GMM,10,44,5,CQCC-GMM,0.41198169144963714,0.22814536919353187,-2.143562549071149
ours+2GMM,10,44,5,LFCC-GMM,0.3035748565791077,0.16811231947811114,-2.143562549071149
ours+2GMM,10,44,6,timepool_T150_aug,1.0906586011135737,0.5964847944279618,-2.1177507057910407
ours+2GMM,10,44,6,CQCC-GMM,0.417850793753695,0.2285239804272896,-2.1177507057910407
ours+2GMM,10,44,6,LFCC-GMM,0.3199673933122732,0.1749912251447487,-2.1177507057910407
ours+2GMM,10,44,7,timepool_T150_aug,1.0821723419101101,0.602198170526787,-2.089117833124669
ours+2GMM,10,44,7,CQCC-GMM,0.40924334429551995,0.22773229705726203,-2.089117833124669
ours+2GMM,10,44,7,LFCC-GMM,0.30562122767847283,0.1700695324159509,-2.089117833124669
ours+2GMM,10,44,8,timepool_T150_aug,1.0665451227687819,0.5893875485972042,-2.140240365037674
ours+2GMM,10,44,8,CQCC-GMM,0.4222824946481566,0.2333591322325571,-2.140240365037674
ours+2GMM,10,44,8,LFCC-GMM,0.32075442296931644,0.1772533191702386,-2.140240365037674
ours+2GMM,10,44,9,timepool_T150_aug,1.0483455787084683,0.5879260976841719,-2.157418776246617
ours+2GMM,10,44,9,CQCC-GMM,0.42949829613402407,0.2408683380142326,-2.157418776246617
ours+2GMM,10,44,9,LFCC-GMM,0.30528087984670854,0.1712055643015954,-2.157418776246617
ours+4base,10,44,0,timepool_T150_aug,1.066971093667481,0.5335589247832736,-2.1688030636294275
ours+4base,10,44,0,CQCC-GMM,0.37627955993471124,0.18816565754053738,-2.1688030636294275
ours+4base,10,44,0,LFCC-GMM,0.3450298643875484,0.17253866065664136,-2.1688030636294275
ours+4base,10,44,0,LFCC-LCNN,0.13468366627349312,0.067351095628791,-2.1688030636294275
ours+4base,10,44,0,RawNet2,-0.07676076476816733,-0.03838566139075658,-2.1688030636294275
ours+4base,10,44,1,timepool_T150_aug,1.0451912099051113,0.5244126195367335,-2.1324021180678425
ours+4base,10,44,1,CQCC-GMM,0.4235122770160662,0.21249239420615215,-2.1324021180678425
ours+4base,10,44,1,LFCC-GMM,0.30680004427226404,0.15393337923824515,-2.1324021180678425
ours+4base,10,44,1,LFCC-LCNN,0.12334723925001932,0.061888052860298456,-2.1324021180678425
ours+4base,10,44,1,RawNet2,-0.0942195161343756,-0.04727355415857082,-2.1324021180678425
ours+4base,10,44,2,timepool_T150_aug,1.0147457247234284,0.4996969866266818,-2.126413330589216
ours+4base,10,44,2,CQCC-GMM,0.44930802826282135,0.22125529807115052,-2.126413330589216
ours+4base,10,44,2,LFCC-GMM,0.3085717303487551,0.15195172549801034,-2.126413330589216
ours+4base,10,44,2,LFCC-LCNN,0.15697176406631624,0.07729849515827351,-2.126413330589216
ours+4base,10,44,2,RawNet2,-0.10112487396607041,-0.04979749464588377,-2.126413330589216
ours+4base,10,44,3,timepool_T150_aug,1.0524886770099846,0.5422275429881745,-2.1760964352171817
ours+4base,10,44,3,CQCC-GMM,0.3456642161711229,0.17808140147014917,-2.1760964352171817
ours+4base,10,44,3,LFCC-GMM,0.34002932542370623,0.17517838404894648,-2.1760964352171817
ours+4base,10,44,3,LFCC-LCNN,0.13513276554239523,0.06961852325614606,-2.1760964352171817
ours+4base,10,44,3,RawNet2,-0.06773115159462334,-0.034894148236583634,-2.1760964352171817
ours+4base,10,44,4,timepool_T150_aug,1.0727844918276215,0.5563528022786041,-2.083651023682929
ours+4base,10,44,4,CQCC-GMM,0.3911466929558612,0.2028511414788137,-2.083651023682929
ours+4base,10,44,4,LFCC-GMM,0.3086586748979427,0.16007233515700756,-2.083651023682929
ours+4base,10,44,4,LFCC-LCNN,0.10622281807710662,0.055087823279817316,-2.083651023682929
ours+4base,10,44,4,RawNet2,-0.04943229096260083,-0.0256358978057574,-2.083651023682929
ours+4base,10,44,5,timepool_T150_aug,1.066092469703344,0.5446654366411896,-2.1482223388068507
ours+4base,10,44,5,CQCC-GMM,0.42132790767335626,0.2152559513584074,-2.1482223388068507
ours+4base,10,44,5,LFCC-GMM,0.29433285043658125,0.15037432029277528,-2.1482223388068507
ours+4base,10,44,5,LFCC-LCNN,0.1157098890394382,0.059116051401156916,-2.1482223388068507
ours+4base,10,44,5,RawNet2,-0.05987141914732404,-0.030588240306470893,-2.1482223388068507
ours+4base,10,44,6,timepool_T150_aug,1.0702765353325836,0.5374051351980895,-2.1230951088427745
ours+4base,10,44,6,CQCC-GMM,0.4229007233695091,0.21234607404257266,-2.1230951088427745
ours+4base,10,44,6,LFCC-GMM,0.3156856772498978,0.15851146732826718,-2.1230951088427745
ours+4base,10,44,6,LFCC-LCNN,0.11703563575037305,0.0587657017388306,-2.1230951088427745
ours+4base,10,44,6,RawNet2,-0.06566508341246076,-0.032971621692240015,-2.1230951088427745
ours+4base,10,44,7,timepool_T150_aug,1.062450851932017,0.5313859732932416,-2.0959295363029717
ours+4base,10,44,7,CQCC-GMM,0.4207943868985756,0.2104607798391979,-2.0959295363029717
ours+4base,10,44,7,LFCC-GMM,0.29876434857676,0.1494273206756687,-2.0959295363029717
ours+4base,10,44,7,LFCC-LCNN,0.13104257062136113,0.06554108720027269,-2.0959295363029717
ours+4base,10,44,7,RawNet2,-0.08634358316393333,-0.04318483899161906,-2.0959295363029717
ours+4base,10,44,8,timepool_T150_aug,1.041471751495636,0.5321670457660429,-2.145391252865776
ours+4base,10,44,8,CQCC-GMM,0.4282455453595993,0.2188231859473923,-2.145391252865776
ours+4base,10,44,8,LFCC-GMM,0.3095431230135073,0.15816909971367882,-2.145391252865776
ours+4base,10,44,8,LFCC-LCNN,0.12885306298335694,0.06584081975078539,-2.145391252865776
ours+4base,10,44,8,RawNet2,-0.04892568329254606,-0.024999848822100657,-2.145391252865776
ours+4base,10,44,9,timepool_T150_aug,1.029018724821058,0.5262623200458533,-2.162617229605338
ours+4base,10,44,9,CQCC-GMM,0.4376293086703701,0.22381304610465796,-2.162617229605338
ours+4base,10,44,9,LFCC-GMM,0.30040044218713285,0.1536312506613442,-2.162617229605338
ours+4base,10,44,9,LFCC-LCNN,0.1134104546966704,0.05800054709063106,-2.162617229605338
ours+4base,10,44,9,RawNet2,-0.07487529292884196,-0.03829283609751361,-2.162617229605338
ours+all,10,44,0,timepool_T150_aug,0.7821117649120259,0.3764967193115714,-2.2131304676958443
ours+all,10,44,0,flatten_T400_aug,0.4454558450470389,0.2144356750307146,-2.2131304676958443
ours+all,10,44,0,CQCC-GMM,0.353931203037514,0.17037710309933832,-2.2131304676958443
ours+all,10,44,0,LFCC-GMM,0.34086144765878407,0.16408552145710323,-2.2131304676958443
ours+all,10,44,0,LFCC-LCNN,0.06915112392948189,0.033288300296935615,-2.2131304676958443
ours+all,10,44,0,RawNet2,-0.08582880138576966,-0.04131668080433687,-2.2131304676958443
ours+all,10,44,1,timepool_T150_aug,0.7809675138235125,0.37918131853904635,-2.1723393044909525
ours+all,10,44,1,flatten_T400_aug,0.4172281022236273,0.20257577829088946,-2.1723393044909525
ours+all,10,44,1,CQCC-GMM,0.39711292392853625,0.19280930312569547,-2.1723393044909525
ours+all,10,44,1,LFCC-GMM,0.2977381057797395,0.14456008160461428,-2.1723393044909525
ours+all,10,44,1,LFCC-LCNN,0.06358504927706675,0.030872299292204596,-2.1723393044909525
ours+all,10,44,1,RawNet2,-0.10298325865910392,-0.050001219147549944,-2.1723393044909525
ours+all,10,44,2,timepool_T150_aug,0.693378790017645,0.32638833534399886,-2.1780197033420032
ours+all,10,44,2,flatten_T400_aug,0.504402431019671,0.23743309165800575,-2.1780197033420032
ours+all,10,44,2,CQCC-GMM,0.42347570238680465,0.19933913691986815,-2.1780197033420032
ours+all,10,44,2,LFCC-GMM,0.30484555012930864,0.14349736835936183,-2.1780197033420032
ours+all,10,44,2,LFCC-LCNN,0.08589018258834613,0.04043035945285984,-2.1780197033420032
ours+all,10,44,2,RawNet2,-0.11240553746050042,-0.05291170826590558,-2.1780197033420032
ours+all,10,44,3,timepool_T150_aug,0.7826485727994078,0.38766489324908004,-2.221506967302328
ours+all,10,44,3,flatten_T400_aug,0.4292231828388965,0.21260469275514543,-2.221506967302328
ours+all,10,44,3,CQCC-GMM,0.3220049016567466,0.15949686764258242,-2.221506967302328
ours+all,10,44,3,LFCC-GMM,0.33374739300109496,0.1653132094998259,-2.221506967302328
ours+all,10,44,3,LFCC-LCNN,0.0764255999879043,0.037855460407772726,-2.221506967302328
ours+all,10,44,3,RawNet2,-0.074829506504969,-0.03706487644559351,-2.221506967302328
ours+all,10,44,4,timepool_T150_aug,0.7550806860124819,0.3756448451890917,-2.1356548459827502
ours+all,10,44,4,flatten_T400_aug,0.4947614115567023,0.2461386939073179,-2.1356548459827502
ours+all,10,44,4,CQCC-GMM,0.3744448607798769,0.1862824521473493,-2.1356548459827502
ours+all,10,44,4,LFCC-GMM,0.296820562492445,0.14766516520933826,-2.1356548459827502
ours+all,10,44,4,LFCC-LCNN,0.03139383285846747,0.015618107710168987,-2.1356548459827502
ours+all,10,44,4,RawNet2,-0.05759061397334877,-0.028650735836733776,-2.1356548459827502
ours+all,10,44,5,timepool_T150_aug,0.7836046784886255,0.38529011707100663,-2.194628264284548
ours+all,10,44,5,flatten_T400_aug,0.4472240876169143,0.21989534494260457,-2.194628264284548
ours+all,10,44,5,CQCC-GMM,0.3966482807782284,0.19502775663848398,-2.194628264284548
ours+all,10,44,5,LFCC-GMM,0.28864729464812555,0.14192481617351646,-2.194628264284548
ours+all,10,44,5,LFCC-LCNN,0.05213225797397834,0.025632878834657948,-2.194628264284548
ours+all,10,44,5,RawNet2,-0.06554765284719803,-0.03222908633973045,-2.194628264284548
ours+all,10,44,6,timepool_T150_aug,0.767602739930199,0.3733488125881456,-2.172163219181636
ours+all,10,44,6,flatten_T400_aug,0.4762817415550578,0.23165527351187495,-2.172163219181636
ours+all,10,44,6,CQCC-GMM,0.395289257273413,0.19226191772751985,-2.172163219181636
ours+all,10,44,6,LFCC-GMM,0.30521442345599603,0.14845106284070014,-2.172163219181636
ours+all,10,44,6,LFCC-LCNN,0.044787738679349466,0.02178398823324136,-2.172163219181636
ours+all,10,44,6,RawNet2,-0.06681762057720218,-0.032498945098518195,-2.172163219181636
ours+all,10,44,7,timepool_T150_aug,0.7795751001813513,0.3767317056620088,-2.142136242038945
ours+all,10,44,7,flatten_T400_aug,0.4518010632273216,0.21833404521250457,-2.142136242038945
ours+all,10,44,7,CQCC-GMM,0.39132417112815343,0.1891084289654531,-2.142136242038945
ours+all,10,44,7,LFCC-GMM,0.2925766398345337,0.1413884262543559,-2.142136242038945
ours+all,10,44,7,LFCC-LCNN,0.06331233311613184,0.03059585053285185,-2.142136242038945
ours+all,10,44,7,RawNet2,-0.09072179233472567,-0.04384154337282583,-2.142136242038945
ours+all,10,44,8,timepool_T150_aug,0.7671189249006558,0.3792271101829554,-2.1876985547972585
ours+all,10,44,8,flatten_T400_aug,0.43037417671032274,0.21275652318492913,-2.1876985547972585
ours+all,10,44,8,CQCC-GMM,0.4033908600925041,0.1994172548499024,-2.1876985547972585
ours+all,10,44,8,LFCC-GMM,0.3019869246634107,0.1492879722240903,-2.1876985547972585
ours+all,10,44,8,LFCC-LCNN,0.06723426122320339,0.03323742090219363,-2.1876985547972585
ours+all,10,44,8,RawNet2,-0.052743178128401506,-0.026073718655929178,-2.1876985547972585
ours+all,10,44,9,timepool_T150_aug,0.7902313994056942,0.39090568014043664,-2.1969240951355284
ours+all,10,44,9,flatten_T400_aug,0.3750649446328629,0.1855342845004749,-2.1969240951355284
ours+all,10,44,9,CQCC-GMM,0.4138493017227879,0.20471983635079216,-2.1969240951355284
ours+all,10,44,9,LFCC-GMM,0.29878340600599484,0.1477999110479386,-2.1969240951355284
ours+all,10,44,9,LFCC-LCNN,0.06028487519689553,0.029821265212628525,-2.1969240951355284
ours+all,10,44,9,RawNet2,-0.08332589594597622,-0.041219022747729074,-2.1969240951355284
ours,10,45,0,timepool_T150_aug,1.1501692533493042,1.0,-2.0631508827209473
ours,10,45,1,timepool_T150_aug,1.1997038125991821,1.0,-2.038475751876831
ours,10,45,2,timepool_T150_aug,1.1641261577606201,1.0,-1.9886538982391357
ours,10,45,3,timepool_T150_aug,1.1466054916381836,1.0,-2.060849905014038
ours,10,45,4,timepool_T150_aug,1.1622991561889648,1.0,-2.0158543586730957
ours,10,45,5,timepool_T150_aug,1.1758400201797485,1.0,-1.995223045349121
ours,10,45,6,timepool_T150_aug,1.1577035188674927,1.0,-1.9848973751068115
ours,10,45,7,timepool_T150_aug,1.1801491975784302,1.0,-2.0074758529663086
ours,10,45,8,timepool_T150_aug,1.1507617235183716,1.0,-2.0432138442993164
ours,10,45,9,timepool_T150_aug,1.1889063119888306,1.0,-1.9843616485595703
ours+2GMM,10,45,0,timepool_T150_aug,1.0570295778151446,0.5830068530283437,-2.185136318308595
ours+2GMM,10,45,0,CQCC-GMM,0.4026433751738722,0.22207878755676827,-2.185136318308595
ours+2GMM,10,45,0,LFCC-GMM,0.3533924892516007,0.19491435941488808,-2.185136318308595
ours+2GMM,10,45,1,timepool_T150_aug,1.1052118073649764,0.6015083544214521,-2.1502061409485766
ours+2GMM,10,45,1,CQCC-GMM,0.3718290214702449,0.2023668778602242,-2.1502061409485766
ours+2GMM,10,45,1,LFCC-GMM,0.36035976459128316,0.1961247677183236,-2.1502061409485766
ours+2GMM,10,45,2,timepool_T150_aug,1.0575812300781495,0.5969517792799415,-2.0965551142047927
ours+2GMM,10,45,2,CQCC-GMM,0.4264518246219607,0.2407107541672667,-2.0965551142047927
ours+2GMM,10,45,2,LFCC-GMM,0.2876028910940898,0.16233746655279194,-2.0965551142047927
ours+2GMM,10,45,3,timepool_T150_aug,1.0675134295003796,0.6044685820420533,-2.169622211225987
ours+2GMM,10,45,3,CQCC-GMM,0.38778035351652107,0.21957666663135342,-2.169622211225987
ours+2GMM,10,45,3,LFCC-GMM,0.3107424696763979,0.17595475132659322,-2.169622211225987
ours+2GMM,10,45,4,timepool_T150_aug,1.0751946195689774,0.5994310928547213,-2.126837352850347
ours+2GMM,10,45,4,CQCC-GMM,0.3879691705987069,0.21629645432856734,-2.126837352850347
ours+2GMM,10,45,4,LFCC-GMM,0.33052798255716276,0.18427245281671137,-2.126837352850347
ours+2GMM,10,45,5,timepool_T150_aug,1.0789570521098344,0.6091068163145386,-2.099375535451605
ours+2GMM,10,45,5,CQCC-GMM,0.4180704691286448,0.2360145586407937,-2.099375535451605
ours+2GMM,10,45,5,LFCC-GMM,0.2743482427665463,0.15487862504466782,-2.099375535451605
ours+2GMM,10,45,6,timepool_T150_aug,1.0589275937797231,0.597369391807368,-2.0936611258610283
ours+2GMM,10,45,6,CQCC-GMM,0.4058821400804559,0.22896897633944507,-2.0936611258610283
ours+2GMM,10,45,6,LFCC-GMM,0.3078415072352005,0.17366163185318678,-2.0936611258610283
ours+2GMM,10,45,7,timepool_T150_aug,1.0899576147338432,0.5993684214494522,-2.1213284871097438
ours+2GMM,10,45,7,CQCC-GMM,0.40778707124539554,0.22424238325958362,-2.1213284871097438
ours+2GMM,10,45,7,LFCC-GMM,0.3207655586846349,0.17638919529096408,-2.1213284871097438
ours+2GMM,10,45,8,timepool_T150_aug,1.0567897300899496,0.5879285711720108,-2.162651114949361
ours+2GMM,10,45,8,CQCC-GMM,0.4163015806039319,0.23160292581598685,-2.162651114949361
ours+2GMM,10,45,8,LFCC-GMM,0.32438848856690955,0.18046850301200243,-2.162651114949361
ours+2GMM,10,45,9,timepool_T150_aug,1.0985527801320316,0.6005192031856681,-2.096952973085308
ours+2GMM,10,45,9,CQCC-GMM,0.39966230004703174,0.21847369585533202,-2.096952973085308
ours+2GMM,10,45,9,LFCC-GMM,0.33112322291660257,0.18100710095899977,-2.096952973085308
ours+4base,10,45,0,timepool_T150_aug,1.0338066903988306,0.5183651831423863,-2.1914311540804055
ours+4base,10,45,0,CQCC-GMM,0.4116317198800313,0.20639792124048847,-2.1914311540804055
ours+4base,10,45,0,LFCC-GMM,0.3450512082797243,0.17301351832460854,-2.1914311540804055
ours+4base,10,45,0,LFCC-LCNN,0.13101749742193358,0.06569401192381233,-2.1914311540804055
ours+4base,10,45,0,RawNet2,-0.07285269833374713,-0.036529365368704304,-2.1914311540804055
ours+4base,10,45,1,timepool_T150_aug,1.0818202637019443,0.542479789805321,-2.1555446352175935
ours+4base,10,45,1,CQCC-GMM,0.38112931684871704,0.19111765478049994,-2.1555446352175935
ours+4base,10,45,1,LFCC-GMM,0.35346525871928874,0.17724548678481047,-2.1555446352175935
ours+4base,10,45,1,LFCC-LCNN,0.11673636760622716,0.058537561447555064,-2.1555446352175935
ours+4base,10,45,1,RawNet2,-0.06106182010161249,-0.03061950718181351,-2.1555446352175935
ours+4base,10,45,2,timepool_T150_aug,1.0388611270820896,0.5316517764607345,-2.1017300257290037
ours+4base,10,45,2,CQCC-GMM,0.4375648227130206,0.22392994525217366,-2.1017300257290037
ours+4base,10,45,2,LFCC-GMM,0.27943614325153776,0.14300537203109448,-2.1017300257290037
ours+4base,10,45,2,LFCC-LCNN,0.11563116819948938,0.059175874796815645,-2.1017300257290037
ours+4base,10,45,2,RawNet2,-0.08253223641683427,-0.042237031459181784,-2.1017300257290037
ours+4base,10,45,3,timepool_T150_aug,1.0415733724497624,0.5304891765028339,-2.177568192668629
ours+4base,10,45,3,CQCC-GMM,0.3981841871223865,0.20280126884022603,-2.177568192668629
ours+4base,10,45,3,LFCC-GMM,0.30279158516659443,0.15421636431547872,-2.177568192668629
ours+4base,10,45,3,LFCC-LCNN,0.14198276049483355,0.07231398160203661,-2.177568192668629
ours+4base,10,45,3,RawNet2,-0.07888868576918433,-0.04017920873942458,-2.177568192668629
ours+4base,10,45,4,timepool_T150_aug,1.056140369673635,0.5350699484380965,-2.1330396462820054
ours+4base,10,45,4,CQCC-GMM,0.3939608960002814,0.1995914959435142,-2.1330396462820054
ours+4base,10,45,4,LFCC-GMM,0.32588317609748463,0.16510143844345954,-2.1330396462820054
ours+4base,10,45,4,LFCC-LCNN,0.1224862358290765,0.06205491786067514,-2.1330396462820054
ours+4base,10,45,4,RawNet2,-0.07536540262898833,-0.03818219931425451,-2.1330396462820054
ours+4base,10,45,5,timepool_T150_aug,1.0559827989305426,0.5418664057014707,-2.104895117379504
ours+4base,10,45,5,CQCC-GMM,0.42735511977530993,0.21929276020906113,-2.104895117379504
ours+4base,10,45,5,LFCC-GMM,0.27036673712710885,0.13873583188729297,-2.104895117379504
ours+4base,10,45,5,LFCC-LCNN,0.12125303069315714,0.06221971038605221,-2.104895117379504
ours+4base,10,45,5,RawNet2,-0.07383040555632933,-0.037885291816123115,-2.104895117379504
ours+4base,10,45,6,timepool_T150_aug,1.0348010095342461,0.545039277390002,-2.097842941062571
ours+4base,10,45,6,CQCC-GMM,0.40974320241798945,0.21581554028622682,-2.097842941062571
ours+4base,10,45,6,LFCC-GMM,0.29532145304230406,0.15554854496749104,-2.097842941062571
ours+4base,10,45,6,LFCC-LCNN,0.12047664636783685,0.06345616565280658,-2.097842941062571
ours+4base,10,45,6,RawNet2,-0.03823830926653998,-0.02014047170347357,-2.097842941062571
ours+4base,10,45,7,timepool_T150_aug,1.0648714241955022,0.5347823916604817,-2.127263611310536
ours+4base,10,45,7,CQCC-GMM,0.41735090427556343,0.20959517710672856,-2.127263611310536
ours+4base,10,45,7,LFCC-GMM,0.310511558880628,0.15594006029588045,-2.127263611310536
ours+4base,10,45,7,LFCC-LCNN,0.1333025549030529,0.06694503909649414,-2.127263611310536
ours+4base,10,45,7,RawNet2,-0.0651873541928358,-0.03273733184041517,-2.127263611310536
ours+4base,10,45,8,timepool_T150_aug,1.0345082298266486,0.5186982708004606,-2.168314894761688
ours+4base,10,45,8,CQCC-GMM,0.43129931809389455,0.21625174555663848,-2.168314894761688
ours+4base,10,45,8,LFCC-GMM,0.318048337823641,0.15946815897996997,-2.168314894761688
ours+4base,10,45,8,LFCC-LCNN,0.11837961238508854,0.059355062117256906,-2.168314894761688
ours+4base,10,45,8,RawNet2,-0.0921961166709555,-0.0462267625456741,-2.168314894761688
ours+4base,10,45,9,timepool_T150_aug,1.0774727455374349,0.5286496472522193,-2.104752303883137
ours+4base,10,45,9,CQCC-GMM,0.4102789716137967,0.2012986727663835,-2.104752303883137
ours+4base,10,45,9,LFCC-GMM,0.32197160031403427,0.1579716736559747,-2.104752303883137
ours+4base,10,45,9,LFCC-LCNN,0.14419793842636966,0.07074906497572199,-2.104752303883137
ours+4base,10,45,9,RawNet2,-0.0842390855326945,-0.04133094134970049,-2.104752303883137
ours+all,10,45,0,timepool_T150_aug,0.7396213556336698,0.3570796422381015,-2.240168210843612
ours+all,10,45,0,flatten_T400_aug,0.4657490000286318,0.22485760455157747,-2.240168210843612
ours+all,10,45,0,CQCC-GMM,0.3873582867656967,0.18701158018585784,-2.240168210843612
ours+all,10,45,0,LFCC-GMM,0.3334678068558357,0.1609939521932667,-2.240168210843612
ours+all,10,45,0,LFCC-LCNN,0.06474747631601463,0.03125924569732632,-2.240168210843612
ours+all,10,45,0,RawNet2,-0.08036249500110121,-0.038797975133870136,-2.240168210843612
ours+all,10,45,1,timepool_T150_aug,0.8530602450800853,0.41613271835579696,-2.1888063506030315
ours+all,10,45,1,flatten_T400_aug,0.35717949690469775,0.17423631665540112,-2.1888063506030315
ours+all,10,45,1,CQCC-GMM,0.363021694409897,0.1770862086097282,-2.1888063506030315
ours+all,10,45,1,LFCC-GMM,0.3448419766382699,0.16821793064357102,-2.1888063506030315
ours+all,10,45,1,LFCC-LCNN,0.06350283386929723,0.030977421622603443,-2.1888063506030315
ours+all,10,45,1,RawNet2,-0.06836533055663377,-0.03334940411289925,-2.1888063506030315
ours+all,10,45,2,timepool_T150_aug,0.7103045518902338,0.3471373137954883,-2.159659605889332
ours+all,10,45,2,flatten_T400_aug,0.528070683336484,0.2580766771376443,-2.159659605889332
ours+all,10,45,2,CQCC-GMM,0.40969274345123,0.20022346480069003,-2.159659605889332
ours+all,10,45,2,LFCC-GMM,0.2768362266664846,0.13529433794355458,-2.159659605889332
ours+all,10,45,2,LFCC-LCNN,0.03144146291656194,0.015365951055234733,-2.159659605889332
ours+all,10,45,2,RawNet2,-0.08983180578808167,-0.043902255267387974,-2.159659605889332
ours+all,10,45,3,timepool_T150_aug,0.7697237672529397,0.37735905007091886,-2.221792989976329
ours+all,10,45,3,flatten_T400_aug,0.4323262696401819,0.21194906195291308,-2.221792989976329
ours+all,10,45,3,CQCC-GMM,0.37293563530589574,0.18283265122354186,-2.221792989976329
ours+all,10,45,3,LFCC-GMM,0.29905114248312137,0.14661058921540362,-2.221792989976329
ours+all,10,45,3,LFCC-LCNN,0.08094925043759431,0.03968557753920238,-2.221792989976329
ours+all,10,45,3,RawNet2,-0.08477889376566257,-0.041563069998020244,-2.221792989976329
ours+all,10,45,4,timepool_T150_aug,0.7781156391683677,0.38004734743045826,-2.1767090499578856
ours+all,10,45,4,flatten_T400_aug,0.43722801620995094,0.2135509677719229,-2.1767090499578856
ours+all,10,45,4,CQCC-GMM,0.3675414181230413,0.1795146299562633,-2.1767090499578856
ours+all,10,45,4,LFCC-GMM,0.3201292659621486,0.15635758008129264,-2.1767090499578856
ours+all,10,45,4,LFCC-LCNN,0.06238512584933104,0.030470151741833054,-2.1767090499578856
ours+all,10,45,4,RawNet2,-0.08201816417278324,-0.04005932301822997,-2.1767090499578856
ours+all,10,45,5,timepool_T150_aug,0.7965698060711036,0.396260977981881,-2.142764476161412
ours+all,10,45,5,flatten_T400_aug,0.41121349806115093,0.20456193752153956,-2.142764476161412
ours+all,10,45,5,CQCC-GMM,0.39936475553398265,0.1986676715502631,-2.142764476161412
ours+all,10,45,5,LFCC-GMM,0.2648495413929389,0.1317518408186446,-2.142764476161412
ours+all,10,45,5,LFCC-LCNN,0.05863134495821225,0.02916670192174012,-2.142764476161412
ours+all,10,45,5,RawNet2,-0.07958616556881154,-0.0395908702059316,-2.142764476161412
ours+all,10,45,6,timepool_T150_aug,0.7040549145103528,0.3563771946709126,-2.149648893785711
ours+all,10,45,6,flatten_T400_aug,0.510169681167834,0.2582367313026875,-2.149648893785711
ours+all,10,45,6,CQCC-GMM,0.38554271892446795,0.19515328955789524,-2.149648893785711
ours+all,10,45,6,LFCC-GMM,0.285837087387657,0.14468448019706254,-2.149648893785711
ours+all,10,45,6,LFCC-LCNN,0.048232355734237516,0.024414163262948596,-2.149648893785711
ours+all,10,45,6,RawNet2,-0.041752379398813134,-0.021134141008493496,-2.149648893785711
ours+all,10,45,7,timepool_T150_aug,0.7739120850328346,0.3721850846613786,-2.1747246611136166
ours+all,10,45,7,flatten_T400_aug,0.4586864462614876,0.22058869106252,-2.1747246611136166
ours+all,10,45,7,CQCC-GMM,0.39060995563517475,0.18784975996528971,-2.1747246611136166
ours+all,10,45,7,LFCC-GMM,0.3078269997258544,0.14803828518734724,-2.1747246611136166
ours+all,10,45,7,LFCC-LCNN,0.0698352412396215,0.03358473872650998,-2.1747246611136166
ours+all,10,45,7,RawNet2,-0.07850353219112119,-0.03775344039695424,-2.1747246611136166
ours+all,10,45,8,timepool_T150_aug,0.7695027779755975,0.3726848590838291,-2.208814256650093
ours+all,10,45,8,flatten_T400_aug,0.41558886455502,0.20127760660067148,-2.208814256650093
ours+all,10,45,8,CQCC-GMM,0.4082445382874035,0.19772060943516012,-2.208814256650093
ours+all,10,45,8,LFCC-GMM,0.3138021183120848,0.1519803457383426,-2.208814256650093
ours+all,10,45,8,LFCC-LCNN,0.06037046863817574,0.02923856838624271,-2.208814256650093
ours+all,10,45,8,RawNet2,-0.09724583446392507,-0.04709801075575402,-2.208814256650093
ours+all,10,45,9,timepool_T150_aug,0.7955250543700126,0.3771808785324626,-2.150172282639122
ours+all,10,45,9,flatten_T400_aug,0.4463510637272025,0.21162763564228432,-2.150172282639122
ours+all,10,45,9,CQCC-GMM,0.3856684476432669,0.18285629485237975,-2.150172282639122
ours+all,10,45,9,LFCC-GMM,0.31159605791165573,0.14773648450763444,-2.150172282639122
ours+all,10,45,9,LFCC-LCNN,0.07865862284696086,0.037294272891336216,-2.150172282639122
ours+all,10,45,9,RawNet2,-0.09133485771436466,-0.04330443357390268,-2.150172282639122
ours,10,46,0,timepool_T150_aug,1.185850739479065,1.0,-2.0311031341552734
ours,10,46,1,timepool_T150_aug,1.1628731489181519,1.0,-2.0166616439819336
ours,10,46,2,timepool_T150_aug,1.2133382558822632,1.0,-2.0181198120117188
ours,10,46,3,timepool_T150_aug,1.1473305225372314,1.0,-2.0343704223632812
ours,10,46,4,timepool_T150_aug,1.1767877340316772,1.0,-2.0248048305511475
ours,10,46,5,timepool_T150_aug,1.1759365797042847,1.0,-2.0241410732269287
ours,10,46,6,timepool_T150_aug,1.1551958322525024,1.0,-2.0117783546447754
ours,10,46,7,timepool_T150_aug,1.155120611190796,1.0,-2.01959228515625
ours,10,46,8,timepool_T150_aug,1.1499687433242798,1.0,-1.9880295991897583
ours,10,46,9,timepool_T150_aug,1.1544930934906006,1.0,-2.019012928009033
ours+2GMM,10,46,0,timepool_T150_aug,1.0895881628369835,0.5894435640906304,-2.152769873285965
ours+2GMM,10,46,0,CQCC-GMM,0.42553547458248114,0.23020546233891387,-2.152769873285965
ours+2GMM,10,46,0,LFCC-GMM,0.3333793053821178,0.1803509735704557,-2.152769873285965
ours+2GMM,10,46,1,timepool_T150_aug,1.0761238480129236,0.6051041979474016,-2.1222191558082075
ours+2GMM,10,46,1,CQCC-GMM,0.3817589986724346,0.2146629991775003,-2.1222191558082075
ours+2GMM,10,46,1,LFCC-GMM,0.32052796530914934,0.18023280287509819,-2.1222191558082075
ours+2GMM,10,46,2,timepool_T150_aug,1.128514065579911,0.6143975209413827,-2.122366700016344
ours+2GMM,10,46,2,CQCC-GMM,0.3556682885852511,0.19363667804348586,-2.122366700016344
ours+2GMM,10,46,2,LFCC-GMM,0.35259925239274964,0.19196580101513147,-2.122366700016344
ours+2GMM,10,46,3,timepool_T150_aug,1.0457632029784958,0.58581958149706,-2.1572282529244244
ours+2GMM,10,46,3,CQCC-GMM,0.4578423783385344,0.2564758730331939,-2.1572282529244244
ours+2GMM,10,46,3,LFCC-GMM,0.28152287121105246,0.15770454546974608,-2.1572282529244244
ours+2GMM,10,46,4,timepool_T150_aug,1.0802329343920103,0.5967218477187292,-2.135816103672341
ours+2GMM,10,46,4,CQCC-GMM,0.381286567805892,0.21062311470768205,-2.135816103672341
ours+2GMM,10,46,4,LFCC-GMM,0.34875933797151093,0.1926550375735887,-2.135816103672341
ours+2GMM,10,46,5,timepool_T150_aug,1.0892999959826077,0.6054993110496233,-2.132987073062067
ours+2GMM,10,46,5,CQCC-GMM,0.3915606472208975,0.21765326631855006,-2.132987073062067
ours+2GMM,10,46,5,LFCC-GMM,0.31815048051573364,0.17684742263182668,-2.132987073062067
ours+2GMM,10,46,6,timepool_T150_aug,1.052144725697903,0.5851028949528648,-2.131233416367481
ours+2GMM,10,46,6,CQCC-GMM,0.42542920827374225,0.23658329056714103,-2.131233416367481
ours+2GMM,10,46,6,LFCC-GMM,0.3206477716014616,0.17831381447999411,-2.131233416367481
ours+2GMM,10,46,7,timepool_T150_aug,1.059858790927469,0.5961110875275026,-2.1317728408611125
ours+2GMM,10,46,7,CQCC-GMM,0.41515870937332033,0.2335034741038258,-2.1317728408611125
ours+2GMM,10,46,7,LFCC-GMM,0.3029376713157266,0.17038543836867145,-2.1317728408611125
ours+2GMM,10,46,8,timepool_T150_aug,1.0578650249508226,0.5977513791073445,-2.095715718283114
ours+2GMM,10,46,8,CQCC-GMM,0.418092474066951,0.23624502849930176,-2.095715718283114
ours+2GMM,10,46,8,LFCC-GMM,0.2937833362615885,0.1660035923933537,-2.095715718283114
ours+2GMM,10,46,9,timepool_T150_aug,1.0684928272545833,0.6028562467850578,-2.1273904488039466
ours+2GMM,10,46,9,CQCC-GMM,0.3684961089698895,0.20790984791099104,-2.1273904488039466
ours+2GMM,10,46,9,LFCC-GMM,0.33539516521379864,0.1892339053039513,-2.1273904488039466
ours+4base,10,46,0,timepool_T150_aug,1.064122523786283,0.5236915461697025,-2.159459790068281
ours+4base,10,46,0,CQCC-GMM,0.4321108496721991,0.21265671379303136,-2.159459790068281
ours+4base,10,46,0,LFCC-GMM,0.3250991793137637,0.15999256482942315,-2.159459790068281
ours+4base,10,46,0,LFCC-LCNN,0.14406372622842523,0.07089874882742825,-2.159459790068281
ours+4base,10,46,0,RawNet2,-0.06656801671750683,-0.03276042638041483,-2.159459790068281
ours+4base,10,46,1,timepool_T150_aug,1.0549790240153853,0.5439513890801289,-2.1276856182197728
ours+4base,10,46,1,CQCC-GMM,0.3877872694111861,0.19994466151653895,-2.1276856182197728
ours+4base,10,46,1,LFCC-GMM,0.3134376636924444,0.16160970851023196,-2.1276856182197728
ours+4base,10,46,1,LFCC-LCNN,0.12147679711550013,0.06263392070155288,-2.1276856182197728
ours+4base,10,46,1,RawNet2,-0.061792230289800625,-0.03186032019154732,-2.1276856182197728
ours+4base,10,46,2,timepool_T150_aug,1.1096215958431448,0.5635518239673976,-2.12584846528845
ours+4base,10,46,2,CQCC-GMM,0.3666297488253979,0.1862029942867737,-2.12584846528845
ours+4base,10,46,2,LFCC-GMM,0.3446077431819385,0.17501851347432001,-2.12584846528845
ours+4base,10,46,2,LFCC-LCNN,0.0911679004994427,0.0463021239008058,-2.12584846528845
ours+4base,10,46,2,RawNet2,-0.05695181475539325,-0.028924544370702906,-2.12584846528845
ours+4base,10,46,3,timepool_T150_aug,1.0291084639266401,0.5179597746529592,-2.16339219318934
ours+4base,10,46,3,CQCC-GMM,0.4715448488095415,0.237332868390017,-2.16339219318934
ours+4base,10,46,3,LFCC-GMM,0.27890639754728414,0.1403761604210826,-2.16339219318934
ours+4base,10,46,3,LFCC-LCNN,0.11180251088510673,0.05627123415419985,-2.16339219318934
ours+4base,10,46,3,RawNet2,-0.0954879442060616,-0.04805996238174141,-2.16339219318934
ours+4base,10,46,4,timepool_T150_aug,1.0565079511640212,0.5240194488323482,-2.144119716425127
ours+4base,10,46,4,CQCC-GMM,0.3890668329411514,0.19297402081275736,-2.144119716425127
ours+4base,10,46,4,LFCC-GMM,0.3426225615908267,0.1699380356622407,-2.144119716425127
ours+4base,10,46,4,LFCC-LCNN,0.1458314832403808,0.07233124311637511,-2.144119716425127
ours+4base,10,46,4,RawNet2,-0.08213288704228458,-0.04073725157627868,-2.144119716425127
ours+4base,10,46,5,timepool_T150_aug,1.0635178658747988,0.5421872053292044,-2.139041788759363
ours+4base,10,46,5,CQCC-GMM,0.39996556104305264,0.2039046232584767,-2.139041788759363
ours+4base,10,46,5,LFCC-GMM,0.3080314587324154,0.15703611676164128,-2.139041788759363
ours+4base,10,46,5,LFCC-LCNN,0.1312818805690651,0.06692821834032384,-2.139041788759363
ours+4base,10,46,5,RawNet2,-0.058735810391460065,-0.029943836310353793,-2.139041788759363
ours+4base,10,46,6,timepool_T150_aug,1.0279751045048526,0.5220401356663005,-2.135715541726778
ours+4base,10,46,6,CQCC-GMM,0.4362336463378107,0.2215340341594047,-2.135715541726778
ours+4base,10,46,6,LFCC-GMM,0.31199740055800423,0.15844271383720535,-2.135715541726778
ours+4base,10,46,6,LFCC-LCNN,0.12271280932681097,0.06231766834452444,-2.135715541726778
ours+4base,10,46,6,RawNet2,-0.0702306012938541,-0.035665447992565054,-2.135715541726778
ours+4base,10,46,7,timepool_T150_aug,1.0341410552861832,0.525236081178315,-2.1384827961164423
ours+4base,10,46,7,CQCC-GMM,0.42483042409859184,0.21576966312116516,-2.1384827961164423
ours+4base,10,46,7,LFCC-GMM,0.2935987846560639,0.14911764145055828,-2.1384827961164423
ours+4base,10,46,7,LFCC-LCNN,0.13943433140527503,0.07081813591547059,-2.1384827961164423
ours+4base,10,46,7,RawNet2,-0.07690251574508676,-0.03905847833449099,-2.1384827961164423
ours+4base,10,46,8,timepool_T150_aug,1.0363263219197385,0.5229862569339712,-2.102875466200058
ours+4base,10,46,8,CQCC-GMM,0.4283932405040691,0.21619037614716624,-2.102875466200058
ours+4base,10,46,8,LFCC-GMM,0.287133952532254,0.14490330689982245,-2.102875466200058
ours+4base,10,46,8,LFCC-LCNN,0.13612031418800555,0.0686936654064593,-2.102875466200058
ours+4base,10,46,8,RawNet2,-0.0935817245242929,-0.04722639461258075,-2.102875466200058
ours+4base,10,46,9,timepool_T150_aug,1.0472951011470428,0.5420545265575112,-2.1326904513541516
ours+4base,10,46,9,CQCC-GMM,0.3762506839293054,0.1947382224177945,-2.1326904513541516
ours+4base,10,46,9,LFCC-GMM,0.3268309805693929,0.16915978337226623,-2.1326904513541516
ours+4base,10,46,9,LFCC-LCNN,0.1184944323714441,0.06132984234191127,-2.1326904513541516
ours+4base,10,46,9,RawNet2,-0.06321321385595562,-0.032717625310516786,-2.1326904513541516
ours+all,10,46,0,timepool_T150_aug,0.8207825527301693,0.39290025592762734,-2.195853475895976
ours+all,10,46,0,flatten_T400_aug,0.3806046179891723,0.18219155770035417,-2.195853475895976
ours+all,10,46,0,CQCC-GMM,0.4065884844642549,0.1946297701770824,-2.195853475895976
ours+all,10,46,0,LFCC-GMM,0.3194787007550343,0.15293120312140016,-2.195853475895976
ours+all,10,46,0,LFCC-LCNN,0.09062932558884639,0.043383335939539844,-2.195853475895976
ours+all,10,46,0,RawNet2,-0.07095174246918849,-0.03396387713399625,-2.195853475895976
ours+all,10,46,1,timepool_T150_aug,0.7571951566383551,0.37414452159266043,-2.179192372088889
ours+all,10,46,1,flatten_T400_aug,0.47828947053222814,0.23633191993666647,-2.179192372088889
ours+all,10,46,1,CQCC-GMM,0.3605851499356615,0.17817197750583444,-2.179192372088889
ours+all,10,46,1,LFCC-GMM,0.3063639733891134,0.15138026339970673,-2.179192372088889
ours+all,10,46,1,LFCC-LCNN,0.052552192108354205,0.025967037166901234,-2.179192372088889
ours+all,10,46,1,RawNet2,-0.06881799662042105,-0.034004280398230585,-2.179192372088889
ours+all,10,46,2,timepool_T150_aug,0.8439398979717557,0.4126981006640046,-2.1672681219578798
ours+all,10,46,2,flatten_T400_aug,0.41809432438803623,0.20445381713558636,-2.1672681219578798
ours+all,10,46,2,CQCC-GMM,0.3448063655977737,0.1686150074443121,-2.1672681219578798
ours+all,10,46,2,LFCC-GMM,0.3332297074167185,0.16295386397326625,-2.1672681219578798
ours+all,10,46,2,LFCC-LCNN,0.03505455582178362,0.017142155077676625,-2.1672681219578798
ours+all,10,46,2,RawNet2,-0.06980798618290444,-0.03413705570515392,-2.1672681219578798
ours+all,10,46,3,timepool_T150_aug,0.7837779743045632,0.3843182688409383,-2.197941029780894
ours+all,10,46,3,flatten_T400_aug,0.3846612815698891,0.1886150959450556,-2.197941029780894
ours+all,10,46,3,CQCC-GMM,0.44309127242748825,0.21726570067110576,-2.197941029780894
ours+all,10,46,3,LFCC-GMM,0.27454093052815415,0.13461860195826406,-2.197941029780894
ours+all,10,46,3,LFCC-LCNN,0.05413600892809595,0.026545090466038992,-2.197941029780894
ours+all,10,46,3,RawNet2,-0.09919070258731906,-0.048637242118597386,-2.197941029780894
ours+all,10,46,4,timepool_T150_aug,0.759251820418213,0.363084016639237,-2.193077699258618
ours+all,10,46,4,flatten_T400_aug,0.4674368346679299,0.22353432536108767,-2.193077699258618
ours+all,10,46,4,CQCC-GMM,0.3694517671634553,0.17667660184506775,-2.193077699258618
ours+all,10,46,4,LFCC-GMM,0.33206949383823053,0.15879991642263158,-2.193077699258618
ours+all,10,46,4,LFCC-LCNN,0.07686007214648825,0.036755478174233254,-2.193077699258618
ours+all,10,46,4,RawNet2,-0.086048831718067,-0.04114966155774275,-2.193077699258618
ours+all,10,46,5,timepool_T150_aug,0.7676320824709026,0.3761391138742289,-2.1899007354419355
ours+all,10,46,5,flatten_T400_aug,0.4730517590042304,0.23179498813514107,-2.1899007354419355
ours+all,10,46,5,CQCC-GMM,0.3727062671964498,0.1826257764362762,-2.1899007354419355
ours+all,10,46,5,LFCC-GMM,0.30192088854882665,0.14794099682927228,-2.1899007354419355
ours+all,10,46,5,LFCC-LCNN,0.06042704760196264,0.029609205579157933,-2.1899007354419355
ours+all,10,46,5,RawNet2,-0.0650815725907182,-0.03188991914592361,-2.1899007354419355
ours+all,10,46,6,timepool_T150_aug,0.7019195217534575,0.34070566285246695,-2.187959978965639
ours+all,10,46,6,flatten_T400_aug,0.5093761993185438,0.24724680002710003,-2.187959978965639
ours+all,10,46,6,CQCC-GMM,0.4109895912334719,0.19949079170339337,-2.187959978965639
ours+all,10,46,6,LFCC-GMM,0.31184008156495113,0.151364477551704,-2.187959978965639
ours+all,10,46,6,LFCC-LCNN,0.04972170459334457,0.024134485217495047,-2.187959978965639
ours+all,10,46,6,RawNet2,-0.07634619529256066,-0.03705778264784049,-2.187959978965639
ours+all,10,46,7,timepool_T150_aug,0.74123754830191,0.3615998310168603,-2.1854134199372215
ours+all,10,46,7,flatten_T400_aug,0.4621744171783755,0.2254637417314789,-2.1854134199372215
ours+all,10,46,7,CQCC-GMM,0.4001137524416406,0.19518852708132067,-2.1854134199372215
ours+all,10,46,7,LFCC-GMM,0.28959738653324296,0.14127504235753133,-2.1854134199372215
ours+all,10,46,7,LFCC-LCNN,0.07054785029714691,0.03441554034127354,-2.1854134199372215
ours+all,10,46,7,RawNet2,-0.08621260359301008,-0.042057317471535426,-2.1854134199372215
ours+all,10,46,8,timepool_T150_aug,0.7371363867108872,0.3572197873311528,-2.151407094415005
ours+all,10,46,8,flatten_T400_aug,0.47306022087248184,0.22924722553571952,-2.151407094415005
ours+all,10,46,8,CQCC-GMM,0.40158662871869527,0.19461078396363493,-2.151407094415005
ours+all,10,46,8,LFCC-GMM,0.2810860612416127,0.13621563774176018,-2.151407094415005
ours+all,10,46,8,LFCC-LCNN,0.06815769054917444,0.033029539935745804,-2.151407094415005
ours+all,10,46,8,RawNet2,-0.10251039940226252,-0.04967702549198675,-2.151407094415005
ours+all,10,46,9,timepool_T150_aug,0.7820282743538833,0.3907277508707329,-2.173903567973713
ours+all,10,46,9,flatten_T400_aug,0.41431983430791003,0.20700818922949538,-2.173903567973713
ours+all,10,46,9,CQCC-GMM,0.3570978046132469,0.178418129642038,-2.173903567973713
ours+all,10,46,9,LFCC-GMM,0.3180254484150869,0.15889626021712414,-2.173903567973713
ours+all,10,46,9,LFCC-LCNN,0.05961440114481302,0.029785369203003894,-2.173903567973713
ours+all,10,46,9,RawNet2,-0.070380149456012,-0.0351643008376057,-2.173903567973713
ours,10,47,0,timepool_T150_aug,1.195617914199829,1.0,-2.007190465927124
ours,10,47,1,timepool_T150_aug,1.1971628665924072,1.0,-1.9799327850341797
ours,10,47,2,timepool_T150_aug,1.1710476875305176,1.0,-1.9929533004760742
ours,10,47,3,timepool_T150_aug,1.1641086339950562,1.0,-2.0169339179992676
ours,10,47,4,timepool_T150_aug,1.1405128240585327,1.0,-2.057079792022705
ours,10,47,5,timepool_T150_aug,1.1627874374389648,1.0,-2.0438461303710938
ours,10,47,6,timepool_T150_aug,1.1455621719360352,1.0,-2.0055084228515625
ours,10,47,7,timepool_T150_aug,1.1481064558029175,1.0,-2.015164375305176
ours,10,47,8,timepool_T150_aug,1.19508695602417,1.0,-2.0440351963043213
ours,10,47,9,timepool_T150_aug,1.157839298248291,1.0,-2.021327495574951
ours+2GMM,10,47,0,timepool_T150_aug,1.0997646377679446,0.6054380588330086,-2.118502203906398
ours+2GMM,10,47,0,CQCC-GMM,0.3954654375835824,0.21771006144741237,-2.118502203906398
ours+2GMM,10,47,0,LFCC-GMM,0.321247468012295,0.176851879719579,-2.118502203906398
ours+2GMM,10,47,1,timepool_T150_aug,1.1114213781369569,0.5999541079247707,-2.0955975884514046
ours+2GMM,10,47,1,CQCC-GMM,0.42517213556949185,0.2295113035684572,-2.0955975884514046
ours+2GMM,10,47,1,LFCC-GMM,0.31591714245247193,0.1705345885067721,-2.0955975884514046
ours+2GMM,10,47,2,timepool_T150_aug,1.0893478565041956,0.6065937733485863,-2.098627006774164
ours+2GMM,10,47,2,CQCC-GMM,0.37719649267652006,0.21003854959678023,-2.098627006774164
ours+2GMM,10,47,2,LFCC-GMM,0.3292997632483595,0.18336767705463347,-2.098627006774164
ours+2GMM,10,47,3,timepool_T150_aug,1.0785582020424618,0.5967607136461807,-2.130647250045339
ours+2GMM,10,47,3,CQCC-GMM,0.38449289511371537,0.2127379440863161,-2.130647250045339
ours+2GMM,10,47,3,LFCC-GMM,0.3443034712310756,0.1905013422675032,-2.130647250045339
ours+2GMM,10,47,4,timepool_T150_aug,1.0460592956825183,0.5882761119079072,-2.1774709699666257
ours+2GMM,10,47,4,CQCC-GMM,0.43478232290849506,0.24451009182994263,-2.1774709699666257
ours+2GMM,10,47,4,LFCC-GMM,0.2973357959055924,0.16721379626215016,-2.1774709699666257
ours+2GMM,10,47,5,timepool_T150_aug,1.0719792922921894,0.593044738394602,-2.1593482262083454
ours+2GMM,10,47,5,CQCC-GMM,0.40192021197889644,0.22235193224568253,-2.1593482262083454
ours+2GMM,10,47,5,LFCC-GMM,0.3336863706058823,0.1846033293597154,-2.1593482262083454
ours+2GMM,10,47,6,timepool_T150_aug,1.0402197413668177,0.5787073991193796,-2.126145867064327
ours+2GMM,10,47,6,CQCC-GMM,0.42628994282321664,0.2371586831815171,-2.126145867064327
ours+2GMM,10,47,6,LFCC-GMM,0.33097855071023213,0.1841339176991033,-2.126145867064327
ours+2GMM,10,47,7,timepool_T150_aug,1.0408842082843248,0.589013270483721,-2.126907820317303
ours+2GMM,10,47,7,CQCC-GMM,0.40975077642373364,0.23186886973950635,-2.126907820317303
ours+2GMM,10,47,7,LFCC-GMM,0.31653098666217844,0.17911785977677272,-2.126907820317303
ours+2GMM,10,47,8,timepool_T150_aug,1.0961919253562584,0.6151187510110353,-2.141812151786556
ours+2GMM,10,47,8,CQCC-GMM,0.36410769221829875,0.20431592651810596,-2.141812151786556
ours+2GMM,10,47,8,LFCC-GMM,0.3217821732252042,0.18056532247085866,-2.141812151786556
ours+2GMM,10,47,9,timepool_T150_aug,1.0736329350416236,0.6062927694081849,-2.129285271086446
ours+2GMM,10,47,9,CQCC-GMM,0.4061519942678388,0.22935866567446395,-2.129285271086446
ours+2GMM,10,47,9,LFCC-GMM,0.29103106786896227,0.16434856491735117,-2.129285271086446
ours+4base,10,47,0,timepool_T150_aug,1.0783298146090254,0.5393160151686572,-2.1247103994455028
ours+4base,10,47,0,CQCC-GMM,0.4043604222539918,0.2022368747181566,-2.1247103994455028
ours+4base,10,47,0,LFCC-GMM,0.3163951791023119,0.15824192644984136,-2.1247103994455028
ours+4base,10,47,0,LFCC-LCNN,0.12577021554207862,0.06290273212713712,-2.1247103994455028
ours+4base,10,47,0,RawNet2,-0.07458399995209086,-0.03730245153620766,-2.1247103994455028
ours+4base,10,47,1,timepool_T150_aug,1.0900880283749628,0.519408679088163,-2.104766696853388
ours+4base,10,47,1,CQCC-GMM,0.4371520383699427,0.20829562099578147,-2.104766696853388
ours+4base,10,47,1,LFCC-GMM,0.31041504865840996,0.14790756910990746,-2.104766696853388
ours+4base,10,47,1,LFCC-LCNN,0.15701004928154894,0.07481265749012038,-2.104766696853388
ours+4base,10,47,1,RawNet2,-0.10404452628264821,-0.04957547331602748,-2.104766696853388
ours+4base,10,47,2,timepool_T150_aug,1.0709935487115385,0.5417555519274819,-2.104018185070898
ours+4base,10,47,2,CQCC-GMM,0.3884649992588602,0.19650264964824368,-2.104018185070898
ours+4base,10,47,2,LFCC-GMM,0.3241333257012911,0.16396086510012173,-2.104018185070898
ours+4base,10,47,2,LFCC-LCNN,0.10972393820354301,0.0555031846574903,-2.104018185070898
ours+4base,10,47,2,RawNet2,-0.08357864707606025,-0.04227774866666236,-2.104018185070898
ours+4base,10,47,3,timepool_T150_aug,1.0580288858997917,0.535037013508643,-2.1357820225314508
ours+4base,10,47,3,CQCC-GMM,0.39302055636663114,0.1987474515377492,-2.1357820225314508
ours+4base,10,47,3,LFCC-GMM,0.33774723110754273,0.17079615902822176,-2.1357820225314508
ours+4base,10,47,3,LFCC-LCNN,0.11699765307222494,0.05916480704971258,-2.1357820225314508
ours+4base,10,47,3,RawNet2,-0.07169294861445392,-0.03625456887567344,-2.1357820225314508
ours+4base,10,47,4,timepool_T150_aug,1.0192596500400246,0.5197566777556359,-2.184295317282879
ours+4base,10,47,4,CQCC-GMM,0.4430290135819995,0.22591622089591631,-2.184295317282879
ours+4base,10,47,4,LFCC-GMM,0.28789274337897547,0.14680672961275007,-2.184295317282879
ours+4base,10,47,4,LFCC-LCNN,0.13956813369161247,0.0711707458303273,-2.184295317282879
ours+4base,10,47,4,RawNet2,-0.07128279166970598,-0.03634962590537026,-2.184295317282879
ours+4base,10,47,5,timepool_T150_aug,1.0418633841089877,0.5212744212782414,-2.167311442532672
ours+4base,10,47,5,CQCC-GMM,0.4103975710566388,0.205333789064389,-2.167311442532672
ours+4base,10,47,5,LFCC-GMM,0.3221624117283427,0.16118718374474225,-2.167311442532672
ours+4base,10,47,5,LFCC-LCNN,0.15485706661870383,0.07747947476966578,-2.167311442532672
ours+4base,10,47,5,RawNet2,-0.06940459989868383,-0.03472513114296154,-2.167311442532672
ours+4base,10,47,6,timepool_T150_aug,1.0149585522512239,0.5136100091935023,-2.131782097221063
ours+4base,10,47,6,CQCC-GMM,0.43810095188792997,0.22169677119105285,-2.131782097221063
ours+4base,10,47,6,LFCC-GMM,0.3222293017769248,0.16306103759702828,-2.131782097221063
ours+4base,10,47,6,LFCC-LCNN,0.12787744574971469,0.06471115095436486,-2.131782097221063
ours+4base,10,47,6,RawNet2,-0.07296064244393304,-0.03692103106405161,-2.131782097221063
ours+4base,10,47,7,timepool_T150_aug,1.0214746213914352,0.5303613804031606,-2.131969650768716
ours+4base,10,47,7,CQCC-GMM,0.41873545479307767,0.21741226769323632,-2.131969650768716
ours+4base,10,47,7,LFCC-GMM,0.3075172771244123,0.15966650974779872,-2.131969650768716
ours+4base,10,47,7,LFCC-LCNN,0.11305806083759977,0.05870104646345029,-2.131969650768716
ours+4base,10,47,7,RawNet2,-0.06521195130068932,-0.03385879569235402,-2.131969650768716
ours+4base,10,47,8,timepool_T150_aug,1.0737255178546632,0.557568345421074,-2.1463171655465714
ours+4base,10,47,8,CQCC-GMM,0.37138688170981116,0.19285521830548552,-2.1463171655465714
ours+4base,10,47,8,LFCC-GMM,0.3130427787510825,0.1625580665559651,-2.1463171655465714
ours+4base,10,47,8,LFCC-LCNN,0.11369260989001241,0.059038738792047935,-2.1463171655465714
ours+4base,10,47,8,RawNet2,-0.05388118595954167,-0.027979630925427375,-2.1463171655465714
ours+4base,10,47,9,timepool_T150_aug,1.0542578468346513,0.5477650466793867,-2.1339172230008407
ours+4base,10,47,9,CQCC-GMM,0.41389973097355615,0.21505157029471378,-2.1339172230008407
ours+4base,10,47,9,LFCC-GMM,0.2848695402758052,0.14801082818137684,-2.1339172230008407
ours+4base,10,47,9,LFCC-LCNN,0.10931192747800335,0.05679564371977905,-2.1339172230008407
ours+4base,10,47,9,RawNet2,-0.06231433132955575,-0.03237691112474343,-2.1339172230008407
ours+all,10,47,0,timepool_T150_aug,0.7958190680610878,0.38656885327645696,-2.167158493065952
ours+all,10,47,0,flatten_T400_aug,0.4414937976551396,0.21445546850746586,-2.167158493065952
ours+all,10,47,0,CQCC-GMM,0.3813284111881136,0.18523015161457157,-2.167158493065952
ours+all,10,47,0,LFCC-GMM,0.3067599334209502,0.14900853781075324,-2.167158493065952
ours+all,10,47,0,LFCC-LCNN,0.053685635703592104,0.026077780068675335,-2.167158493065952
ours+all,10,47,0,RawNet2,-0.07958668991673809,-0.03865920872207701,-2.167158493065952
ours+all,10,47,1,timepool_T150_aug,0.8063479547504644,0.37278784885025856,-2.148077204718784
ours+all,10,47,1,flatten_T400_aug,0.44311652245445315,0.20486001635227408,-2.148077204718784
ours+all,10,47,1,CQCC-GMM,0.4108744446400073,0.18995397639756306,-2.148077204718784
ours+all,10,47,1,LFCC-GMM,0.30492388549026483,0.14097129987779997,-2.148077204718784
ours+all,10,47,1,LFCC-LCNN,0.09127362954630279,0.04219729189472719,-2.148077204718784
ours+all,10,47,1,RawNet2,-0.10648458764325883,-0.04922956662737715,-2.148077204718784
ours+all,10,47,2,timepool_T150_aug,0.7811795063393948,0.37961307812366074,-2.1525599985239947
ours+all,10,47,2,flatten_T400_aug,0.46204935706606143,0.2245322326782865,-2.1525599985239947
ours+all,10,47,2,CQCC-GMM,0.3577010984750434,0.17382434374991249,-2.1525599985239947
ours+all,10,47,2,LFCC-GMM,0.3207670465413792,0.1558762933615733,-2.1525599985239947
ours+all,10,47,2,LFCC-LCNN,0.04364869397797169,0.021211021209069734,-2.1525599985239947
ours+all,10,47,2,RawNet2,-0.09248515580077753,-0.04494303087749727,-2.1525599985239947
ours+all,10,47,3,timepool_T150_aug,0.7827864173556549,0.38319763912628163,-2.1798538338067504
ours+all,10,47,3,flatten_T400_aug,0.4339393484037473,0.2124264424439578,-2.1798538338067504
ours+all,10,47,3,CQCC-GMM,0.36847145045760465,0.1803779252810393,-2.1798538338067504
ours+all,10,47,3,LFCC-GMM,0.32528704840767375,0.15923785367821905,-2.1798538338067504
ours+all,10,47,3,LFCC-LCNN,0.05735100539604374,0.028075052635076026,-2.1798538338067504
ours+all,10,47,3,RawNet2,-0.07493936486602658,-0.036685086835426234,-2.1798538338067504
ours+all,10,47,4,timepool_T150_aug,0.740073574503543,0.3630207045056972,-2.2270946483595138
ours+all,10,47,4,flatten_T400_aug,0.43892676693320465,0.21530224784122065,-2.2270946483595138
ours+all,10,47,4,CQCC-GMM,0.41478555704691883,0.20346050761097625,-2.2270946483595138
ours+all,10,47,4,LFCC-GMM,0.2841951302463278,0.13940332414695125,-2.2270946483595138
ours+all,10,47,4,LFCC-LCNN,0.07877182428078851,0.03863913552756359,-2.2270946483595138
ours+all,10,47,4,RawNet2,-0.08190104556300665,-0.04017408036759126,-2.2270946483595138
ours+all,10,47,5,timepool_T150_aug,0.7641347797704837,0.367542138134051,-2.2108934623181034
ours+all,10,47,5,flatten_T400_aug,0.4392900431849115,0.21129466424977744,-2.2108934623181034
ours+all,10,47,5,CQCC-GMM,0.3844984647623335,0.1849403947958696,-2.2108934623181034
ours+all,10,47,5,LFCC-GMM,0.3184515502280172,0.15317240722646355,-2.2108934623181034
ours+all,10,47,5,LFCC-LCNN,0.09220530927367422,0.04434994639026469,-2.2108934623181034
ours+all,10,47,5,RawNet2,-0.08045977905914489,-0.03870044920357354,-2.2108934623181034
ours+all,10,47,6,timepool_T150_aug,0.6916024809096009,0.33516355284523147,-2.181566983801586
ours+all,10,47,6,flatten_T400_aug,0.5018921355682282,0.24322635610110743,-2.181566983801586
ours+all,10,47,6,CQCC-GMM,0.41632393903643505,0.2017584008062746,-2.181566983801586
ours+all,10,47,6,LFCC-GMM,0.313308771471348,0.1518353156365231,-2.181566983801586
ours+all,10,47,6,LFCC-LCNN,0.059418010885097385,0.028795084142922454,-2.181566983801586
ours+all,10,47,6,RawNet2,-0.08093225400504593,-0.03922129046794076,-2.181566983801586
ours+all,10,47,7,timepool_T150_aug,0.7336437638251507,0.36582171498908966,-2.1765580004141523
ours+all,10,47,7,flatten_T400_aug,0.45141553003052737,0.22509235614225662,-2.1765580004141523
ours+all,10,47,7,CQCC-GMM,0.39877833062122237,0.1988455160413655,-2.1765580004141523
ours+all,10,47,7,LFCC-GMM,0.2997439916479196,0.14946335877047115,-2.1765580004141523
ours+all,10,47,7,LFCC-LCNN,0.04767598422524578,0.02377299606846912,-2.1765580004141523
ours+all,10,47,7,RawNet2,-0.07421045626060044,-0.03700405798834788,-2.1765580004141523
ours+all,10,47,8,timepool_T150_aug,0.8355725197656539,0.4198121740499719,-2.1829542515022107
ours+all,10,47,8,flatten_T400_aug,0.37941992581772316,0.19062989766596294,-2.1829542515022107
ours+all,10,47,8,CQCC-GMM,0.35107910539354087,0.17639077280822743,-2.1829542515022107
ours+all,10,47,8,LFCC-GMM,0.3064338076879337,0.15395987776616005,-2.1829542515022107
ours+all,10,47,8,LFCC-LCNN,0.058264207646622136,0.02927337017771663,-2.1829542515022107
ours+all,10,47,8,RawNet2,-0.05957890716131396,-0.029933907531960895,-2.1829542515022107
ours+all,10,47,9,timepool_T150_aug,0.7572000173445816,0.3778947431597079,-2.18561656469839
ours+all,10,47,9,flatten_T400_aug,0.47345885570462626,0.23628844238624505,-2.18561656469839
ours+all,10,47,9,CQCC-GMM,0.3859339379580269,0.19260750530978157,-2.18561656469839
ours+all,10,47,9,LFCC-GMM,0.2811979186181304,0.14033704807072828,-2.18561656469839
ours+all,10,47,9,LFCC-LCNN,0.038407559203056114,0.019168006323255566,-2.18561656469839
ours+all,10,47,9,RawNet2,-0.06753431410056371,-0.03370425475028178,-2.18561656469839
ours,10,48,0,timepool_T150_aug,1.134899377822876,1.0,-1.9993929862976074
ours,10,48,1,timepool_T150_aug,1.2290077209472656,1.0,-2.057351589202881
ours,10,48,2,timepool_T150_aug,1.1637495756149292,1.0,-2.0174403190612793
ours,10,48,3,timepool_T150_aug,1.1597514152526855,1.0,-2.014526844024658
ours,10,48,4,timepool_T150_aug,1.1893644332885742,1.0,-2.003427028656006
ours,10,48,5,timepool_T150_aug,1.1699870824813843,1.0,-2.0206236839294434
ours,10,48,6,timepool_T150_aug,1.16439950466156,1.0,-2.0452775955200195
ours,10,48,7,timepool_T150_aug,1.1396809816360474,1.0,-2.0363705158233643
ours,10,48,8,timepool_T150_aug,1.1595542430877686,1.0,-1.9941422939300537
ours,10,48,9,timepool_T150_aug,1.169089913368225,1.0,-2.000054359436035
ours+2GMM,10,48,0,timepool_T150_aug,1.0421269024668882,0.5909841186082859,-2.113276460030566
ours+2GMM,10,48,0,CQCC-GMM,0.42098520346518675,0.2387382657794005,-2.113276460030566
ours+2GMM,10,48,0,LFCC-GMM,0.3002633717728127,0.17027761561231358,-2.113276460030566
ours+2GMM,10,48,1,timepool_T150_aug,1.1453130601106627,0.6229101203055386,-2.1619383205650027
ours+2GMM,10,48,1,CQCC-GMM,0.3651740315735069,0.19860997648794212,-2.1619383205650027
ours+2GMM,10,48,1,LFCC-GMM,0.32816189277748037,0.17847990320651935,-2.1619383205650027
ours+2GMM,10,48,2,timepool_T150_aug,1.057545657840291,0.5820023908766798,-2.1393301111231238
ours+2GMM,10,48,2,CQCC-GMM,0.3977199960833796,0.21887848236520063,-2.1393301111231238
ours+2GMM,10,48,2,LFCC-GMM,0.36181564061756427,0.19911912675811963,-2.1393301111231238
ours+2GMM,10,48,3,timepool_T150_aug,1.0762796270747836,0.5983913567226677,-2.1259830108123476
ours+2GMM,10,48,3,CQCC-GMM,0.3856515358266589,0.21441504599757719,-2.1259830108123476
ours+2GMM,10,48,3,LFCC-GMM,0.33669044983284596,0.18719359727975507,-2.1259830108123476
ours+2GMM,10,48,4,timepool_T150_aug,1.0951612171153065,0.6053260477442414,-2.1116066142305803
ours+2GMM,10,48,4,CQCC-GMM,0.36201427156764937,0.20009535108654547,-2.1116066142305803
ours+2GMM,10,48,4,LFCC-GMM,0.3520333190272771,0.19457860116921316,-2.1116066142305803
ours+2GMM,10,48,5,timepool_T150_aug,1.059892567070711,0.6013748425802631,-2.1233256375298635
ours+2GMM,10,48,5,CQCC-GMM,0.40717548312762175,0.23102821896861161,-2.1233256375298635
ours+2GMM,10,48,5,LFCC-GMM,0.29538107807435754,0.16759693845112533,-2.1233256375298635
ours+2GMM,10,48,6,timepool_T150_aug,1.0732700001483695,0.5882341144451584,-2.1690465407104753
ours+2GMM,10,48,6,CQCC-GMM,0.43958504476192256,0.24092625294019093,-2.1690465407104753
ours+2GMM,10,48,6,LFCC-GMM,0.31170761439877026,0.17083963261465068,-2.1690465407104753
ours+2GMM,10,48,7,timepool_T150_aug,1.045818173840451,0.5973799017014446,-2.1443529231967293
ours+2GMM,10,48,7,CQCC-GMM,0.4066234046880738,0.23226661727445383,-2.1443529231967293
ours+2GMM,10,48,7,LFCC-GMM,0.2982336130234074,0.17035348102410153,-2.1443529231967293
ours+2GMM,10,48,8,timepool_T150_aug,1.0686183466225085,0.5988468566797963,-2.1032726110356963
ours+2GMM,10,48,8,CQCC-GMM,0.4169206177895611,0.23363963592557932,-2.1032726110356963
ours+2GMM,10,48,8,LFCC-GMM,0.29892117711272637,0.16751350739462437,-2.1032726110356963
ours+2GMM,10,48,9,timepool_T150_aug,1.0815423362090055,0.5937621737720713,-2.1171731559086093
ours+2GMM,10,48,9,CQCC-GMM,0.42366563084062525,0.2325906416222183,-2.1171731559086093
ours+2GMM,10,48,9,LFCC-GMM,0.3162996735232755,0.17364718460571044,-2.1171731559086093
ours+4base,10,48,0,timepool_T150_aug,1.0227919781888382,0.5333886260090079,-2.1178359240152393
ours+4base,10,48,0,CQCC-GMM,0.4274514812251431,0.22291703798844137,-2.1178359240152393
ours+4base,10,48,0,LFCC-GMM,0.29407394277926197,0.153360311411361,-2.1178359240152393
ours+4base,10,48,0,LFCC-LCNN,0.10862639855558498,0.05664894397829631,-2.1178359240152393
ours+4base,10,48,0,RawNet2,-0.06459236015829434,-0.033685080612893284,-2.1178359240152393
ours+4base,10,48,1,timepool_T150_aug,1.1260189137331131,0.5444243952887625,-2.169324745509315
ours+4base,10,48,1,CQCC-GMM,0.38058053630362615,0.1840087460421505,-2.169324745509315
ours+4base,10,48,1,LFCC-GMM,0.32656788998990627,0.1578939073403714,-2.169324745509315
ours+4base,10,48,1,LFCC-LCNN,0.1264489348699733,0.061137414355910275,-2.169324745509315
ours+4base,10,48,1,RawNet2,-0.10865789407384617,-0.05253553697280537,-2.169324745509315
ours+4base,10,48,2,timepool_T150_aug,1.0393777120980228,0.5271448635955897,-2.144206210843734
ours+4base,10,48,2,CQCC-GMM,0.4061551173891953,0.20599112474963888,-2.144206210843734
ours+4base,10,48,2,LFCC-GMM,0.35343725517393615,0.17925402045824626,-2.144206210843734
ours+4base,10,48,2,LFCC-LCNN,0.10919545809479585,0.05538104597841374,-2.144206210843734
ours+4base,10,48,2,RawNet2,-0.06354618940161391,-0.032228945218111524,-2.144206210843734
ours+4base,10,48,3,timepool_T150_aug,1.0544109528005445,0.5434708594001783,-2.1303513830239216
ours+4base,10,48,3,CQCC-GMM,0.3928705554619789,0.20249571369004543,-2.1303513830239216
ours+4base,10,48,3,LFCC-GMM,0.3268756032053354,0.16848019694704328,-2.1303513830239216
ours+4base,10,48,3,LFCC-LCNN,0.11314711046364095,0.05831896681175114,-2.1303513830239216
ours+4base,10,48,3,RawNet2,-0.05283835344831775,-0.027234263150981933,-2.1303513830239216
ours+4base,10,48,4,timepool_T150_aug,1.071333802897072,0.5472182132281509,-2.117113579485859
ours+4base,10,48,4,CQCC-GMM,0.366500002309176,0.18720166942310956,-2.117113579485859
ours+4base,10,48,4,LFCC-GMM,0.34207521127142443,0.1747259214592105,-2.117113579485859
ours+4base,10,48,4,LFCC-LCNN,0.13038690848105652,0.06659930909899715,-2.117113579485859
ours+4base,10,48,4,RawNet2,-0.04748577345561515,-0.024254886790531883,-2.117113579485859
ours+4base,10,48,5,timepool_T150_aug,1.0310728125126227,0.522825744178908,-2.130408243098729
ours+4base,10,48,5,CQCC-GMM,0.42287232170199085,0.21442572590749923,-2.130408243098729
ours+4base,10,48,5,LFCC-GMM,0.2860796632203901,0.14506231858947474,-2.130408243098729
ours+4base,10,48,5,LFCC-LCNN,0.14365186937276836,0.0728415050771106,-2.130408243098729
ours+4base,10,48,5,RawNet2,-0.08843894531058472,-0.0448447062470073,-2.130408243098729
ours+4base,10,48,6,timepool_T150_aug,1.0458007902651565,0.5102900364442206,-2.1784584765202566
ours+4base,10,48,6,CQCC-GMM,0.45093554885131854,0.22003035358100223,-2.1784584765202566
ours+4base,10,48,6,LFCC-GMM,0.3047341739584789,0.14869257528065633,-2.1784584765202566
ours+4base,10,48,6,LFCC-LCNN,0.16216514668882895,0.07912717162208667,-2.1784584765202566
ours+4base,10,48,6,RawNet2,-0.0857886197155055,-0.04185986307203427,-2.1784584765202566
ours+4base,10,48,7,timepool_T150_aug,1.0183592454585477,0.5238416842158209,-2.151853735523907
ours+4base,10,48,7,CQCC-GMM,0.41589933820143055,0.2139376754905211,-2.151853735523907
ours+4base,10,48,7,LFCC-GMM,0.28710881652041287,0.14768812348882063,-2.151853735523907
ours+4base,10,48,7,LFCC-LCNN,0.14965247224730077,0.07698089201693065,-2.151853735523907
ours+4base,10,48,7,RawNet2,-0.07300114793652027,-0.037551624787906614,-2.151853735523907
ours+4base,10,48,8,timepool_T150_aug,1.048145212991764,0.5396694480698203,-2.108041485487371
ours+4base,10,48,8,CQCC-GMM,0.4241395521677302,0.2183811509949035,-2.108041485487371
ours+4base,10,48,8,LFCC-GMM,0.2927223904450008,0.15071702749872057,-2.108041485487371
ours+4base,10,48,8,LFCC-LCNN,0.11048212121584465,0.056885081035623994,-2.108041485487371
ours+4base,10,48,8,RawNet2,-0.06670926108199299,-0.034347292400931456,-2.108041485487371
ours+4base,10,48,9,timepool_T150_aug,1.0619642148734392,0.5340200019095719,-2.1223563209056726
ours+4base,10,48,9,CQCC-GMM,0.4321653230474138,0.21731892977818912,-2.1223563209056726
ours+4base,10,48,9,LFCC-GMM,0.309112560436906,0.15544053914703884,-2.1223563209056726
ours+4base,10,48,9,LFCC-LCNN,0.11361691940626184,0.057133476503746866,-2.1223563209056726
ours+4base,10,48,9,RawNet2,-0.07176352647780775,-0.03608705266145311,-2.1223563209056726
ours+all,10,48,0,timepool_T150_aug,0.7388713369103372,0.37154748082597683,-2.1618956214464724
ours+all,10,48,0,flatten_T400_aug,0.4453685782604874,0.22395722370782892,-2.1618956214464724
ours+all,10,48,0,CQCC-GMM,0.4020989354604852,0.20219873075314604,-2.1618956214464724
ours+all,10,48,0,LFCC-GMM,0.28855825902225374,0.14510387513416087,-2.1618956214464724
ours+all,10,48,0,LFCC-LCNN,0.045574771291857816,0.02291764562625696,-2.1618956214464724
ours+all,10,48,0,RawNet2,-0.0681604609231684,-0.03427504395263048,-2.1618956214464724
ours+all,10,48,1,timepool_T150_aug,0.8678650111891566,0.4050853132630654,-2.2098901344667254
ours+all,10,48,1,flatten_T400_aug,0.40665743690695577,0.18981172543699346,-2.2098901344667254
ours+all,10,48,1,CQCC-GMM,0.3594310639910441,0.1677683087532083,-2.2098901344667254
ours+all,10,48,1,LFCC-GMM,0.3218526701477659,0.15022818990330877,-2.2098901344667254
ours+all,10,48,1,LFCC-LCNN,0.06949416773083479,0.03243714902923483,-2.2098901344667254
ours+all,10,48,1,RawNet2,-0.11712491891966047,-0.054669313614189176,-2.2098901344667254
ours+all,10,48,2,timepool_T150_aug,0.7890855147220921,0.38825995614940906,-2.1814291339136065
ours+all,10,48,2,flatten_T400_aug,0.3947525797497734,0.19423321863599544,-2.1814291339136065
ours+all,10,48,2,CQCC-GMM,0.3821689721140923,0.1880416071342286,-2.1814291339136065
ours+all,10,48,2,LFCC-GMM,0.34569877317210385,0.17009688811735038,-2.1814291339136065
ours+all,10,48,2,LFCC-LCNN,0.05202611297582333,0.025598817828675364,-2.1814291339136065
ours+all,10,48,2,RawNet2,-0.06863193703701499,-0.033769512134341054,-2.1814291339136065
ours+all,10,48,3,timepool_T150_aug,0.7260303404423488,0.35971424870345625,-2.188170448918047
ours+all,10,48,3,flatten_T400_aug,0.524362491291111,0.2597972138301185,-2.188170448918047
ours+all,10,48,3,CQCC-GMM,0.3620419470225576,0.17937493754463418,-2.188170448918047
ours+all,10,48,3,LFCC-GMM,0.3138403164041574,0.15549327258058418,-2.188170448918047
ours+all,10,48,3,LFCC-LCNN,0.03342462325126864,0.016560345444655556,-2.188170448918047
ours+all,10,48,3,RawNet2,-0.058653302241010036,-0.029059981896551353,-2.188170448918047
ours+all,10,48,4,timepool_T150_aug,0.7956710531889488,0.39232159649313186,-2.1603312335157003
ours+all,10,48,4,flatten_T400_aug,0.4320578734848817,0.21303481385135134,-2.1603312335157003
ours+all,10,48,4,CQCC-GMM,0.34854122273878185,0.17185525148930525,-2.1603312335157003
ours+all,10,48,4,LFCC-GMM,0.32864403542100745,0.16204454358062073,-2.1603312335157003
ours+all,10,48,4,LFCC-LCNN,0.06773641285848943,0.03339879907262356,-2.1603312335157003
ours+all,10,48,4,RawNet2,-0.0554586379483971,-0.02734499551296726,-2.1603312335157003
ours+all,10,48,5,timepool_T150_aug,0.7364578995990343,0.358066739875878,-2.1773114595332497
ours+all,10,48,5,flatten_T400_aug,0.4619663567664119,0.22460861291561435,-2.1773114595332497
ours+all,10,48,5,CQCC-GMM,0.4044866491712201,0.19666190812931938,-2.1773114595332497
ours+all,10,48,5,LFCC-GMM,0.2829152346125051,0.1375537363019301,-2.1773114595332497
ours+all,10,48,5,LFCC-LCNN,0.07692642786028303,0.037401724184403844,-2.1773114595332497
ours+all,10,48,5,RawNet2,-0.09400897274220464,-0.04570727859285446,-2.1773114595332497
ours+all,10,48,6,timepool_T150_aug,0.7996120387808587,0.3794810506246817,-2.215060728854491
ours+all,10,48,6,flatten_T400_aug,0.38549660006747766,0.18294954016561643,-2.215060728854491
ours+all,10,48,6,CQCC-GMM,0.4255264895835506,0.20194698366722985,-2.215060728854491
ours+all,10,48,6,LFCC-GMM,0.3010350125441983,0.14286563645197237,-2.215060728854491
ours+all,10,48,6,LFCC-LCNN,0.10493316216111731,0.04979933354052962,-2.215060728854491
ours+all,10,48,6,RawNet2,-0.09051650551880144,-0.04295745554996993,-2.215060728854491
ours+all,10,48,7,timepool_T150_aug,0.7280590744478882,0.3592444363757173,-2.199069324476506
ours+all,10,48,7,flatten_T400_aug,0.4604901439210853,0.22721854313120574,-2.199069324476506
ours+all,10,48,7,CQCC-GMM,0.3885261162318983,0.19170950619469967,-2.199069324476506
ours+all,10,48,7,LFCC-GMM,0.2850024523162937,0.14062807393164709,-2.199069324476506
ours+all,10,48,7,LFCC-LCNN,0.0826836086335614,0.040798373955574174,-2.199069324476506
ours+all,10,48,7,RawNet2,-0.08187840934925666,-0.040401066411156095,-2.199069324476506
ours+all,10,48,8,timepool_T150_aug,0.7139540657404351,0.3509520557569037,-2.163611077524624
ours+all,10,48,8,flatten_T400_aug,0.5283855649748357,0.25973379683450026,-2.163611077524624
ours+all,10,48,8,CQCC-GMM,0.3964949293715134,0.19490148909763416,-2.163611077524624
ours+all,10,48,8,LFCC-GMM,0.2877355289724767,0.1414395971013401,-2.163611077524624
ours+all,10,48,8,LFCC-LCNN,0.03206617252270824,0.01576248348054283,-2.163611077524624
ours+all,10,48,8,RawNet2,-0.07569878227648451,-0.0372105777290791,-2.163611077524624
ours+all,10,48,9,timepool_T150_aug,0.8005258779333,0.3890493057792742,-2.1616450035051984
ours+all,10,48,9,flatten_T400_aug,0.4115112407881191,0.19999123946162414,-2.1616450035051984
ours+all,10,48,9,CQCC-GMM,0.40487205085212064,0.1967646451606312,-2.1616450035051984
ours+all,10,48,9,LFCC-GMM,0.30099815625271087,0.14628274607846684,-2.1616450035051984
ours+all,10,48,9,LFCC-LCNN,0.057124529767046926,0.0277620739834332,-2.1616450035051984
ours+all,10,48,9,RawNet2,-0.08261447879568001,-0.040149989536570466,-2.1616450035051984
ours,10,49,0,timepool_T150_aug,1.1937612295150757,1.0,-2.006186008453369
ours,10,49,1,timepool_T150_aug,1.199011206626892,1.0,-2.038839340209961
ours,10,49,2,timepool_T150_aug,1.1547150611877441,1.0,-2.0114946365356445
ours,10,49,3,timepool_T150_aug,1.1769064664840698,1.0,-2.0536322593688965
ours,10,49,4,timepool_T150_aug,1.161499261856079,1.0,-2.0701348781585693
ours,10,49,5,timepool_T150_aug,1.157096266746521,1.0,-2.0123276710510254
ours,10,49,6,timepool_T150_aug,1.151702880859375,1.0,-2.009796380996704
ours,10,49,7,timepool_T150_aug,1.1635187864303589,1.0,-1.9963765144348145
ours,10,49,8,timepool_T150_aug,1.1371681690216064,1.0,-2.007922410964966
ours,10,49,9,timepool_T150_aug,1.17953360080719,1.0,-1.9784618616104126
ours+2GMM,10,49,0,timepool_T150_aug,1.0985122759999597,0.6119097154700648,-2.106736080419507
ours+2GMM,10,49,0,CQCC-GMM,0.3964021416571568,0.22080984164911058,-2.106736080419507
ours+2GMM,10,49,0,LFCC-GMM,0.30030511919251524,0.1672804428808246,-2.106736080419507
ours+2GMM,10,49,1,timepool_T150_aug,1.1120307976994857,0.6083276967360305,-2.1513943722072684
ours+2GMM,10,49,1,CQCC-GMM,0.3964674374015573,0.21688439162320985,-2.1513943722072684
ours+2GMM,10,49,1,LFCC-GMM,0.31951453444087263,0.1747879116407596,-2.1513943722072684
ours+2GMM,10,49,2,timepool_T150_aug,1.0680668572370722,0.5930338086619696,-2.125179547612324
ours+2GMM,10,49,2,CQCC-GMM,0.391665880760954,0.2174686981594614,-2.125179547612324
ours+2GMM,10,49,2,LFCC-GMM,0.34128912894560426,0.18949749317856904,-2.125179547612324
ours+2GMM,10,49,3,timepool_T150_aug,1.063878469128271,0.5927401427442854,-2.166644293672441
ours+2GMM,10,49,3,CQCC-GMM,0.4047055240568899,0.22548177922562976,-2.166644293672441
ours+2GMM,10,49,3,LFCC-GMM,0.32626402268009785,0.18177807803008478,-2.166644293672441
ours+2GMM,10,49,4,timepool_T150_aug,1.0678590157303973,0.590188392926597,-2.1892813405578013
ours+2GMM,10,49,4,CQCC-GMM,0.388638520064873,0.2147942192814407,-2.1892813405578013
ours+2GMM,10,49,4,LFCC-GMM,0.35285525481985996,0.19501738779196226,-2.1892813405578013
ours+2GMM,10,49,5,timepool_T150_aug,1.0690155167212894,0.5962465088456405,-2.1252305277367114
ours+2GMM,10,49,5,CQCC-GMM,0.37908005423342706,0.21143300108769658,-2.1252305277367114
ours+2GMM,10,49,5,LFCC-GMM,0.3448130681096039,0.192320490066663,-2.1252305277367114
ours+2GMM,10,49,6,timepool_T150_aug,1.0633647898056302,0.5981137951793652,-2.1238969988264786
ours+2GMM,10,49,6,CQCC-GMM,0.423364233472791,0.23813087555014806,-2.1238969988264786
ours+2GMM,10,49,6,LFCC-GMM,0.29113465145381495,0.1637553292704868,-2.1238969988264786
ours+2GMM,10,49,7,timepool_T150_aug,1.0707988022174066,0.6017431713974278,-2.1041283386695553
ours+2GMM,10,49,7,CQCC-GMM,0.41019630425325554,0.2305127952195292,-2.1041283386695553
ours+2GMM,10,49,7,LFCC-GMM,0.2984996233668051,0.16774403338304295,-2.1041283386695553
ours+2GMM,10,49,8,timepool_T150_aug,1.0415399125348646,0.5912230769970891,-2.1195682354105565
ours+2GMM,10,49,8,CQCC-GMM,0.43508265727957895,0.24697172358845354,-2.1195682354105565
ours+2GMM,10,49,8,LFCC-GMM,0.28504735319499375,0.16180519941445737,-2.1195682354105565
ours+2GMM,10,49,9,timepool_T150_aug,1.0893324709165262,0.5961847962800544,-2.0925498708397647
ours+2GMM,10,49,9,CQCC-GMM,0.3980444528214844,0.21784722052406982,-2.0925498708397647
ours+2GMM,10,49,9,LFCC-GMM,0.33979558672100924,0.18596798319587582,-2.0925498708397647
ours+4base,10,49,0,timepool_T150_aug,1.0823506237192526,0.5644596808975432,-2.109217951721344
ours+4base,10,49,0,CQCC-GMM,0.40427374915441777,0.2108339261253543,-2.109217951721344
ours+4base,10,49,0,LFCC-GMM,0.29718543426813754,0.15498600150287584,-2.109217951721344
ours+4base,10,49,0,LFCC-LCNN,0.07667648007338064,0.03998776415524451,-2.109217951721344
ours+4base,10,49,0,RawNet2,-0.05701226998594755,-0.02973262731898225,-2.109217951721344
ours+4base,10,49,1,timepool_T150_aug,1.0872613391261836,0.5269391898455488,-2.1604575116040503
ours+4base,10,49,1,CQCC-GMM,0.40963348946250516,0.19852811031104514,-2.1604575116040503
ours+4base,10,49,1,LFCC-GMM,0.3148969004423616,0.1526141982913963,-2.1604575116040503
ours+4base,10,49,1,LFCC-LCNN,0.15122002248911257,0.07328850320648699,-2.1604575116040503
ours+4base,10,49,1,RawNet2,-0.10034083275976304,-0.048629998345522826,-2.1604575116040503
ours+4base,10,49,2,timepool_T150_aug,1.0407584568535142,0.5198822426113843,-2.1330541368152636
ours+4base,10,49,2,CQCC-GMM,0.40109810994113526,0.20035752150773492,-2.1330541368152636
ours+4base,10,49,2,LFCC-GMM,0.33150216987747416,0.16559278511891867,-2.1330541368152636
ours+4base,10,49,2,LFCC-LCNN,0.15645291951697518,0.07815174993387691,-2.1330541368152636
ours+4base,10,49,2,RawNet2,-0.07210026068221576,-0.03601570082808516,-2.1330541368152636
ours+4base,10,49,3,timepool_T150_aug,1.0387443493620496,0.5166805407085401,-2.176227629571783
ours+4base,10,49,3,CQCC-GMM,0.4131819513468924,0.20552032284366584,-2.176227629571783
ours+4base,10,49,3,LFCC-GMM,0.31397311743104656,0.1561729795996962,-2.176227629571783
ours+4base,10,49,3,LFCC-LCNN,0.16496572177818888,0.08205539541955292,-2.176227629571783
ours+4base,10,49,3,RawNet2,-0.07955380858254879,-0.03957076142854513,-2.176227629571783
ours+4base,10,49,4,timepool_T150_aug,1.0457795361308684,0.5287964248584954,-2.1952611634818475
ours+4base,10,49,4,CQCC-GMM,0.39604897653591725,0.2002614084761086,-2.1952611634818475
ours+4base,10,49,4,LFCC-GMM,0.34422315274550974,0.1740557796711055,-2.1952611634818475
ours+4base,10,49,4,LFCC-LCNN,0.1255091257737275,0.06346344970739319,-2.1952611634818475
ours+4base,10,49,4,RawNet2,-0.06609920606285473,-0.033422937286897304,-2.1952611634818475
ours+4base,10,49,5,timepool_T150_aug,1.05146958933274,0.538437001958886,-2.1298744986758216
ours+4base,10,49,5,CQCC-GMM,0.3886197313791331,0.19900456008303183,-2.1298744986758216
ours+4base,10,49,5,LFCC-GMM,0.3387137608956739,0.17344868913861883,-2.1298744986758216
ours+4base,10,49,5,LFCC-LCNN,0.1020747997301267,0.05227050758274536,-2.1298744986758216
ours+4base,10,49,5,RawNet2,-0.07194034160649918,-0.03683924123671792,-2.1298744986758216
ours+4base,10,49,6,timepool_T150_aug,1.041724348908665,0.5344314806442481,-2.1293254689108623
ours+4base,10,49,6,CQCC-GMM,0.4322152166250536,0.2217375627438216,-2.1293254689108623
ours+4base,10,49,6,LFCC-GMM,0.28252552072843967,0.14494288486284154,-2.1293254689108623
ours+4base,10,49,6,LFCC-LCNN,0.1238200149961059,0.06352286381429656,-2.1293254689108623
ours+4base,10,49,6,RawNet2,-0.06893455858079318,-0.0353652079347922,-2.1293254689108623
ours+4base,10,49,7,timepool_T150_aug,1.0479401038779623,0.5520428803866498,-2.10826367356873
ours+4base,10,49,7,CQCC-GMM,0.41424928092311747,0.21822179091404206,-2.10826367356873
ours+4base,10,49,7,LFCC-GMM,0.2901532458209713,0.15284941666398716,-2.10826367356873
ours+4base,10,49,7,LFCC-LCNN,0.10966647781255823,0.057771048239750836,-2.10826367356873
ours+4base,10,49,7,RawNet2,-0.0362856456685267,-0.01911486379557011,-2.10826367356873
ours+4base,10,49,8,timepool_T150_aug,1.0204087633746552,0.5213539250584512,-2.1254407904896246
ours+4base,10,49,8,CQCC-GMM,0.4462226215919195,0.22798698283170535,-2.1254407904896246
ours+4base,10,49,8,LFCC-GMM,0.2784107412887504,0.1422474384375992,-2.1254407904896246
ours+4base,10,49,8,LFCC-LCNN,0.12375262775651313,0.06322850266767717,-2.1254407904896246
ours+4base,10,49,8,RawNet2,-0.08843375109676518,-0.045183151004567115,-2.1254407904896246
ours+4base,10,49,9,timepool_T150_aug,1.0649146122600375,0.5272892984244753,-2.098681836984542
ours+4base,10,49,9,CQCC-GMM,0.4108531064647967,0.20343269194473104,-2.098681836984542
ours+4base,10,49,9,LFCC-GMM,0.33150754384504283,0.16414497294341732,-2.098681836984542
ours+4base,10,49,9,LFCC-LCNN,0.12925514437636862,0.06400029975297887,-2.098681836984542
ours+4base,10,49,9,RawNet2,-0.08307176484440283,-0.04113273693439761,-2.098681836984542
ours+all,10,49,0,timepool_T150_aug,0.8169170781127122,0.4109859058364131,-2.1496066240512035
ours+all,10,49,0,flatten_T400_aug,0.4175302359080668,0.21005686723456174,-2.1496066240512035
ours+all,10,49,0,CQCC-GMM,0.37830414228779413,0.19032246327743524,-2.1496066240512035
ours+all,10,49,0,LFCC-GMM,0.293522859409084,0.1476695266753774,-2.1496066240512035
ours+all,10,49,0,LFCC-LCNN,0.02032174350174778,0.010223742880411066,-2.1496066240512035
ours+all,10,49,0,RawNet2,-0.061104897216493176,-0.03074149409580151,-2.1496066240512035
ours+all,10,49,1,timepool_T150_aug,0.8148379997865731,0.382213703424084,-2.202952454563577
ours+all,10,49,1,flatten_T400_aug,0.43002087559049046,0.20170864816338793,-2.202952454563577
ours+all,10,49,1,CQCC-GMM,0.37854647186779694,0.17756369851259804,-2.202952454563577
ours+all,10,49,1,LFCC-GMM,0.3130498092936518,0.14684136846547383,-2.202952454563577
ours+all,10,49,1,LFCC-LCNN,0.08887174637472399,0.04168681298680996,-2.202952454563577
ours+all,10,49,1,RawNet2,-0.10656421581641357,-0.049985768447646135,-2.202952454563577
ours+all,10,49,2,timepool_T150_aug,0.7544393508335026,0.3612963862380955,-2.1809058888944146
ours+all,10,49,2,flatten_T400_aug,0.4550455398473452,0.21791852312445456,-2.1809058888944146
ours+all,10,49,2,CQCC-GMM,0.37421266314270624,0.17920815335072737,-2.1809058888944146
ours+all,10,49,2,LFCC-GMM,0.32812385953354595,0.15713650747007424,-2.1809058888944146
ours+all,10,49,2,LFCC-LCNN,0.09228553532545543,0.04419497787104892,-2.1809058888944146
ours+all,10,49,2,RawNet2,-0.08403835132696247,-0.04024545194559949,-2.1809058888944146
ours+all,10,49,3,timepool_T150_aug,0.7553892727942426,0.36285725504994387,-2.2209161891783684
ours+all,10,49,3,flatten_T400_aug,0.44577687484353173,0.2141324731447777,-2.2209161891783684
ours+all,10,49,3,CQCC-GMM,0.39357786066139955,0.18905826083517188,-2.2209161891783684
ours+all,10,49,3,LFCC-GMM,0.3063543471624778,0.1471597512535414,-2.2209161891783684
ours+all,10,49,3,LFCC-LCNN,0.09757743519227727,0.04687209835229922,-2.2209161891783684
ours+all,10,49,3,RawNet2,-0.08310502613109094,-0.03992016136426574,-2.2209161891783684
ours+all,10,49,4,timepool_T150_aug,0.8012161980633278,0.39225908253266123,-2.2319883046237887
ours+all,10,49,4,flatten_T400_aug,0.3834169459468383,0.18771310391392548,-2.2319883046237887
ours+all,10,49,4,CQCC-GMM,0.3760541534090796,0.18410843110186723,-2.2319883046237887
ours+all,10,49,4,LFCC-GMM,0.3367187721695161,0.16485063202915795,-2.2319883046237887
ours+all,10,49,4,LFCC-LCNN,0.06984269724238473,0.03419355775398198,-2.2319883046237887
ours+all,10,49,4,RawNet2,-0.07532012128788132,-0.03687519266840617,-2.2319883046237887
ours+all,10,49,5,timepool_T150_aug,0.8064320814327961,0.401129445136832,-2.167010373271672
ours+all,10,49,5,flatten_T400_aug,0.38478472471627323,0.1913967545144469,-2.167010373271672
ours+all,10,49,5,CQCC-GMM,0.3659533392753611,0.1820297868962317,-2.167010373271672
ours+all,10,49,5,LFCC-GMM,0.33113907368575035,0.1647127339660022,-2.167010373271672
ours+all,10,49,5,LFCC-LCNN,0.04656341315710073,0.023161226485681925,-2.167010373271672
ours+all,10,49,5,RawNet2,-0.07553096988590532,-0.0375700530008054,-2.167010373271672
ours+all,10,49,6,timepool_T150_aug,0.7216606368221417,0.3551425278957043,-2.181426791045431
ours+all,10,49,6,flatten_T400_aug,0.4990841524808227,0.2456085291352922,-2.181426791045431
ours+all,10,49,6,CQCC-GMM,0.40766287448475175,0.2006184297529111,-2.181426791045431
ours+all,10,49,6,LFCC-GMM,0.2753012272456376,0.1354808185289755,-2.181426791045431
ours+all,10,49,6,LFCC-LCNN,0.0530805713424979,0.026121929514868334,-2.181426791045431
ours+all,10,49,6,RawNet2,-0.07524156780838415,-0.037027765172248525,-2.181426791045431
ours+all,10,49,7,timepool_T150_aug,0.7289683927715909,0.3687584159097481,-2.1621983119099175
ours+all,10,49,7,flatten_T400_aug,0.5104964657624202,0.25824146822928135,-2.1621983119099175
ours+all,10,49,7,CQCC-GMM,0.3850310228275824,0.19477309505036017,-2.1621983119099175
ours+all,10,49,7,LFCC-GMM,0.2802770416815592,0.14178189196022728,-2.1621983119099175
ours+all,10,49,7,LFCC-LCNN,0.03002934482000927,0.015190745903991372,-2.1621983119099175
ours+all,10,49,7,RawNet2,-0.04201605362025182,-0.02125438294639174,-2.1621983119099175
ours+all,10,49,8,timepool_T150_aug,0.7186173661419428,0.3532765192850344,-2.1735493484163166
ours+all,10,49,8,flatten_T400_aug,0.475649864201759,0.23383226782527528,-2.1735493484163166
ours+all,10,49,8,CQCC-GMM,0.4196442827652566,0.20629959494172848,-2.1735493484163166
ours+all,10,49,8,LFCC-GMM,0.2716086290475772,0.13352439782084993,-2.1735493484163166
ours+all,10,49,8,LFCC-LCNN,0.05304946728984263,0.026079429801003588,-2.1735493484163166
ours+all,10,49,8,RawNet2,-0.09558020497177211,-0.046987790326108274,-2.1735493484163166
ours+all,10,49,9,timepool_T150_aug,0.7677167923810236,0.3648104192940487,-2.1474120605979703
ours+all,10,49,9,flatten_T400_aug,0.46633172465910355,0.2215956114173041,-2.1474120605979703
ours+all,10,49,9,CQCC-GMM,0.3897097967960784,0.185185729663727,-2.1474120605979703
ours+all,10,49,9,LFCC-GMM,0.3220484258280937,0.15303380416489015,-2.1474120605979703
ours+all,10,49,9,LFCC-LCNN,0.06511746526258477,0.03094309000605936,-2.1474120605979703
ours+all,10,49,9,RawNet2,-0.09350251036991701,-0.0444313454539707,-2.1474120605979703
ours,10,50,0,timepool_T150_aug,1.1525778770446777,1.0,-2.037468910217285
ours,10,50,1,timepool_T150_aug,1.1162348985671997,1.0,-2.0676631927490234
ours,10,50,2,timepool_T150_aug,1.170389175415039,1.0,-1.9636056423187256
ours,10,50,3,timepool_T150_aug,1.1920164823532104,1.0,-2.006488084793091
ours,10,50,4,timepool_T150_aug,1.1359981298446655,1.0,-2.0270936489105225
ours,10,50,5,timepool_T150_aug,1.182126760482788,1.0,-1.999314546585083
ours,10,50,6,timepool_T150_aug,1.1878910064697266,1.0,-1.97355055809021
ours,10,50,7,timepool_T150_aug,1.1507656574249268,1.0,-2.0441479682922363
ours,10,50,8,timepool_T150_aug,1.2246078252792358,1.0,-2.033529758453369
ours,10,50,9,timepool_T150_aug,1.16472327709198,1.0,-2.0255026817321777
ours+2GMM,10,50,0,timepool_T150_aug,1.0680988183992934,0.5972025232878189,-2.151852408804742
ours+2GMM,10,50,0,CQCC-GMM,0.4102189893595996,0.22936437277711522,-2.151852408804742
ours+2GMM,10,50,0,LFCC-GMM,0.3101857178441431,0.17343310393506586,-2.151852408804742
ours+2GMM,10,50,1,timepool_T150_aug,1.0146333835847154,0.5813804791908295,-2.1858651832540996
ours+2GMM,10,50,1,CQCC-GMM,0.4312196830600207,0.2470869873098556,-2.1858651832540996
ours+2GMM,10,50,1,LFCC-GMM,0.2993609883522449,0.17153253349931494,-2.1858651832540996
ours+2GMM,10,50,2,timepool_T150_aug,1.0821845679284943,0.6011336032147314,-2.0720506000049603
ours+2GMM,10,50,2,CQCC-GMM,0.4069121510469353,0.22603220818323833,-2.0720506000049603
ours+2GMM,10,50,2,LFCC-GMM,0.3111429650835005,0.17283418860203026,-2.0720506000049603
ours+2GMM,10,50,3,timepool_T150_aug,1.0738821633081688,0.5970235023171392,-2.118730616275164
ours+2GMM,10,50,3,CQCC-GMM,0.4393946571888187,0.24428093332529588,-2.118730616275164
ours+2GMM,10,50,3,LFCC-GMM,0.28544996184955074,0.15869556435756493,-2.118730616275164
ours+2GMM,10,50,4,timepool_T150_aug,1.0490595418238025,0.5930444222857083,-2.137421690855823
ours+2GMM,10,50,4,CQCC-GMM,0.41553668439904895,0.23490726990531752,-2.137421690855823
ours+2GMM,10,50,4,LFCC-GMM,0.30434300059008007,0.1720483078089742,-2.137421690855823
ours+2GMM,10,50,5,timepool_T150_aug,1.0900308944837942,0.5990361450374941,-2.1114065087539204
ours+2GMM,10,50,5,CQCC-GMM,0.3974231838631874,0.2184074352522588,-2.1114065087539204
ours+2GMM,10,50,5,LFCC-GMM,0.3321871962468383,0.18255641971024705,-2.1114065087539204
ours+2GMM,10,50,6,timepool_T150_aug,1.0955318304382926,0.5971239828983737,-2.088976690874067
ours+2GMM,10,50,6,CQCC-GMM,0.414009081160495,0.22565729687630062,-2.088976690874067
ours+2GMM,10,50,6,LFCC-GMM,0.3251397607813476,0.1772187202253257,-2.088976690874067
ours+2GMM,10,50,7,timepool_T150_aug,1.0717185796543673,0.5968767415424061,-2.1596909693104287
ours+2GMM,10,50,7,CQCC-GMM,0.3477684775598991,0.1936841626502916,-2.1596909693104287
ours+2GMM,10,50,7,LFCC-GMM,0.37605715662946426,0.20943909580730222,-2.1596909693104287
ours+2GMM,10,50,8,timepool_T150_aug,1.1286656767356844,0.6196578019689555,-2.131948811505393
ours+2GMM,10,50,8,CQCC-GMM,0.3636869264637319,0.1996706784857225,-2.131948811505393
ours+2GMM,10,50,8,LFCC-GMM,0.3290812158364488,0.18067151954532198,-2.131948811505393
ours+2GMM,10,50,9,timepool_T150_aug,1.0722991395520394,0.5950363663887841,-2.1414843936097987
ours+2GMM,10,50,9,CQCC-GMM,0.403305771050326,0.22380098211182647,-2.1414843936097987
ours+2GMM,10,50,9,LFCC-GMM,0.32646837453097033,0.18116265149938943,-2.1414843936097987
ours+4base,10,50,0,timepool_T150_aug,1.0463428937506218,0.5297333710463091,-2.1577375716466616
ours+4base,10,50,0,CQCC-GMM,0.4191953664888765,0.21222658073508188,-2.1577375716466616
ours+4base,10,50,0,LFCC-GMM,0.3036426729610879,0.1537255690289276,-2.1577375716466616
ours+4base,10,50,0,LFCC-LCNN,0.12920776011674756,0.06541417994118896,-2.1577375716466616
ours+4base,10,50,0,RawNet2,-0.07683686531403057,-0.03890029924849236,-2.1577375716466616
ours+4base,10,50,1,timepool_T150_aug,0.9927506370217474,0.5173579975568521,-2.1918629922311257
ours+4base,10,50,1,CQCC-GMM,0.4376243495419549,0.22806175963822214,-2.1918629922311257
ours+4base,10,50,1,LFCC-GMM,0.2924082488944942,0.15238443620746542,-2.1918629922311257
ours+4base,10,50,1,LFCC-LCNN,0.12559537552412747,0.06545225916801908,-2.1918629922311257
ours+4base,10,50,1,RawNet2,-0.07050665165953722,-0.03674354742944134,-2.1918629922311257
ours+4base,10,50,2,timepool_T150_aug,1.0587002622406685,0.5376086906382043,-2.0774609972019396
ours+4base,10,50,2,CQCC-GMM,0.4165846440624441,0.21154195670113235,-2.0774609972019396
ours+4base,10,50,2,LFCC-GMM,0.3016589998797977,0.15318263887209846,-2.0774609972019396
ours+4base,10,50,2,LFCC-LCNN,0.1262436430311368,0.06410660510060201,-2.0774609972019396
ours+4base,10,50,2,RawNet2,-0.06608913971720459,-0.03356010868796294,-2.0774609972019396
ours+4base,10,50,3,timepool_T150_aug,1.0487829107958215,0.5275915726267174,-2.126332136004076
ours+4base,10,50,3,CQCC-GMM,0.4491940502867111,0.22596763635812941,-2.126332136004076
ours+4base,10,50,3,LFCC-GMM,0.2764761692187694,0.13908168736393384,-2.126332136004076
ours+4base,10,50,3,LFCC-LCNN,0.1416639424783977,0.07126422582530932,-2.126332136004076
ours+4base,10,50,3,RawNet2,-0.07175188724604827,-0.03609487782591006,-2.126332136004076
ours+4base,10,50,4,timepool_T150_aug,1.0261164531141829,0.5230765583260502,-2.143930715244886
ours+4base,10,50,4,CQCC-GMM,0.4268982788475184,0.21761709577619084,-2.143930715244886
ours+4base,10,50,4,LFCC-GMM,0.29686368827020115,0.15133022755953698,-2.143930715244886
ours+4base,10,50,4,LFCC-LCNN,0.12985147385390025,0.06619352202269489,-2.143930715244886
ours+4base,10,50,4,RawNet2,-0.08196469302771887,-0.041782596315527096,-2.143930715244886
ours+4base,10,50,5,timepool_T150_aug,1.062792714376227,0.5396159466922917,-2.116180103840842
ours+4base,10,50,5,CQCC-GMM,0.4069172069074384,0.2066056822374959,-2.116180103840842
ours+4base,10,50,5,LFCC-GMM,0.3206025616933652,0.16278080617223406,-2.116180103840842
ours+4base,10,50,5,LFCC-LCNN,0.12567750945830822,0.06381073875170272,-2.116180103840842
ours+4base,10,50,5,RawNet2,-0.053545416758692004,-0.02718682614627566,-2.116180103840842
ours+4base,10,50,6,timepool_T150_aug,1.072959808931135,0.5190507492118224,-2.0987971319042678
ours+4base,10,50,6,CQCC-GMM,0.42218652800325124,0.20423526756843344,-2.0987971319042678
ours+4base,10,50,6,LFCC-GMM,0.318098838942725,0.15388222308262559,-2.0987971319042678
ours+4base,10,50,6,LFCC-LCNN,0.15889636942224888,0.07686707266119996,-2.0987971319042678
ours+4base,10,50,6,RawNet2,-0.09501626260366781,-0.04596468747591868,-2.0987971319042678
ours+4base,10,50,7,timepool_T150_aug,1.0529377413063798,0.5350692248882983,-2.164817011626283
ours+4base,10,50,7,CQCC-GMM,0.3571806000171613,0.1815077371613651,-2.164817011626283
ours+4base,10,50,7,LFCC-GMM,0.3705063674764082,0.18827946523772268,-2.164817011626283
ours+4base,10,50,7,LFCC-LCNN,0.11350246677027619,0.05767831708865496,-2.164817011626283
ours+4base,10,50,7,RawNet2,-0.07372612701168291,-0.03746525562395888,-2.164817011626283
ours+4base,10,50,8,timepool_T150_aug,1.104655824555392,0.5572769673904839,-2.1371602867164237
ours+4base,10,50,8,CQCC-GMM,0.3745787342718529,0.1889675466727391,-2.1371602867164237
ours+4base,10,50,8,LFCC-GMM,0.3227831007394254,0.16283767623038878,-2.1371602867164237
ours+4base,10,50,8,LFCC-LCNN,0.11438893687536861,0.057706951276506324,-2.1371602867164237
ours+4base,10,50,8,RawNet2,-0.06583184008993363,-0.03321085842988183,-2.1371602867164237
ours+4base,10,50,9,timepool_T150_aug,1.0540220365622752,0.5386343384869151,-2.1454766166927466
ours+4base,10,50,9,CQCC-GMM,0.4117127175491537,0.21039655678075192,-2.1454766166927466
ours+4base,10,50,9,LFCC-GMM,0.3185049502551836,0.16276481632684764,-2.1454766166927466
ours+4base,10,50,9,LFCC-LCNN,0.10539750288694615,0.053861031625906386,-2.1454766166927466
ours+4base,10,50,9,RawNet2,-0.06720431072901677,-0.034343256779579015,-2.1454766166927466
ours+all,10,50,0,timepool_T150_aug,0.7658884636881067,0.37334332008836024,-2.2011144769552673
ours+all,10,50,0,flatten_T400_aug,0.4430678751226552,0.2159797925747968,-2.2011144769552673
ours+all,10,50,0,CQCC-GMM,0.3924748824370828,0.19131751241525424,-2.2011144769552673
ours+all,10,50,0,LFCC-GMM,0.2994677283709702,0.14597984076029558,-2.2011144769552673
ours+all,10,50,0,LFCC-LCNN,0.06439631681853013,0.03139090854916254,-2.2011144769552673
ours+all,10,50,0,RawNet2,-0.08613681357641212,-0.04198862561213066,-2.2011144769552673
ours+all,10,50,1,timepool_T150_aug,0.7337216355760247,0.37049716658365894,-2.229678817507118
ours+all,10,50,1,flatten_T400_aug,0.4062659444164831,0.20514643972243213,-2.229678817507118
ours+all,10,50,1,CQCC-GMM,0.41618028954726516,0.21015274811158505,-2.229678817507118
ours+all,10,50,1,LFCC-GMM,0.28438653024719757,0.1436026942130799,-2.229678817507118
ours+all,10,50,1,LFCC-LCNN,0.06539740760601634,0.0330228155272043,-2.229678817507118
ours+all,10,50,1,RawNet2,-0.07441862928712467,-0.03757813584203968,-2.229678817507118
ours+all,10,50,2,timepool_T150_aug,0.7416702343190017,0.36213675685110824,-2.128440873442803
ours+all,10,50,2,flatten_T400_aug,0.4932604856658319,0.24084524940635124,-2.128440873442803
ours+all,10,50,2,CQCC-GMM,0.38990613180083455,0.19038021955453502,-2.128440873442803
ours+all,10,50,2,LFCC-GMM,0.2927182669057588,0.14292611317435575,-2.128440873442803
ours+all,10,50,2,LFCC-LCNN,0.05585964544768449,0.02727469690063975,-2.128440873442803
ours+all,10,50,2,RawNet2,-0.07462432686080563,-0.03643696411301001,-2.128440873442803
ours+all,10,50,3,timepool_T150_aug,0.7677780877049698,0.37326822658297204,-2.171531078804079
ours+all,10,50,3,flatten_T400_aug,0.44242354860844935,0.2150916469643762,-2.171531078804079
ours+all,10,50,3,CQCC-GMM,0.4233756498893357,0.20583119073506564,-2.171531078804079
ours+all,10,50,3,LFCC-GMM,0.2735875475483617,0.1330091862791,-2.171531078804079
ours+all,10,50,3,LFCC-LCNN,0.0761004005220354,0.03699748924852022,-2.171531078804079
ours+all,10,50,3,RawNet2,-0.0736419253141484,-0.03580226018996598,-2.171531078804079
ours+all,10,50,4,timepool_T150_aug,0.7574577042850669,0.37303293573665225,-2.185119907777404
ours+all,10,50,4,flatten_T400_aug,0.42510466526527724,0.20935563844971186,-2.185119907777404
ours+all,10,50,4,CQCC-GMM,0.4017151395307187,0.19783675970454737,-2.185119907777404
ours+all,10,50,4,LFCC-GMM,0.29303092682921306,0.14431193488210256,-2.185119907777404
ours+all,10,50,4,LFCC-LCNN,0.06552515191215182,0.03226984113317704,-2.185119907777404
ours+all,10,50,4,RawNet2,-0.0877048223832723,-0.043192890093808924,-2.185119907777404
ours+all,10,50,5,timepool_T150_aug,0.7771647314883998,0.3788087778097179,-2.159182509166732
ours+all,10,50,5,flatten_T400_aug,0.4403958999792335,0.2146595513978677,-2.159182509166732
ours+all,10,50,5,CQCC-GMM,0.387881457372314,0.18906274931037784,-2.159182509166732
ours+all,10,50,5,LFCC-GMM,0.31213565071292865,0.15214242176295975,-2.159182509166732
ours+all,10,50,5,LFCC-LCNN,0.06789810945750384,0.03309517122570479,-2.159182509166732
ours+all,10,50,5,RawNet2,-0.06612584824169121,-0.03223132849337209,-2.159182509166732
ours+all,10,50,6,timepool_T150_aug,0.7609358199364151,0.3537092032733276,-2.1503956663525257
ours+all,10,50,6,flatten_T400_aug,0.491911647385846,0.22865749294369767,-2.1503956663525257
ours+all,10,50,6,CQCC-GMM,0.38924841241233366,0.18093608189095234,-2.1503956663525257
ours+all,10,50,6,LFCC-GMM,0.3132003203781239,0.1455863068650839,-2.1503956663525257
ours+all,10,50,6,LFCC-LCNN,0.09245718023340103,0.04297728494367296,-2.1503956663525257
ours+all,10,50,6,RawNet2,-0.10355004318511517,-0.04813363008326552,-2.1503956663525257
ours+all,10,50,7,timepool_T150_aug,0.7893200135560862,0.38657469573823466,-2.2075199003433346
ours+all,10,50,7,flatten_T400_aug,0.41774696239941095,0.20459433703900268,-2.2075199003433346
ours+all,10,50,7,CQCC-GMM,0.33610303205881537,0.16460868231311154,-2.2075199003433346
ours+all,10,50,7,LFCC-GMM,0.3646484746482746,0.1785890015679322,-2.2075199003433346
ours+all,10,50,7,LFCC-LCNN,0.053702611187487696,0.02630120891857589,-2.2075199003433346
ours+all,10,50,7,RawNet2,-0.0803094301285732,-0.039332074423142974,-2.2075199003433346
ours+all,10,50,8,timepool_T150_aug,0.831316924320027,0.40476104496619636,-2.1810881579438886
ours+all,10,50,8,flatten_T400_aug,0.4347237764828316,0.21166325969457125,-2.1810881579438886
ours+all,10,50,8,CQCC-GMM,0.3527518370519403,0.1717518289377729,-2.1810881579438886
ours+all,10,50,8,LFCC-GMM,0.3087448004423511,0.15032518212851598,-2.1810881579438886
ours+all,10,50,8,LFCC-LCNN,0.05139889144910993,0.025025677216980294,-2.1810881579438886
ours+all,10,50,8,RawNet2,-0.07490994606212231,-0.03647300705596328,-2.1810881579438886
ours+all,10,50,9,timepool_T150_aug,0.7589705418835049,0.3732772904617399,-2.196657082658785
ours+all,10,50,9,flatten_T400_aug,0.47259449678188076,0.2324316735773219,-2.196657082658785
ours+all,10,50,9,CQCC-GMM,0.3827838860577132,0.18826097184937918,-2.196657082658785
ours+all,10,50,9,LFCC-GMM,0.3158809591425521,0.1553567392017248,-2.196657082658785
ours+all,10,50,9,LFCC-LCNN,0.03215326043446601,0.015813633431283225,-2.196657082658785
ours+all,10,50,9,RawNet2,-0.07087888711000881,-0.034859691478550975,-2.196657082658785
ours,10,51,0,timepool_T150_aug,1.1572426557540894,1.0,-2.0126864910125732
ours,10,51,1,timepool_T150_aug,1.1908708810806274,1.0,-2.0347471237182617
ours,10,51,2,timepool_T150_aug,1.171889066696167,1.0,-1.9935288429260254
ours,10,51,3,timepool_T150_aug,1.1717548370361328,1.0,-1.9937223196029663
ours,10,51,4,timepool_T150_aug,1.1279857158660889,1.0,-2.0489580631256104
ours,10,51,5,timepool_T150_aug,1.1530863046646118,1.0,-2.037829875946045
ours,10,51,6,timepool_T150_aug,1.1866655349731445,1.0,-2.0309791564941406
ours,10,51,7,timepool_T150_aug,1.1383693218231201,1.0,-2.0356645584106445
ours,10,51,8,timepool_T150_aug,1.1930410861968994,1.0,-1.9864997863769531
ours,10,51,9,timepool_T150_aug,1.1856290102005005,1.0,-2.009247064590454
ours+2GMM,10,51,0,timepool_T150_aug,1.0665138679001407,0.5979030764131719,-2.1230520674034707
ours+2GMM,10,51,0,CQCC-GMM,0.40316043024810266,0.22601755944158855,-2.1230520674034707
ours+2GMM,10,51,0,LFCC-GMM,0.31408281897209483,0.17607936414523961,-2.1230520674034707
ours+2GMM,10,51,1,timepool_T150_aug,1.1029337032359947,0.6045219925977386,-2.1461916046666074
ours+2GMM,10,51,1,CQCC-GMM,0.3891944844538633,0.2133189189520641,-2.1461916046666074
ours+2GMM,10,51,1,LFCC-GMM,0.33234423306772615,0.18215908845019718,-2.1461916046666074
ours+2GMM,10,51,2,timepool_T150_aug,1.0835593367720353,0.5964433568862036,-2.10849640237858
ours+2GMM,10,51,2,CQCC-GMM,0.4187327539773444,0.23049071790057019,-2.10849640237858
ours+2GMM,10,51,2,LFCC-GMM,0.3144090666394339,0.1730659252132262,-2.10849640237858
ours+2GMM,10,51,3,timepool_T150_aug,1.0602070403402186,0.5982920709067087,-2.1006706952898946
ours+2GMM,10,51,3,CQCC-GMM,0.4195793223066167,0.23677543357182734,-2.1006706952898946
ours+2GMM,10,51,3,LFCC-GMM,0.2922696145174283,0.1649324955214639,-2.1006706952898946
ours+2GMM,10,51,4,timepool_T150_aug,1.0492035656895724,0.599846870116541,-2.160036509304963
ours+2GMM,10,51,4,CQCC-GMM,0.3840776237748763,0.21958347077455767,-2.160036509304963
ours+2GMM,10,51,4,LFCC-GMM,0.3158378240026523,0.1805696591089014,-2.160036509304963
ours+2GMM,10,51,5,timepool_T150_aug,1.0515467051911473,0.5961976165386371,-2.1497370396952484
ours+2GMM,10,51,5,CQCC-GMM,0.4261097924451167,0.24159235285072023,-2.1497370396952484
ours+2GMM,10,51,5,LFCC-GMM,0.28609880097788415,0.16221003061064265,-2.1497370396952484
ours+2GMM,10,51,6,timepool_T150_aug,1.0899150802504283,0.6042046016586241,-2.1395968282754683
ours+2GMM,10,51,6,CQCC-GMM,0.37955376619588554,0.21040917431817088,-2.1395968282754683
ours+2GMM,10,51,6,LFCC-GMM,0.33441526376811115,0.18538622402320495,-2.1395968282754683
ours+2GMM,10,51,7,timepool_T150_aug,1.0424471516113658,0.5870512811479077,-2.1503499624186655
ours+2GMM,10,51,7,CQCC-GMM,0.4169136069103156,0.23478376499602252,-2.1503499624186655
ours+2GMM,10,51,7,LFCC-GMM,0.3163736365604425,0.17816495385606973,-2.1503499624186655
ours+2GMM,10,51,8,timepool_T150_aug,1.1080946874339235,0.5945834736782452,-2.1076267895762815
ours+2GMM,10,51,8,CQCC-GMM,0.40198733566372663,0.21569909965645778,-2.1076267895762815
ours+2GMM,10,51,8,LFCC-GMM,0.35356662589517635,0.18971742666529698,-2.1076267895762815
ours+2GMM,10,51,9,timepool_T150_aug,1.0908651045135314,0.6003552088303248,-2.1173880235701787
ours+2GMM,10,51,9,CQCC-GMM,0.3842588145487292,0.21147599267663053,-2.1173880235701787
ours+2GMM,10,51,9,LFCC-GMM,0.34190887830260214,0.1881687984930447,-2.1173880235701787
ours+4base,10,51,0,timepool_T150_aug,1.0432259486390596,0.5380145568008111,-2.129060901746962
ours+4base,10,51,0,CQCC-GMM,0.4104757540740743,0.21169137059305432,-2.129060901746962
ours+4base,10,51,0,LFCC-GMM,0.30142237350943096,0.15545014472184424,-2.129060901746962
ours+4base,10,51,0,LFCC-LCNN,0.13129700293144428,0.06771275094679999,-2.129060901746962
ours+4base,10,51,0,RawNet2,-0.05260814496658025,-0.027131176937490304,-2.129060901746962
ours+4base,10,51,1,timepool_T150_aug,1.079786120419712,0.5438041152600698,-2.1519907152299154
ours+4base,10,51,1,CQCC-GMM,0.3970843973811357,0.1999804640177189,-2.1519907152299154
ours+4base,10,51,1,LFCC-GMM,0.3218251905271114,0.16207826688397609,-2.1519907152299154
ours+4base,10,51,1,LFCC-LCNN,0.12681968399182142,0.06386919108010708,-2.1519907152299154
ours+4base,10,51,1,RawNet2,-0.06010054937516799,-0.030267962758128014,-2.1519907152299154
ours+4base,10,51,2,timepool_T150_aug,1.0570595121413102,0.519198086986736,-2.116982139162919
ours+4base,10,51,2,CQCC-GMM,0.43248261034696317,0.21242337008283377,-2.116982139162919
ours+4base,10,51,2,LFCC-GMM,0.30435323756708177,0.14948980345765434,-2.116982139162919
ours+4base,10,51,2,LFCC-LCNN,0.15415744682070678,0.07571782909548308,-2.116982139162919
ours+4base,10,51,2,RawNet2,-0.0878936625652147,-0.04317091037729263,-2.116982139162919
ours+4base,10,51,3,timepool_T150_aug,1.0375816286982376,0.5285342041790063,-2.107934462323129
ours+4base,10,51,3,CQCC-GMM,0.4246589095956672,0.21631720591686282,-2.107934462323129
ours+4base,10,51,3,LFCC-GMM,0.28325101523037793,0.1442853706898306,-2.107934462323129
ours+4base,10,51,3,LFCC-LCNN,0.14897354907865223,0.07588570771515371,-2.107934462323129
ours+4base,10,51,3,RawNet2,-0.06866542044420702,-0.03497751149914657,-2.107934462323129
ours+4base,10,51,4,timepool_T150_aug,1.0347562475808103,0.5382570803218152,-2.1648324619188304
ours+4base,10,51,4,CQCC-GMM,0.39455617911652463,0.20523930876542615,-2.1648324619188304
ours+4base,10,51,4,LFCC-GMM,0.31307239674654896,0.16285326577744597,-2.1648324619188304
ours+4base,10,51,4,LFCC-LCNN,0.09699660332859336,0.05045546584603211,-2.1648324619188304
ours+4base,10,51,4,RawNet2,-0.08303870555935636,-0.04319487928928058,-2.1648324619188304
ours+4base,10,51,5,timepool_T150_aug,1.0246716156277629,0.5240019743258575,-2.1565951897796385
ours+4base,10,51,5,CQCC-GMM,0.43731056955856096,0.22363418518415965,-2.1565951897796385
ours+4base,10,51,5,LFCC-GMM,0.2766170329031369,0.14145787700443171,-2.1565951897796385
ours+4base,10,51,5,LFCC-LCNN,0.14071701489841607,0.07196060913899417,-2.1565951897796385
ours+4base,10,51,5,RawNet2,-0.07615658168239252,-0.03894535434655684,-2.1565951897796385
ours+4base,10,51,6,timepool_T150_aug,1.0636859218501227,0.533502458544868,-2.146059962324932
ours+4base,10,51,6,CQCC-GMM,0.3902144051219447,0.19571599117348665,-2.146059962324932
ours+4base,10,51,6,LFCC-GMM,0.3258114545514941,0.1634140383497467,-2.146059962324932
ours+4base,10,51,6,LFCC-LCNN,0.13780050807710614,0.06911524195036481,-2.146059962324932
ours+4base,10,51,6,RawNet2,-0.0762665671103853,-0.038252269981533964,-2.146059962324932
ours+4base,10,51,7,timepool_T150_aug,1.0193959636740284,0.522756138955917,-2.1558104364429598
ours+4base,10,51,7,CQCC-GMM,0.4280057371426047,0.2194854939323609,-2.1558104364429598
ours+4base,10,51,7,LFCC-GMM,0.30909662270323507,0.15850774655443506,-2.1558104364429598
ours+4base,10,51,7,LFCC-LCNN,0.11827251681941413,0.060651293943014155,-2.1558104364429598
ours+4base,10,51,7,RawNet2,-0.07527027387897114,-0.03859932661427297,-2.1558104364429598
ours+4base,10,51,8,timepool_T150_aug,1.0899685260908243,0.5351905395629352,-2.112896392197719
ours+4base,10,51,8,CQCC-GMM,0.4086436580584844,0.20065003218915695,-2.112896392197719
ours+4base,10,51,8,LFCC-GMM,0.3506995482671605,0.17219862406003036,-2.112896392197719
ours+4base,10,51,8,LFCC-LCNN,0.10958648757193902,0.053808573374847894,-2.112896392197719
ours+4base,10,51,8,RawNet2,-0.07770079572093169,-0.03815223081302963,-2.112896392197719
ours+4base,10,51,9,timepool_T150_aug,1.070439768199126,0.5450876807392878,-2.1209705812068314
ours+4base,10,51,9,CQCC-GMM,0.39312806801358025,0.2001880658708644,-2.1209705812068314
ours+4base,10,51,9,LFCC-GMM,0.3377100621895219,0.17196819478306583,-2.1209705812068314
ours+4base,10,51,9,LFCC-LCNN,0.09892523581828411,0.050374555356340917,-2.1209705812068314
ours+4base,10,51,9,RawNet2,-0.06359059295988767,-0.03238150325044095,-2.1209705812068314
ours+all,10,51,0,timepool_T150_aug,0.750514812413113,0.3715423819889348,-2.1760236488156197
ours+all,10,51,0,flatten_T400_aug,0.4601789494342294,0.2278116036966999,-2.1760236488156197
ours+all,10,51,0,CQCC-GMM,0.38552059747276674,0.1908519841604214,-2.1760236488156197
ours+all,10,51,0,LFCC-GMM,0.29711122942683693,0.14708492366989448,-2.1760236488156197
ours+all,10,51,0,LFCC-LCNN,0.06419669185136863,0.03178057436278576,-2.1760236488156197
ours+all,10,51,0,RawNet2,-0.06247556835627575,-0.03092853212126376,-2.1760236488156197
ours+all,10,51,1,timepool_T150_aug,0.825531149942727,0.40284616964002684,-2.191144476770785
ours+all,10,51,1,flatten_T400_aug,0.3976458741668254,0.1940449095014516,-2.191144476770785
ours+all,10,51,1,CQCC-GMM,0.3776682537934356,0.1842961461186271,-2.191144476770785
ours+all,10,51,1,LFCC-GMM,0.31038071755943,0.15146089061280607,-2.191144476770785
ours+all,10,51,1,LFCC-LCNN,0.0696350195220247,0.03398079029386392,-2.191144476770785
ours+all,10,51,1,RawNet2,-0.06838560111321255,-0.03337109383322446,-2.191144476770785
ours+all,10,51,2,timepool_T150_aug,0.7649230637793255,0.3609102447318556,-2.164932345829668
ours+all,10,51,2,flatten_T400_aug,0.4614590570531596,0.2177281730687025,-2.164932345829668
ours+all,10,51,2,CQCC-GMM,0.4035987461851647,0.19042820011135203,-2.164932345829668
ours+all,10,51,2,LFCC-GMM,0.30410568575517044,0.1434848322234807,-2.164932345829668
ours+all,10,51,2,LFCC-LCNN,0.08846721884070062,0.04174109412362429,-2.164932345829668
ours+all,10,51,2,RawNet2,-0.09687363435451418,-0.045707455740984795,-2.164932345829668
ours+all,10,51,3,timepool_T150_aug,0.718695847861215,0.35214829485380983,-2.161734558743742
ours+all,10,51,3,flatten_T400_aug,0.5041271704304555,0.247013425755651,-2.161734558743742
ours+all,10,51,3,CQCC-GMM,0.4049216709003194,0.19840447997751418,-2.161734558743742
ours+all,10,51,3,LFCC-GMM,0.26788155426495436,0.13125723884160875,-2.161734558743742
ours+all,10,51,3,LFCC-LCNN,0.07441217206656003,0.03646065242701611,-2.161734558743742
ours+all,10,51,3,RawNet2,-0.07085134133183713,-0.03471590814440012,-2.161734558743742
ours+all,10,51,4,timepool_T150_aug,0.7577492626779992,0.379743277857591,-2.2114816502476655
ours+all,10,51,4,flatten_T400_aug,0.44337046911140304,0.22219349267406477,-2.2114816502476655
ours+all,10,51,4,CQCC-GMM,0.3675162793672763,0.18417944228638805,-2.2114816502476655
ours+all,10,51,4,LFCC-GMM,0.3088220521123114,0.15476504448104145,-2.2114816502476655
ours+all,10,51,4,LFCC-LCNN,0.028825303203943973,0.014445695513076506,-2.2114816502476655
ours+all,10,51,4,RawNet2,-0.08914171900327489,-0.04467304718783827,-2.2114816502476655
ours+all,10,51,5,timepool_T150_aug,0.7533660409587175,0.3723716766087168,-2.19695578861923
ours+all,10,51,5,flatten_T400_aug,0.42563626327038584,0.21038231133668508,-2.19695578861923
ours+all,10,51,5,CQCC-GMM,0.4127733477753102,0.20402446515226963,-2.19695578861923
ours+all,10,51,5,LFCC-GMM,0.26886462061510985,0.13289365874762224,-2.19695578861923
ours+all,10,51,5,LFCC-LCNN,0.07718529309178351,0.03815093252882312,-2.19695578861923
ours+all,10,51,5,RawNet2,-0.08533056640865719,-0.04217695562588319,-2.19695578861923
ours+all,10,51,6,timepool_T150_aug,0.7468783439220583,0.3584267818450463,-2.1984800393435093
ours+all,10,51,6,flatten_T400_aug,0.4906290544836346,0.23545279429952065,-2.1984800393435093
ours+all,10,51,6,CQCC-GMM,0.3675388279529163,0.1763818169027156,-2.1984800393435093
ours+all,10,51,6,LFCC-GMM,0.32371143495923954,0.15534905895061057,-2.1984800393435093
ours+all,10,51,6,LFCC-LCNN,0.07292548761678257,0.03499692828647857,-2.1984800393435093
ours+all,10,51,6,RawNet2,-0.0820850898041411,-0.03939261971562834,-2.1984800393435093
ours+all,10,51,7,timepool_T150_aug,0.7641645610823277,0.37909857985129425,-2.194698890272885
ours+all,10,51,7,flatten_T400_aug,0.40692691221455773,0.20187459924249385,-2.194698890272885
ours+all,10,51,7,CQCC-GMM,0.40295988901920776,0.19990657699154796,-2.194698890272885
ours+all,10,51,7,LFCC-GMM,0.3033592195612359,0.1504951357042473,-2.194698890272885
ours+all,10,51,7,LFCC-LCNN,0.057694627132546514,0.028622043372464042,-2.194698890272885
ours+all,10,51,7,RawNet2,-0.08063581904166724,-0.04000306483795267,-2.194698890272885
ours+all,10,51,8,timepool_T150_aug,0.8133397708104991,0.38570566818389895,-2.154589264326099
ours+all,10,51,8,flatten_T400_aug,0.4320127975340225,0.2048710646115433,-2.154589264326099
ours+all,10,51,8,CQCC-GMM,0.38003731734237334,0.18022301709688432,-2.154589264326099
ours+all,10,51,8,LFCC-GMM,0.34643900937670424,0.16428987539051845,-2.154589264326099
ours+all,10,51,8,LFCC-LCNN,0.05086618289529617,0.02412199152888315,-2.154589264326099
ours+all,10,51,8,RawNet2,-0.0860106992730596,-0.040788383188271854,-2.154589264326099
ours+all,10,51,9,timepool_T150_aug,0.7898081880807184,0.38828299232811553,-2.1652600859627653
ours+all,10,51,9,flatten_T400_aug,0.44559867970750844,0.21906380732103328,-2.1652600859627653
ours+all,10,51,9,CQCC-GMM,0.3691613865305143,0.1814859480785921,-2.1652600859627653
ours+all,10,51,9,LFCC-GMM,0.32797917890823763,0.1612400819967111,-2.1652600859627653
ours+all,10,51,9,LFCC-LCNN,0.033851827113066,0.016642127703406354,-2.1652600859627653
ours+all,10,51,9,RawNet2,-0.06770525540268228,-0.03328504257214167,-2.1652600859627653
ours,10,52,0,timepool_T150_aug,1.145514965057373,1.0,-2.0059597492218018
ours,10,52,1,timepool_T150_aug,1.1976215839385986,1.0,-2.008084535598755
ours,10,52,2,timepool_T150_aug,1.1938005685806274,1.0,-1.9774001836776733
ours,10,52,3,timepool_T150_aug,1.1737587451934814,1.0,-2.0509984493255615
ours,10,52,4,timepool_T150_aug,1.1294955015182495,1.0,-2.023163080215454
ours,10,52,5,timepool_T150_aug,1.1700105667114258,1.0,-2.021238327026367
ours,10,52,6,timepool_T150_aug,1.1685352325439453,1.0,-2.0474941730499268
ours,10,52,7,timepool_T150_aug,1.169847846031189,1.0,-2.000438690185547
ours,10,52,8,timepool_T150_aug,1.1655720472335815,1.0,-2.0256593227386475
ours,10,52,9,timepool_T150_aug,1.1637381315231323,1.0,-2.025033950805664
ours+2GMM,10,52,0,timepool_T150_aug,1.0435675453383322,0.5937055032067546,-2.119273754108079
ours+2GMM,10,52,0,CQCC-GMM,0.43071715896113055,0.24504321617044517,-2.119273754108079
ours+2GMM,10,52,0,LFCC-GMM,0.2834344674140518,0.16125128062280017,-2.119273754108079
ours+2GMM,10,52,1,timepool_T150_aug,1.1020815231631869,0.6109223973227262,-2.1119749765781357
ours+2GMM,10,52,1,CQCC-GMM,0.4092475469867964,0.22686025239404914,-2.1119749765781357
ours+2GMM,10,52,1,LFCC-GMM,0.2926341304019857,0.1622173502832246,-2.1119749765781357
ours+2GMM,10,52,2,timepool_T150_aug,1.1065598392812341,0.6032872990270884,-2.087497209903822
ours+2GMM,10,52,2,CQCC-GMM,0.4150155549709896,0.22626305810565708,-2.087497209903822
ours+2GMM,10,52,2,LFCC-GMM,0.3126416381065963,0.17044964286725453,-2.087497209903822
ours+2GMM,10,52,3,timepool_T150_aug,1.0799306751679145,0.6000884367088881,-2.165043441264014
ours+2GMM,10,52,3,CQCC-GMM,0.43264427076679457,0.24040878740214922,-2.165043441264014
ours+2GMM,10,52,3,LFCC-GMM,0.2870442586789687,0.15950277588896267,-2.165043441264014
ours+2GMM,10,52,4,timepool_T150_aug,1.0326033071504337,0.5832827718835963,-2.1395837114755816
ours+2GMM,10,52,4,CQCC-GMM,0.4224318330610836,0.23861749116385636,-2.1395837114755816
ours+2GMM,10,52,4,LFCC-GMM,0.31529540429581576,0.17809973695254724,-2.1395837114755816
ours+2GMM,10,52,5,timepool_T150_aug,1.0701686659792307,0.5931892381957482,-2.1337281292101786
ours+2GMM,10,52,5,CQCC-GMM,0.38769660059214256,0.2148983225423623,-2.1337281292101786
ours+2GMM,10,52,5,LFCC-GMM,0.34622792506215877,0.1919124392618896,-2.1337281292101786
ours+2GMM,10,52,6,timepool_T150_aug,1.0811067968076187,0.5922557125587674,-2.167684821366309
ours+2GMM,10,52,6,CQCC-GMM,0.3806633650287301,0.20853633809891514,-2.167684821366309
ours+2GMM,10,52,6,LFCC-GMM,0.36363527348960306,0.1992079493423174,-2.167684821366309
ours+2GMM,10,52,7,timepool_T150_aug,1.0720713776220325,0.6015355843899327,-2.10721732758417
ours+2GMM,10,52,7,CQCC-GMM,0.3957172026843,0.2220355694019583,-2.10721732758417
ours+2GMM,10,52,7,LFCC-GMM,0.31443578919511495,0.17642884620810903,-2.10721732758417
ours+2GMM,10,52,8,timepool_T150_aug,1.0829052943306867,0.6018129324888418,-2.136446638984177
ours+2GMM,10,52,8,CQCC-GMM,0.361385823012958,0.20083627169053989,-2.136446638984177
ours+2GMM,10,52,8,LFCC-GMM,0.35511403975766886,0.19735079582061826,-2.136446638984177
ours+2GMM,10,52,9,timepool_T150_aug,1.0765805486822984,0.5988166915622515,-2.138181495668265
ours+2GMM,10,52,9,CQCC-GMM,0.3927531745481009,0.2184575570042828,-2.138181495668265
ours+2GMM,10,52,9,LFCC-GMM,0.3285128696453101,0.18272575143346573,-2.138181495668265
ours+4base,10,52,0,timepool_T150_aug,1.022962429755301,0.52623394688228,-2.12521134064265
ours+4base,10,52,0,CQCC-GMM,0.4416962679684317,0.22721809096332213,-2.12521134064265
ours+4base,10,52,0,LFCC-GMM,0.2783273857891196,0.14317761287114994,-2.12521134064265
ours+4base,10,52,0,LFCC-LCNN,0.11917143755412511,0.0613043589046995,-2.12521134064265
ours+4base,10,52,0,RawNet2,-0.08177337851852694,-0.042065990378548496,-2.12521134064265
ours+4base,10,52,1,timepool_T150_aug,1.0834649631034157,0.5463719585936548,-2.116508939374695
ours+4base,10,52,1,CQCC-GMM,0.42129895086915764,0.21245350867692306,-2.116508939374695
ours+4base,10,52,1,LFCC-GMM,0.2893235226248834,0.1459006660178311,-2.116508939374695
ours+4base,10,52,1,LFCC-LCNN,0.10599493238255099,0.05345134432494675,-2.116508939374695
ours+4base,10,52,1,RawNet2,-0.08293477906730824,-0.04182252238664422,-2.116508939374695
ours+4base,10,52,2,timepool_T150_aug,1.0831089256246538,0.5399022559636124,-2.093595921580485
ours+4base,10,52,2,CQCC-GMM,0.42298838678253703,0.21084895421630212,-2.093595921580485
ours+4base,10,52,2,LFCC-GMM,0.30366478701846783,0.15136917413308854,-2.093595921580485
ours+4base,10,52,2,LFCC-LCNN,0.1337376057910599,0.06666479553949119,-2.093595921580485
ours+4base,10,52,2,RawNet2,-0.06262068724493378,-0.03121482014750557,-2.093595921580485
ours+4base,10,52,3,timepool_T150_aug,1.0545317915888777,0.5257049079432935,-2.17298301327975
ours+4base,10,52,3,CQCC-GMM,0.440603158569567,0.2196493692867643,-2.17298301327975
ours+4base,10,52,3,LFCC-GMM,0.2805036443962734,0.1398366021122208,-2.17298301327975
ours+4base,10,52,3,LFCC-LCNN,0.14623367963796488,0.07290037503417096,-2.17298301327975
ours+4base,10,52,3,RawNet2,-0.0840663724798484,-0.041908745623550576,-2.17298301327975
ours+4base,10,52,4,timepool_T150_aug,1.0104537100016715,0.5151922228033057,-2.1452954691326043
ours+4base,10,52,4,CQCC-GMM,0.43511926218905633,0.22185089495227195,-2.1452954691326043
ours+4base,10,52,4,LFCC-GMM,0.3075276206446088,0.15679673089927662,-2.1452954691326043
ours+4base,10,52,4,LFCC-LCNN,0.12180496956659108,0.06210375833980287,-2.1452954691326043
ours+4base,10,52,4,RawNet2,-0.0864084195978566,-0.04405639300534294,-2.1452954691326043
ours+4base,10,52,5,timepool_T150_aug,1.0468187339479422,0.5346321071275192,-2.140179665142726
ours+4base,10,52,5,CQCC-GMM,0.3941030832225537,0.20127664415604923,-2.140179665142726
ours+4base,10,52,5,LFCC-GMM,0.33675399595294897,0.17198727210482884,-2.140179665142726
ours+4base,10,52,5,LFCC-LCNN,0.1294997530262855,0.06613821819163139,-2.140179665142726
ours+4base,10,52,5,RawNet2,-0.050841395405961456,-0.025965758419971365,-2.140179665142726
ours+4base,10,52,6,timepool_T150_aug,1.0592496265624332,0.5350059255487555,-2.172551467095274
ours+4base,10,52,6,CQCC-GMM,0.38865533725741386,0.19630208329991858,-2.172551467095274
ours+4base,10,52,6,LFCC-GMM,0.35439482473197703,0.17899777961757435,-2.172551467095274
ours+4base,10,52,6,LFCC-LCNN,0.11537213411875895,0.058272171024554675,-2.172551467095274
ours+4base,10,52,6,RawNet2,-0.06221199258878734,-0.03142204050919692,-2.172551467095274
ours+4base,10,52,7,timepool_T150_aug,1.0481245735266438,0.5415169151986637,-2.112498152310894
ours+4base,10,52,7,CQCC-GMM,0.40330219194787315,0.2083673681475038,-2.112498152310894
ours+4base,10,52,7,LFCC-GMM,0.3039448713458895,0.15703409048781053,-2.112498152310894
ours+4base,10,52,7,LFCC-LCNN,0.12433787378285062,0.06423956040521026,-2.112498152310894
ours+4base,10,52,7,RawNet2,-0.0558248081024168,-0.02884206576081164,-2.112498152310894
ours+4base,10,52,8,timepool_T150_aug,1.0603182467110368,0.5334671325128201,-2.1426863459567866
ours+4base,10,52,8,CQCC-GMM,0.3712115898822576,0.1867639107638415,-2.1426863459567866
ours+4base,10,52,8,LFCC-GMM,0.3474220414637143,0.1747949172866654,-2.1426863459567866
ours+4base,10,52,8,LFCC-LCNN,0.12801840350126242,0.06440859698163748,-2.1426863459567866
ours+4base,10,52,8,RawNet2,-0.0806277954152068,-0.04056544245503548,-2.1426863459567866
ours+4base,10,52,9,timepool_T150_aug,1.0537103306727766,0.529444015485201,-2.144657034963615
ours+4base,10,52,9,CQCC-GMM,0.4016397916898222,0.20180668054675743,-2.144657034963615
ours+4base,10,52,9,LFCC-GMM,0.32109068174461985,0.161334225288662,-2.144657034963615
ours+4base,10,52,9,LFCC-LCNN,0.1367263696286733,0.06869910643535161,-2.144657034963615
ours+4base,10,52,9,RawNet2,-0.07705332145115729,-0.03871597224402791,-2.144657034963615
ours+all,10,52,0,timepool_T150_aug,0.7688001575754609,0.38333383744037774,-2.1634580592559947
ours+all,10,52,0,flatten_T400_aug,0.40191122264510304,0.20039820461636568,-2.1634580592559947
ours+all,10,52,0,CQCC-GMM,0.41514903424871924,0.20699875102797183,-2.1634580592559947
ours+all,10,52,0,LFCC-GMM,0.272716458693762,0.13598000158314075,-2.1634580592559947
ours+all,10,52,0,LFCC-LCNN,0.0612227543005833,0.0305264679168701,-2.1634580592559947
ours+all,10,52,0,RawNet2,-0.08576336355470882,-0.042762737415274074,-2.1634580592559947
ours+all,10,52,1,timepool_T150_aug,0.808279594249435,0.39255726711138467,-2.158631751014001
ours+all,10,52,1,flatten_T400_aug,0.43471620144625484,0.21112868025234482,-2.158631751014001
ours+all,10,52,1,CQCC-GMM,0.3959051880391302,0.19227932977347764,-2.158631751014001
ours+all,10,52,1,LFCC-GMM,0.28416333665553944,0.13800964869629814,-2.158631751014001
ours+all,10,52,1,LFCC-LCNN,0.044697199907773766,0.021708095525559124,-2.158631751014001
ours+all,10,52,1,RawNet2,-0.09124913105759043,-0.04431697864093556,-2.158631751014001
ours+all,10,52,2,timepool_T150_aug,0.7572742681907441,0.36261147059598037,-2.1452955972375305
ours+all,10,52,2,flatten_T400_aug,0.5034235655523004,0.24105818341580193,-2.1452955972375305
ours+all,10,52,2,CQCC-GMM,0.3985481780035263,0.1908398938134864,-2.1452955972375305
ours+all,10,52,2,LFCC-GMM,0.298498626407517,0.14293239641049887,-2.1452955972375305
ours+all,10,52,2,LFCC-LCNN,0.058781365628208154,0.028146734055825264,-2.1452955972375305
ours+all,10,52,2,RawNet2,-0.07186426954828691,-0.03441132170840709,-2.1452955972375305
ours+all,10,52,3,timepool_T150_aug,0.776192171032139,0.37275388195271064,-2.2165213610071293
ours+all,10,52,3,flatten_T400_aug,0.4387685898560563,0.2107116011364532,-2.2165213610071293
ours+all,10,52,3,CQCC-GMM,0.41164710735096405,0.19768694272661325,-2.2165213610071293
ours+all,10,52,3,LFCC-GMM,0.27911150428172754,0.1340388380629089,-2.2165213610071293
ours+all,10,52,3,LFCC-LCNN,0.08332264303091262,0.040014367322247356,-2.2165213610071293
ours+all,10,52,3,RawNet2,-0.09327612682668936,-0.044794368799066626,-2.2165213610071293
ours+all,10,52,4,timepool_T150_aug,0.7050625932836841,0.34373524373695696,-2.1949682609584835
ours+all,10,52,4,flatten_T400_aug,0.479789538938415,0.23390912477905626,-2.1949682609584835
ours+all,10,52,4,CQCC-GMM,0.4102777364302719,0.20002042240661586,-2.1949682609584835
ours+all,10,52,4,LFCC-GMM,0.30275042135820407,0.1475982286797584,-2.1949682609584835
ours+all,10,52,4,LFCC-LCNN,0.05675386265919537,0.02766889493217388,-2.1949682609584835
ours+all,10,52,4,RawNet2,-0.0965450793999924,-0.04706808546543865,-2.1949682609584835
ours+all,10,52,5,timepool_T150_aug,0.7722467637441701,0.3806492099886873,-2.1811943247021652
ours+all,10,52,5,flatten_T400_aug,0.4260437097306638,0.2100017884741198,-2.1811943247021652
ours+all,10,52,5,CQCC-GMM,0.3761562638368749,0.1854116991926126,-2.1811943247021652
ours+all,10,52,5,LFCC-GMM,0.3262498173844322,0.16081224431971616,-2.1811943247021652
ours+all,10,52,5,LFCC-LCNN,0.06926789851411182,0.03414293472611821,-2.1811943247021652
ours+all,10,52,5,RawNet2,-0.0587978388936005,-0.02898212329874604,-2.1811943247021652
ours+all,10,52,6,timepool_T150_aug,0.7772176116624424,0.3785113837194356,-2.218107305095171
ours+all,10,52,6,flatten_T400_aug,0.44825100577160576,0.21830193487937674,-2.218107305095171
ours+all,10,52,6,CQCC-GMM,0.3654874884481801,0.17799541969816504,-2.218107305095171
ours+all,10,52,6,LFCC-GMM,0.3435687144642134,0.16732079608489042,-2.218107305095171
ours+all,10,52,6,LFCC-LCNN,0.046662940560375274,0.022725236709634028,-2.218107305095171
ours+all,10,52,6,RawNet2,-0.07216557294836833,-0.03514522890849816,-2.218107305095171
ours+all,10,52,7,timepool_T150_aug,0.769534988617903,0.3829651746533692,-2.1589156807128127
ours+all,10,52,7,flatten_T400_aug,0.4463125180038047,0.2221109552332259,-2.1589156807128127
ours+all,10,52,7,CQCC-GMM,0.37697467636166215,0.18760442982849787,-2.1589156807128127
ours+all,10,52,7,LFCC-GMM,0.29630091639458533,0.1474564949942106,-2.1589156807128127
ours+all,10,52,7,LFCC-LCNN,0.05895348413452782,0.029338667743429005,-2.1589156807128127
ours+all,10,52,7,RawNet2,-0.06133586323134211,-0.03052427754726736,-2.1589156807128127
ours+all,10,52,8,timepool_T150_aug,0.7800857911017067,0.3798920294336319,-2.1874319230841506
ours+all,10,52,8,flatten_T400_aug,0.4406346951498182,0.21458358873954872,-2.1874319230841506
ours+all,10,52,8,CQCC-GMM,0.3476923785302446,0.16932184229624045,-2.1874319230841506
ours+all,10,52,8,LFCC-GMM,0.33862271148384304,0.16490502781269656,-2.1874319230841506
ours+all,10,52,8,LFCC-LCNN,0.06372209556129987,0.03103186403172146,-2.1874319230841506
ours+all,10,52,8,RawNet2,-0.08268312361359743,-0.04026564768616083,-2.1874319230841506
ours+all,10,52,9,timepool_T150_aug,0.7701637971937488,0.37275919401508123,-2.1931075247013943
ours+all,10,52,9,flatten_T400_aug,0.4527149895299475,0.21911400565778097,-2.1931075247013943
ours+all,10,52,9,CQCC-GMM,0.37457428969089446,0.18129391544072265,-2.1931075247013943
ours+all,10,52,9,LFCC-GMM,0.3163330261620846,0.15310515023191398,-2.1931075247013943
ours+all,10,52,9,LFCC-LCNN,0.07077168214516438,0.03425348645527987,-2.1931075247013943
ours+all,10,52,9,RawNet2,-0.08155838238895516,-0.039474248199221226,-2.1931075247013943
ours,10,53,0,timepool_T150_aug,1.143809199333191,1.0,-1.9762171506881714
ours,10,53,1,timepool_T150_aug,1.1869490146636963,1.0,-2.0311965942382812
ours,10,53,2,timepool_T150_aug,1.1594483852386475,1.0,-2.014221429824829
ours,10,53,3,timepool_T150_aug,1.1668766736984253,1.0,-2.0195868015289307
ours,10,53,4,timepool_T150_aug,1.1741145849227905,1.0,-2.022825241088867
ours,10,53,5,timepool_T150_aug,1.1949362754821777,1.0,-2.0351004600524902
ours,10,53,6,timepool_T150_aug,1.1711068153381348,1.0,-2.0223000049591064
ours,10,53,7,timepool_T150_aug,1.1609655618667603,1.0,-2.0498857498168945
ours,10,53,8,timepool_T150_aug,1.1640242338180542,1.0,-1.9969851970672607
ours,10,53,9,timepool_T150_aug,1.1551425457000732,1.0,-2.0193145275115967
ours+2GMM,10,53,0,timepool_T150_aug,1.0527297701779126,0.596604902835859,-2.0876093266988662
ours+2GMM,10,53,0,CQCC-GMM,0.4176390847193644,0.2366851708937083,-2.0876093266988662
ours+2GMM,10,53,0,LFCC-GMM,0.2941653706411693,0.16670992627043263,-2.0876093266988662
ours+2GMM,10,53,1,timepool_T150_aug,1.0901948611165002,0.6033409974635677,-2.1391767675769033
ours+2GMM,10,53,1,CQCC-GMM,0.38393700640304484,0.21248030482289648,-2.1391767675769033
ours+2GMM,10,53,1,LFCC-GMM,0.33279798757012324,0.1841786977135359,-2.1391767675769033
ours+2GMM,10,53,2,timepool_T150_aug,1.0664691941227769,0.5978612569435526,-2.1287792308745566
ours+2GMM,10,53,2,CQCC-GMM,0.4312813877295509,0.24177579060447243,-2.1287792308745566
ours+2GMM,10,53,2,LFCC-GMM,0.2860565836677957,0.1603629524519749,-2.1287792308745566
ours+2GMM,10,53,3,timepool_T150_aug,1.0793711161078072,0.5906116842436514,-2.1399871620985595
ours+2GMM,10,53,3,CQCC-GMM,0.40411941311921457,0.22112658348554162,-2.1399871620985595
ours+2GMM,10,53,3,LFCC-GMM,0.3440573248085285,0.18826173227080692,-2.1399871620985595
ours+2GMM,10,53,4,timepool_T150_aug,1.0787560559606515,0.6056789562028241,-2.129333843425699
ours+2GMM,10,53,4,CQCC-GMM,0.4020688516794915,0.22574579402016842,-2.129333843425699
ours+2GMM,10,53,4,LFCC-GMM,0.30024416354516614,0.16857524977700744,-2.129333843425699
ours+2GMM,10,53,5,timepool_T150_aug,1.1024721800917598,0.6021570529342941,-2.145519754500926
ours+2GMM,10,53,5,CQCC-GMM,0.3861538542643191,0.21091259358913528,-2.145519754500926
ours+2GMM,10,53,5,LFCC-GMM,0.342245454600904,0.18693035347657064,-2.145519754500926
ours+2GMM,10,53,6,timepool_T150_aug,1.0712127730087528,0.595830182538408,-2.1339367174128805
ours+2GMM,10,53,6,CQCC-GMM,0.3881203490584903,0.21588037806612428,-2.1339367174128805
ours+2GMM,10,53,6,LFCC-GMM,0.3385160040798716,0.18828943939546763,-2.1339367174128805
ours+2GMM,10,53,7,timepool_T150_aug,1.0610519278038681,0.5911375266183055,-2.1671352067842804
ours+2GMM,10,53,7,CQCC-GMM,0.43341638252371095,0.2414666819287653,-2.1671352067842804
ours+2GMM,10,53,7,LFCC-GMM,0.3004641377505886,0.16739579145292918,-2.1671352067842804
ours+2GMM,10,53,8,timepool_T150_aug,1.0743047313666743,0.5992034813974909,-2.1065471428568103
ours+2GMM,10,53,8,CQCC-GMM,0.40331835299328295,0.2249545721702609,-2.1065471428568103
ours+2GMM,10,53,8,LFCC-GMM,0.31526491565821635,0.17584194643224824,-2.1065471428568103
ours+2GMM,10,53,9,timepool_T150_aug,1.0705097674605577,0.598920699694868,-2.1281272174839163
ours+2GMM,10,53,9,CQCC-GMM,0.37222607159907506,0.20825022435398186,-2.1281272174839163
ours+2GMM,10,53,9,LFCC-GMM,0.3446623390396548,0.1928290759511501,-2.1281272174839163
ours+4base,10,53,0,timepool_T150_aug,1.033639158084182,0.5369849160753194,-2.092482468473761
ours+4base,10,53,0,CQCC-GMM,0.4263342273129654,0.22148449725725644,-2.092482468473761
ours+4base,10,53,0,LFCC-GMM,0.2887812537983139,0.15002448013137648,-2.092482468473761
ours+4base,10,53,0,LFCC-LCNN,0.10811264483075882,0.0561654993979995,-2.092482468473761
ours+4base,10,53,0,RawNet2,-0.06802693020753746,-0.03534060713804833,-2.092482468473761
ours+4base,10,53,1,timepool_T150_aug,1.0669358286287358,0.5369752476897509,-2.145499818920234
ours+4base,10,53,1,CQCC-GMM,0.3917380450294601,0.19715678123730002,-2.145499818920234
ours+4base,10,53,1,LFCC-GMM,0.3262339658483937,0.16418941038037685,-2.145499818920234
ours+4base,10,53,1,LFCC-LCNN,0.13029425063380998,0.06557544102400407,-2.145499818920234
ours+4base,10,53,1,RawNet2,-0.07173461358859827,-0.03610311966856811,-2.145499818920234
ours+4base,10,53,2,timepool_T150_aug,1.0462058394321132,0.5257433524479197,-2.1359775662032097
ours+4base,10,53,2,CQCC-GMM,0.44317029399752844,0.22270362799548246,-2.1359775662032097
ours+4base,10,53,2,LFCC-GMM,0.2750694181954399,0.13822893414212614,-2.1359775662032097
ours+4base,10,53,2,LFCC-LCNN,0.13864765440237267,0.06967374859435958,-2.1359775662032097
ours+4base,10,53,2,RawNet2,-0.0868622248132063,-0.04365033682011219,-2.1359775662032097
ours+4base,10,53,3,timepool_T150_aug,1.0586585201277008,0.5316016994515868,-2.1451706716805843
ours+4base,10,53,3,CQCC-GMM,0.4144505206368426,0.20811488966486005,-2.1451706716805843
ours+4base,10,53,3,LFCC-GMM,0.33537348912198195,0.16840663290250402,-2.1451706716805843
ours+4base,10,53,3,LFCC-LCNN,0.11626582381519752,0.05838247966949937,-2.1451706716805843
ours+4base,10,53,3,RawNet2,-0.06670224026710511,-0.033494298311549875,-2.1451706716805843
ours+4base,10,53,4,timepool_T150_aug,1.0564098057224907,0.5482294390777974,-2.133940071681708
ours+4base,10,53,4,CQCC-GMM,0.40705185051930515,0.21124170419182917,-2.133940071681708
ours+4base,10,53,4,LFCC-GMM,0.2925128058725085,0.15180106301349894,-2.133940071681708
ours+4base,10,53,4,LFCC-LCNN,0.11635277815697531,0.06038188774716704,-2.133940071681708
ours+4base,10,53,4,RawNet2,-0.0546210963585947,-0.028345905969707506,-2.133940071681708
ours+4base,10,53,5,timepool_T150_aug,1.0791440847854252,0.5335773492899969,-2.151826764196545
ours+4base,10,53,5,CQCC-GMM,0.397802333606846,0.19669135725237374,-2.151826764196545
ours+4base,10,53,5,LFCC-GMM,0.3372501880288322,0.16675165430921862,-2.151826764196545
ours+4base,10,53,5,LFCC-LCNN,0.12490710935016759,0.06175969016017938,-2.151826764196545
ours+4base,10,53,5,RawNet2,-0.08336610274967042,-0.0412199489882312,-2.151826764196545
ours+4base,10,53,6,timepool_T150_aug,1.0439154016439602,0.5210854557653014,-2.1411593899497343
ours+4base,10,53,6,CQCC-GMM,0.39931454536127353,0.19932362482210075,-2.1411593899497343
ours+4base,10,53,6,LFCC-GMM,0.32885403113533157,0.16415224109592705,-2.1411593899497343
ours+4base,10,53,6,LFCC-LCNN,0.14962242016462537,0.07468619284801249,-2.1411593899497343
ours+4base,10,53,6,RawNet2,-0.08164140212572954,-0.04075248546865824,-2.1411593899497343
ours+4base,10,53,7,timepool_T150_aug,1.035926430183234,0.5202000798923834,-2.1734915464952795
ours+4base,10,53,7,CQCC-GMM,0.44334959099837634,0.22263211550343118,-2.1734915464952795
ours+4base,10,53,7,LFCC-GMM,0.29299921658654016,0.1471322783508519,-2.1734915464952795
ours+4base,10,53,7,LFCC-LCNN,0.13589825326948882,0.06824257027163509,-2.1734915464952795
ours+4base,10,53,7,RawNet2,-0.08322649182576515,-0.04179295598169837,-2.1734915464952795
ours+4base,10,53,8,timepool_T150_aug,1.053813141639293,0.5429436492654738,-2.1114488003964
ours+4base,10,53,8,CQCC-GMM,0.41133862328038084,0.21192912138130296,-2.1114488003964
ours+4base,10,53,8,LFCC-GMM,0.30730912467133237,0.1583312363538002,-2.1114488003964
ours+4base,10,53,8,LFCC-LCNN,0.11161485362917928,0.057505997550371335,-2.1114488003964
ours+4base,10,53,8,RawNet2,-0.05684969732038176,-0.029289995449051635,-2.1114488003964
ours+4base,10,53,9,timepool_T150_aug,1.046842004482473,0.5317085822429314,-2.1344910389916505
ours+4base,10,53,9,CQCC-GMM,0.38169177230808954,0.19386764214534724,-2.1344910389916505
ours+4base,10,53,9,LFCC-GMM,0.3360424873177728,0.17068160595395057,-2.1344910389916505
ours+4base,10,53,9,LFCC-LCNN,0.13170622052823736,0.0668957946755913,-2.1344910389916505
ours+4base,10,53,9,RawNet2,-0.07254412347746247,-0.03684637498217959,-2.1344910389916505
ours+all,10,53,0,timepool_T150_aug,0.7460783338892728,0.3748180804466992,-2.1373114112320937
ours+all,10,53,0,flatten_T400_aug,0.4537512317901758,0.227957518633908,-2.1373114112320937
ours+all,10,53,0,CQCC-GMM,0.3967783056136542,0.19933521202490173,-2.1373114112320937
ours+all,10,53,0,LFCC-GMM,0.2817884531406068,0.14156610948292475,-2.1373114112320937
ours+all,10,53,0,LFCC-LCNN,0.039541688993304624,0.019865125809015144,-2.1373114112320937
ours+all,10,53,0,RawNet2,-0.07256984307797247,-0.03645795360255121,-2.1373114112320937
ours+all,10,53,1,timepool_T150_aug,0.753648956632784,0.3622752911819075,-2.198297426731081
ours+all,10,53,1,flatten_T400_aug,0.4936949277248982,0.23731668719567373,-2.198297426731081
ours+all,10,53,1,CQCC-GMM,0.3675549207299221,0.17668181553345644,-2.198297426731081
ours+all,10,53,1,LFCC-GMM,0.32199858740823056,0.1547831135263131,-2.198297426731081
ours+all,10,53,1,LFCC-LCNN,0.06301298556563674,0.030290027595905458,-2.198297426731081
ours+all,10,53,1,RawNet2,-0.08041078923105016,-0.03865306496674381,-2.198297426731081
ours+all,10,53,2,timepool_T150_aug,0.7747147392550776,0.37593817070920393,-2.176887495746236
ours+all,10,53,2,flatten_T400_aug,0.4252739815985354,0.20636850519470118,-2.176887495746236
ours+all,10,53,2,CQCC-GMM,0.4180590479798866,0.20286738560971532,-2.176887495746236
ours+all,10,53,2,LFCC-GMM,0.27148545228665305,0.13174106433671584,-2.176887495746236
ours+all,10,53,2,LFCC-LCNN,0.07734893999361335,0.03753435623989182,-2.176887495746236
ours+all,10,53,2,RawNet2,-0.09386824843785059,-0.04555051790977185,-2.176887495746236
ours+all,10,53,3,timepool_T150_aug,0.8179598278310086,0.398631164155156,-2.182142553258915
ours+all,10,53,3,flatten_T400_aug,0.3790206903383197,0.1847150115294788,-2.182142553258915
ours+all,10,53,3,CQCC-GMM,0.39336137140147664,0.19170391513143556,-2.182142553258915
ours+all,10,53,3,LFCC-GMM,0.3272866563538255,0.15950252860306544,-2.182142553258915
ours+all,10,53,3,LFCC-LCNN,0.060924346501506015,0.02969136422712563,-2.182142553258915
ours+all,10,53,3,RawNet2,-0.07336853615700561,-0.03575601635373866,-2.182142553258915
ours+all,10,53,4,timepool_T150_aug,0.8203164981360574,0.4126724376039902,-2.167130078628258
ours+all,10,53,4,flatten_T400_aug,0.3663484928981328,0.18429706816861505,-2.167130078628258
ours+all,10,53,4,CQCC-GMM,0.3884616131561153,0.19542140281338563,-2.167130078628258
ours+all,10,53,4,LFCC-GMM,0.2851076661934242,0.14342765975689387,-2.167130078628258
ours+all,10,53,4,LFCC-LCNN,0.06452230057076093,0.03245890472379231,-2.167130078628258
ours+all,10,53,4,RawNet2,-0.06305851768792484,-0.03172252693332298,-2.167130078628258
ours+all,10,53,5,timepool_T150_aug,0.7931795421205553,0.3787056945013857,-2.1972505129753066
ours+all,10,53,5,flatten_T400_aug,0.44986743356591724,0.21479040975598254,-2.1972505129753066
ours+all,10,53,5,CQCC-GMM,0.3732722942290369,0.1782198555527642,-2.1972505129753066
ours+all,10,53,5,LFCC-GMM,0.32783251653712175,0.15652451212169294,-2.1972505129753066
ours+all,10,53,5,LFCC-LCNN,0.061402638385562064,0.0293168539771635,-2.1972505129753066
ours+all,10,53,5,RawNet2,-0.08889399153663133,-0.04244267409101127,-2.1972505129753066
ours+all,10,53,6,timepool_T150_aug,0.7403361368257172,0.35393664335416697,-2.191995661661732
ours+all,10,53,6,flatten_T400_aug,0.4780861218769044,0.228561309916386,-2.191995661661732
ours+all,10,53,6,CQCC-GMM,0.37489874339566776,0.1792299419613425,-2.191995661661732
ours+all,10,53,6,LFCC-GMM,0.327747819906584,0.15668823588938283,-2.191995661661732
ours+all,10,53,6,LFCC-LCNN,0.0833075759597238,0.03982731942220207,-2.191995661661732
ours+all,10,53,6,RawNet2,-0.08734298381441578,-0.041756549456519514,-2.191995661661732
ours+all,10,53,7,timepool_T150_aug,0.7411682233500044,0.3597107298542472,-2.2214973031076686
ours+all,10,53,7,flatten_T400_aug,0.4643651349559093,0.22537005277812025,-2.2214973031076686
ours+all,10,53,7,CQCC-GMM,0.41636497682678586,0.20207416478699058,-2.2214973031076686
ours+all,10,53,7,LFCC-GMM,0.2881741164591333,0.13985937131531107,-2.2214973031076686
ours+all,10,53,7,LFCC-LCNN,0.06535370622400666,0.031718075092671674,-2.2214973031076686
ours+all,10,53,7,RawNet2,-0.08503009727091257,-0.04126760617265933,-2.2214973031076686
ours+all,10,53,8,timepool_T150_aug,0.7433948474181901,0.3680618565308402,-2.16387666458363
ours+all,10,53,8,flatten_T400_aug,0.49849761013180305,0.24681090607302064,-2.16387666458363
ours+all,10,53,8,CQCC-GMM,0.3810428857135287,0.18865795535262198,-2.16387666458363
ours+all,10,53,8,LFCC-GMM,0.295951672273349,0.14652848660256973,-2.16387666458363
ours+all,10,53,8,LFCC-LCNN,0.03380176517884413,0.016735575298850877,-2.16387666458363
ours+all,10,53,8,RawNet2,-0.0670664159380313,-0.03320522014209662,-2.16387666458363
ours+all,10,53,9,timepool_T150_aug,0.7601618446722094,0.3702931504047913,-2.182018248091845
ours+all,10,53,9,flatten_T400_aug,0.45564838097100546,0.22195730507804123,-2.182018248091845
ours+all,10,53,9,CQCC-GMM,0.35706267316933654,0.17393383141565577,-2.182018248091845
ours+all,10,53,9,LFCC-GMM,0.32986642986875886,0.16068588601885853,-2.182018248091845
ours+all,10,53,9,LFCC-LCNN,0.06778784434447632,0.033021092307375356,-2.182018248091845
ours+all,10,53,9,RawNet2,-0.0823378174317133,-0.040108734775277925,-2.182018248091845
ours,10,54,0,timepool_T150_aug,1.1577632427215576,1.0,-2.040851593017578
ours,10,54,1,timepool_T150_aug,1.1928133964538574,1.0,-2.006455421447754
ours,10,54,2,timepool_T150_aug,1.1959139108657837,1.0,-2.007627248764038
ours,10,54,3,timepool_T150_aug,1.1529289484024048,1.0,-2.037431001663208
ours,10,54,4,timepool_T150_aug,1.1587451696395874,1.0,-1.9850823879241943
ours,10,54,5,timepool_T150_aug,1.162826657295227,1.0,-2.0442354679107666
ours,10,54,6,timepool_T150_aug,1.1876904964447021,1.0,-2.0030436515808105
ours,10,54,7,timepool_T150_aug,1.142244815826416,1.0,-2.011383056640625
ours,10,54,8,timepool_T150_aug,1.1722869873046875,1.0,-2.0028412342071533
ours,10,54,9,timepool_T150_aug,1.1526422500610352,1.0,-2.0447263717651367
ours+2GMM,10,54,0,timepool_T150_aug,1.0647106407235383,0.6008513887119784,-2.1508227426103725
ours+2GMM,10,54,0,CQCC-GMM,0.41735819528356677,0.23552901758926906,-2.1508227426103725
ours+2GMM,10,54,0,LFCC-GMM,0.28993445919358796,0.16361959369875248,-2.1508227426103725
ours+2GMM,10,54,1,timepool_T150_aug,1.1082156426619048,0.6049185924211374,-2.1197610379861938
ours+2GMM,10,54,1,CQCC-GMM,0.404532663327284,0.2208138198631894,-2.1197610379861938
ours+2GMM,10,54,1,LFCC-GMM,0.3192595981262422,0.17426758771567305,-2.1197610379861938
ours+2GMM,10,54,2,timepool_T150_aug,1.0980476601207159,0.6087668981148673,-2.1108103248434356
ours+2GMM,10,54,2,CQCC-GMM,0.4007228286658188,0.22216412116746115,-2.1108103248434356
ours+2GMM,10,54,2,LFCC-GMM,0.3049538324946907,0.16906898071767154,-2.1108103248434356
ours+2GMM,10,54,3,timepool_T150_aug,1.0561692441985022,0.5957947613274672,-2.1494526309140833
ours+2GMM,10,54,3,CQCC-GMM,0.4189393840308295,0.23632755042847342,-2.1494526309140833
ours+2GMM,10,54,3,LFCC-GMM,0.29759786862755977,0.16787768824405933,-2.1494526309140833
ours+2GMM,10,54,4,timepool_T150_aug,1.0755572073889972,0.6013907489274622,-2.0928035060171286
ours+2GMM,10,54,4,CQCC-GMM,0.3787971119653559,0.2118019174539498,-2.0928035060171286
ours+2GMM,10,54,4,LFCC-GMM,0.3340955517272644,0.186807333618588,-2.0928035060171286
ours+2GMM,10,54,5,timepool_T150_aug,1.0672400263679847,0.597950506572801,-2.158644668285812
ours+2GMM,10,54,5,CQCC-GMM,0.4089268200277582,0.22911247062101173,-2.158644668285812
ours+2GMM,10,54,5,LFCC-GMM,0.3086631932758552,0.1729370228061872,-2.158644668285812
ours+2GMM,10,54,6,timepool_T150_aug,1.096937706246002,0.597773021822952,-2.117310156556761
ours+2GMM,10,54,6,CQCC-GMM,0.40425859550694015,0.2202995492434025,-2.117310156556761
ours+2GMM,10,54,6,LFCC-GMM,0.3338442005782121,0.18192742893364547,-2.117310156556761
ours+2GMM,10,54,7,timepool_T150_aug,1.0574451964548182,0.5953310065691118,-2.1228849196631
ours+2GMM,10,54,7,CQCC-GMM,0.3844583845979753,0.21644620246419247,-2.1228849196631
ours+2GMM,10,54,7,LFCC-GMM,0.334327095304662,0.18822279096669578,-2.1228849196631
ours+2GMM,10,54,8,timepool_T150_aug,1.0779162333601904,0.5959202170076114,-2.1154784411623826
ours+2GMM,10,54,8,CQCC-GMM,0.3795598257098459,0.20983761697259928,-2.1154784411623826
ours+2GMM,10,54,8,LFCC-GMM,0.3513503619782408,0.19424216601978936,-2.1154784411623826
ours+2GMM,10,54,9,timepool_T150_aug,1.0423119987200913,0.5807547417353073,-2.1648767259250326
ours+2GMM,10,54,9,CQCC-GMM,0.4283402920517944,0.23866237363748283,-2.1648767259250326
ours+2GMM,10,54,9,LFCC-GMM,0.3241018865347708,0.18058288462720978,-2.1648767259250326
ours+4base,10,54,0,timepool_T150_aug,1.0390143833915257,0.5317884419610968,-2.1574759723396006
ours+4base,10,54,0,CQCC-GMM,0.42719520447405734,0.2186470907736271,-2.1574759723396006
ours+4base,10,54,0,LFCC-GMM,0.27965416066513255,0.14313261949522885,-2.1574759723396006
ours+4base,10,54,0,LFCC-LCNN,0.13638555210396716,0.06980486643758259,-2.1574759723396006
ours+4base,10,54,0,RawNet2,-0.07156221802095451,-0.03662698133246469,-2.1574759723396006
ours+4base,10,54,1,timepool_T150_aug,1.093215034627853,0.5439402019260052,-2.124538841347719
ours+4base,10,54,1,CQCC-GMM,0.41780009077432667,0.20788066257966598,-2.124538841347719
ours+4base,10,54,1,LFCC-GMM,0.3163791354028926,0.15741764002981062,-2.124538841347719
ours+4base,10,54,1,LFCC-LCNN,0.09391664857895803,0.04672917877464265,-2.124538841347719
ours+4base,10,54,1,RawNet2,-0.08849647524566506,-0.04403231668987544,-2.124538841347719
ours+4base,10,54,2,timepool_T150_aug,1.068954085057974,0.5367645993141943,-2.117084836651266
ours+4base,10,54,2,CQCC-GMM,0.41530889380716124,0.20854320601051082,-2.117084836651266
ours+4base,10,54,2,LFCC-GMM,0.2946590056498427,0.1479600717306571,-2.117084836651266
ours+4base,10,54,2,LFCC-LCNN,0.13978780583741127,0.07019304817499161,-2.117084836651266
ours+4base,10,54,2,RawNet2,-0.07276670870090114,-0.03653907476964605,-2.117084836651266
ours+4base,10,54,3,timepool_T150_aug,1.0282336560473868,0.5415986840751301,-2.1551958374677045
ours+4base,10,54,3,CQCC-GMM,0.4200897710088053,0.22127272904720627,-2.1551958374677045
ours+4base,10,54,3,LFCC-GMM,0.28466120621028845,0.14993881379392077,-2.1551958374677045
ours+4base,10,54,3,LFCC-LCNN,0.1354267815026907,0.07133297594278241,-2.1551958374677045
ours+4base,10,54,3,RawNet2,-0.030104379823769643,-0.015856797140960475,-2.1551958374677045
ours+4base,10,54,4,timepool_T150_aug,1.054169246464589,0.5476674671050161,-2.097229184384611
ours+4base,10,54,4,CQCC-GMM,0.3841339852320777,0.19956727767060178,-2.097229184384611
ours+4base,10,54,4,LFCC-GMM,0.32710061588862066,0.1699370062188864,-2.097229184384611
ours+4base,10,54,4,LFCC-LCNN,0.10951895070374182,0.05689785253466149,-2.097229184384611
ours+4base,10,54,4,RawNet2,-0.049911722258546634,-0.025930396470834165,-2.097229184384611
ours+4base,10,54,5,timepool_T150_aug,1.0500491917527088,0.5253649276734028,-2.165697571417783
ours+4base,10,54,5,CQCC-GMM,0.4223919109275163,0.21133285704821128,-2.165697571417783
ours+4base,10,54,5,LFCC-GMM,0.30162707980254133,0.1509113003556512,-2.165697571417783
ours+4base,10,54,5,LFCC-LCNN,0.12500930723232503,0.06254517042481521,-2.165697571417783
ours+4base,10,54,5,RawNet2,-0.09962690877395275,-0.04984574449791948,-2.165697571417783
ours+4base,10,54,6,timepool_T150_aug,1.0738633786758711,0.5340624464368381,-2.121828720480516
ours+4base,10,54,6,CQCC-GMM,0.41480452451812067,0.206293950940367,-2.121828720480516
ours+4base,10,54,6,LFCC-GMM,0.32814246385502455,0.16319447194699632,-2.121828720480516
ours+4base,10,54,6,LFCC-LCNN,0.11943269060802252,0.05939723450603565,-2.121828720480516
ours+4base,10,54,6,RawNet2,-0.07450191391038935,-0.037051896169762975,-2.121828720480516
ours+4base,10,54,7,timepool_T150_aug,1.0347006085383599,0.5292364278473551,-2.1288020066462066
ours+4base,10,54,7,CQCC-GMM,0.3931279095418384,0.20108001176004656,-2.1288020066462066
ours+4base,10,54,7,LFCC-GMM,0.3255561502829266,0.16651790152405732,-2.1288020066462066
ours+4base,10,54,7,LFCC-LCNN,0.12793114832111116,0.06543518326863432,-2.1288020066462066
ours+4base,10,54,7,RawNet2,-0.07376617331965885,-0.037730475599906624,-2.1288020066462066
ours+4base,10,54,8,timepool_T150_aug,1.0573010092679842,0.5292249066607837,-2.122274292587514
ours+4base,10,54,8,CQCC-GMM,0.38673291820060945,0.19357656026363879,-2.122274292587514
ours+4base,10,54,8,LFCC-GMM,0.34434093972746693,0.17235754065242376,-2.122274292587514
ours+4base,10,54,8,LFCC-LCNN,0.1343245898856209,0.06723526973050283,-2.122274292587514
ours+4base,10,54,8,RawNet2,-0.07512981353819216,-0.03760572269265099,-2.122274292587514
ours+4base,10,54,9,timepool_T150_aug,1.0191588946901327,0.5078319860175726,-2.173250431263306
ours+4base,10,54,9,CQCC-GMM,0.43862278636585433,0.21855932560982816,-2.173250431263306
ours+4base,10,54,9,LFCC-GMM,0.3175559011981925,0.1582334656718171,-2.173250431263306
ours+4base,10,54,9,LFCC-LCNN,0.14379818224640004,0.0716525331392108,-2.173250431263306
ours+4base,10,54,9,RawNet2,-0.08774628064666418,-0.04372268956157126,-2.173250431263306
ours+all,10,54,0,timepool_T150_aug,0.7851145393669587,0.3883032009458836,-2.194478804117491
ours+all,10,54,0,flatten_T400_aug,0.3959915081934099,0.1958501116319542,-2.194478804117491
ours+all,10,54,0,CQCC-GMM,0.40554077789315274,0.2005730046688039,-2.194478804117491
ours+all,10,54,0,LFCC-GMM,0.2737953741512725,0.13541415278443028,-2.194478804117491
ours+all,10,54,0,LFCC-LCNN,0.08016283699758443,0.039647063762394935,-2.194478804117491
ours+all,10,54,0,RawNet2,-0.08130603045672954,-0.04021246620653304,-2.194478804117491
ours+all,10,54,1,timepool_T150_aug,0.8521653095517109,0.41251741004217807,-2.1602278413209657
ours+all,10,54,1,flatten_T400_aug,0.38017385864463343,0.1840351088878826,-2.1602278413209657
ours+all,10,54,1,CQCC-GMM,0.3920121128469857,0.18976578802752547,-2.1602278413209657
ours+all,10,54,1,LFCC-GMM,0.3092663561818511,0.14971010299918497,-2.1602278413209657
ours+all,10,54,1,LFCC-LCNN,0.04015459205503487,0.019438092738786904,-2.1602278413209657
ours+all,10,54,1,RawNet2,-0.09199587845754158,-0.04453349730444195,-2.1602278413209657
ours+all,10,54,2,timepool_T150_aug,0.8015322539003875,0.38847826942118946,-2.158206757543983
ours+all,10,54,2,flatten_T400_aug,0.42258411560926035,0.20481364925480755,-2.158206757543983
ours+all,10,54,2,CQCC-GMM,0.3888987307777105,0.18848736925737955,-2.158206757543983
ours+all,10,54,2,LFCC-GMM,0.2883065117961846,0.13973338467719446,-2.158206757543983
ours+all,10,54,2,LFCC-LCNN,0.08059449092214631,0.039061694904929174,-2.158206757543983
ours+all,10,54,2,RawNet2,-0.08134538931568307,-0.03942563248449982,-2.158206757543983
ours+all,10,54,3,timepool_T150_aug,0.7468706358382012,0.378466849607382,-2.1983154811496592
ours+all,10,54,3,flatten_T400_aug,0.44174648462972776,0.2238492080697726,-2.1983154811496592
ours+all,10,54,3,CQCC-GMM,0.39849073800467993,0.2019299286563783,-2.1983154811496592
ours+all,10,54,3,LFCC-GMM,0.27531418715412764,0.13951183520222463,-2.1983154811496592
ours+all,10,54,3,LFCC-LCNN,0.07113841884455457,0.03604845601666094,-2.1983154811496592
ours+all,10,54,3,RawNet2,-0.0398505135654849,-0.020193722447581445,-2.1983154811496592
ours+all,10,54,4,timepool_T150_aug,0.7285031275573711,0.36374847684180084,-2.156190105308657
ours+all,10,54,4,flatten_T400_aug,0.5272052343198173,0.26323854176145034,-2.156190105308657
ours+all,10,54,4,CQCC-GMM,0.3575143145626493,0.17851026639698647,-2.156190105308657
ours+all,10,54,4,LFCC-GMM,0.30980821217446747,0.154690159902806,-2.156190105308657
ours+all,10,54,4,LFCC-LCNN,0.024878974271602492,0.012422306307764034,-2.156190105308657
ours+all,10,54,4,RawNet2,-0.054856262439222016,-0.027390248789192315,-2.156190105308657
ours+all,10,54,5,timepool_T150_aug,0.7762659960847353,0.37529030183782724,-2.2091762683758294
ours+all,10,54,5,flatten_T400_aug,0.43109301663999267,0.20841442128213775,-2.2091762683758294
ours+all,10,54,5,CQCC-GMM,0.39830640511478577,0.192563543622167,-2.2091762683758294
ours+all,10,54,5,LFCC-GMM,0.29816818572998904,0.1441511401831779,-2.2091762683758294
ours+all,10,54,5,LFCC-LCNN,0.060032782559856765,0.029023197203905355,-2.2091762683758294
ours+all,10,54,5,RawNet2,-0.10457501052623554,-0.0505573958707846,-2.2091762683758294
ours+all,10,54,6,timepool_T150_aug,0.7458149178633243,0.3541612779436957,-2.176012548424136
ours+all,10,54,6,flatten_T400_aug,0.5102132865572975,0.24228234815772293,-2.176012548424136
ours+all,10,54,6,CQCC-GMM,0.3868114029523824,0.18368313305569278,-2.176012548424136
ours+all,10,54,6,LFCC-GMM,0.3269384145899775,0.15525155631345436,-2.176012548424136
ours+all,10,54,6,LFCC-LCNN,0.05383952183518065,0.02556649565505125,-2.176012548424136
ours+all,10,54,6,RawNet2,-0.08224485367684711,-0.03905518887438281,-2.176012548424136
ours+all,10,54,7,timepool_T150_aug,0.7573801692448151,0.37320557999787496,-2.1719442677054133
ours+all,10,54,7,flatten_T400_aug,0.43785466793723155,0.21575664631571698,-2.1719442677054133
ours+all,10,54,7,CQCC-GMM,0.36868861527966845,0.18167448012437382,-2.1719442677054133
ours+all,10,54,7,LFCC-GMM,0.31813014863161554,0.15676136167290472,-2.1719442677054133
ours+all,10,54,7,LFCC-LCNN,0.06519789884220067,0.03212682433487528,-2.1719442677054133
ours+all,10,54,7,RawNet2,-0.08213983244789042,-0.04047510755425429,-2.1719442677054133
ours+all,10,54,8,timepool_T150_aug,0.7643586127767579,0.3679799619368552,-2.1722339924641405
ours+all,10,54,8,flatten_T400_aug,0.46437168535805967,0.2235592982747222,-2.1722339924641405
ours+all,10,54,8,CQCC-GMM,0.3581685581149413,0.1724306499318641,-2.1722339924641405
ours+all,10,54,8,LFCC-GMM,0.34194502376689295,0.16462026426722362,-2.1722339924641405
ours+all,10,54,8,LFCC-LCNN,0.06803737205449552,0.03275476871771596,-2.1722339924641405
ours+all,10,54,8,RawNet2,-0.08029330046038619,-0.038655056871619006,-2.1722339924641405
ours+all,10,54,9,timepool_T150_aug,0.7268879000834564,0.3494977789686478,-2.217320118732691
ours+all,10,54,9,flatten_T400_aug,0.45540186005236116,0.21896352739977828,-2.217320118732691
ours+all,10,54,9,CQCC-GMM,0.4184110570853319,0.20117783654186297,-2.217320118732691
ours+all,10,54,9,LFCC-GMM,0.31235944154840195,0.15018674963294837,-2.217320118732691
ours+all,10,54,9,LFCC-LCNN,0.07373836822759003,0.03545442965463605,-2.217320118732691
ours+all,10,54,9,RawNet2,-0.09300829546305221,-0.04471967780212653,-2.217320118732691
ours,10,55,0,timepool_T150_aug,1.1662545204162598,1.0,-2.018761157989502
ours,10,55,1,timepool_T150_aug,1.1633297204971313,1.0,-2.016451835632324
ours,10,55,2,timepool_T150_aug,1.1374218463897705,1.0,-2.028154134750366
ours,10,55,3,timepool_T150_aug,1.1737275123596191,1.0,-2.023343086242676
ours,10,55,4,timepool_T150_aug,1.1428606510162354,1.0,-2.0317952632904053
ours,10,55,5,timepool_T150_aug,1.2160879373550415,1.0,-2.020658016204834
ours,10,55,6,timepool_T150_aug,1.157700538635254,1.0,-2.0125515460968018
ours,10,55,7,timepool_T150_aug,1.2047910690307617,1.0,-2.0498719215393066
ours,10,55,8,timepool_T150_aug,1.1591758728027344,1.0,-1.9939616918563843
ours,10,55,9,timepool_T150_aug,1.154824137687683,1.0,-1.9915460348129272
ours+2GMM,10,55,0,timepool_T150_aug,1.0651625333154628,0.592084372237599,-2.132526453500455
ours+2GMM,10,55,0,CQCC-GMM,0.4039750096156453,0.2245547345938413,-2.132526453500455
ours+2GMM,10,55,0,LFCC-GMM,0.32986709772510747,0.1833608931685597,-2.132526453500455
ours+2GMM,10,55,1,timepool_T150_aug,1.0826161158658225,0.6012675444206105,-2.128309084312216
ours+2GMM,10,55,1,CQCC-GMM,0.4042218541362905,0.22449830376236168,-2.128309084312216
ours+2GMM,10,55,1,LFCC-GMM,0.31371841444242915,0.17423415181702787,-2.128309084312216
ours+2GMM,10,55,2,timepool_T150_aug,1.0336125093620587,0.5825020854742904,-2.1488577154643496
ours+2GMM,10,55,2,CQCC-GMM,0.45671990135358076,0.2573888111902515,-2.1488577154643496
ours+2GMM,10,55,2,LFCC-GMM,0.2841033125838931,0.16010910333545803,-2.1488577154643496
ours+2GMM,10,55,3,timepool_T150_aug,1.077737524890066,0.5920670138336998,-2.139829147364158
ours+2GMM,10,55,3,CQCC-GMM,0.40571706487071313,0.22288515107969284,-2.139829147364158
ours+2GMM,10,55,3,LFCC-GMM,0.33684193024224496,0.1850478350866074,-2.139829147364158
ours+2GMM,10,55,4,timepool_T150_aug,1.0357091760135269,0.5886796608874892,-2.144753847935163
ours+2GMM,10,55,4,CQCC-GMM,0.42542205527018034,0.24180273481253547,-2.144753847935163
ours+2GMM,10,55,4,LFCC-GMM,0.29824529355171703,0.16951760429997526,-2.144753847935163
ours+2GMM,10,55,5,timepool_T150_aug,1.1190484164402097,0.6071299766157043,-2.1345503792383353
ours+2GMM,10,55,5,CQCC-GMM,0.38737877800202875,0.21016898373168638,-2.1345503792383353
ours+2GMM,10,55,5,LFCC-GMM,0.3367504768005287,0.18270103965260923,-2.1345503792383353
ours+2GMM,10,55,6,timepool_T150_aug,1.0722271002858441,0.6113948320544735,-2.113765617982979
ours+2GMM,10,55,6,CQCC-GMM,0.35847455004031115,0.20440584579448773,-2.113765617982979
ours+2GMM,10,55,6,LFCC-GMM,0.3230375768812998,0.1841993221510388,-2.113765617982979
ours+2GMM,10,55,7,timepool_T150_aug,1.115419558940939,0.614871660772834,-2.153302789371397
ours+2GMM,10,55,7,CQCC-GMM,0.37039221230195396,0.2041775876080773,-2.153302789371397
ours+2GMM,10,55,7,LFCC-GMM,0.3282571314269178,0.18095075161908875,-2.153302789371397
ours+2GMM,10,55,8,timepool_T150_aug,1.0725905212707845,0.596091457788061,-2.1062857778716926
ours+2GMM,10,55,8,CQCC-GMM,0.4061005049960564,0.22569008137864535,-2.1062857778716926
ours+2GMM,10,55,8,LFCC-GMM,0.3206813808649212,0.17821846083329362,-2.1062857778716926
ours+2GMM,10,55,9,timepool_T150_aug,1.0690859899583653,0.5927003716016122,-2.1050215035475683
ours+2GMM,10,55,9,CQCC-GMM,0.4055298158260593,0.2248253880354369,-2.1050215035475683
ours+2GMM,10,55,9,LFCC-GMM,0.3291387406644838,0.182474240362951,-2.1050215035475683
ours+4base,10,55,0,timepool_T150_aug,1.0412084666384218,0.5317616422240109,-2.138505291335479
ours+4base,10,55,0,CQCC-GMM,0.40867780431323275,0.20871822245523056,-2.138505291335479
ours+4base,10,55,0,LFCC-GMM,0.31952481794465776,0.16318638136908653,-2.138505291335479
ours+4base,10,55,0,LFCC-LCNN,0.1328187279926354,0.06783262639372563,-2.138505291335479
ours+4base,10,55,0,RawNet2,-0.05580623528609859,-0.028501127557946298,-2.138505291335479
ours+4base,10,55,1,timepool_T150_aug,1.0633273825519132,0.5366285178624332,-2.133793898953795
ours+4base,10,55,1,CQCC-GMM,0.4122326264669799,0.20804108592088608,-2.133793898953795
ours+4base,10,55,1,LFCC-GMM,0.3113654207294684,0.15713651974114387,-2.133793898953795
ours+4base,10,55,1,LFCC-LCNN,0.11280079211731948,0.05692707897952616,-2.133793898953795
ours+4base,10,55,1,RawNet2,-0.08177000347003882,-0.04126679749601074,-2.133793898953795
ours+4base,10,55,2,timepool_T150_aug,1.0136225726623482,0.5015643911786306,-2.1566804467431684
ours+4base,10,55,2,CQCC-GMM,0.4751315529923795,0.23510631524359726,-2.1566804467431684
ours+4base,10,55,2,LFCC-GMM,0.2789519129642211,0.13803199550551118,-2.1566804467431684
ours+4base,10,55,2,LFCC-LCNN,0.1335449464774961,0.06608119390932365,-2.1566804467431684
ours+4base,10,55,2,RawNet2,-0.11967113475426387,-0.059216104162937426,-2.1566804467431684
ours+4base,10,55,3,timepool_T150_aug,1.048131396774699,0.5198881155534293,-2.1480316236841426
ours+4base,10,55,3,CQCC-GMM,0.41489845311914053,0.20579554777377662,-2.1480316236841426
ours+4base,10,55,3,LFCC-GMM,0.32543785484603394,0.16142181562949928,-2.1480316236841426
ours+4base,10,55,3,LFCC-LCNN,0.15748673142943784,0.07811566400879316,-2.1480316236841426
ours+4base,10,55,3,RawNet2,-0.07011664800799525,-0.03477885703450163,-2.1480316236841426
ours+4base,10,55,4,timepool_T150_aug,1.017661038411985,0.5263997239969385,-2.1502682078554796
ours+4base,10,55,4,CQCC-GMM,0.4340366398875747,0.22451165841811707,-2.1502682078554796
ours+4base,10,55,4,LFCC-GMM,0.2922209898696081,0.1511554855765246,-2.1502682078554796
ours+4base,10,55,4,LFCC-LCNN,0.11636565115439203,0.06019179701129313,-2.1502682078554796
ours+4base,10,55,4,RawNet2,-0.07296334783878794,-0.03774133499712674,-2.1502682078554796
ours+4base,10,55,5,timepool_T150_aug,1.09403283306207,0.5436544996510682,-2.1409420582610115
ours+4base,10,55,5,CQCC-GMM,0.3955946943153048,0.19658170130110023,-2.1409420582610115
ours+4base,10,55,5,LFCC-GMM,0.325602027773541,0.16180045255054487,-2.1409420582610115
ours+4base,10,55,5,LFCC-LCNN,0.13496761282654368,0.0670690566159185,-2.1409420582610115
ours+4base,10,55,5,RawNet2,-0.062170675504474755,-0.030894289881368244,-2.1409420582610115
ours+4base,10,55,6,timepool_T150_aug,1.0552697569797584,0.549154552273268,-2.1180969781375407
ours+4base,10,55,6,CQCC-GMM,0.36928052811022066,0.19217084706189874,-2.1180969781375407
ours+4base,10,55,6,LFCC-GMM,0.31886634990339763,0.16593568275601625,-2.1180969781375407
ours+4base,10,55,6,LFCC-LCNN,0.09971131640605417,0.0518890292793591,-2.1180969781375407
ours+4base,10,55,6,RawNet2,-0.07849821487996539,-0.04084988862945785,-2.1180969781375407
ours+4base,10,55,7,timepool_T150_aug,1.0874542442048394,0.5549508436569613,-2.15804589697219
ours+4base,10,55,7,CQCC-GMM,0.3792954790631609,0.19356248524763056,-2.15804589697219
ours+4base,10,55,7,LFCC-GMM,0.3184929591118308,0.16253367652002035,-2.15804589697219
ours+4base,10,55,7,LFCC-LCNN,0.12428687114799747,0.06342621252032472,-2.15804589697219
ours+4base,10,55,7,RawNet2,-0.0500210204272244,-0.025526782055063077,-2.15804589697219
ours+4base,10,55,8,timepool_T150_aug,1.0510742941396258,0.5362814859573464,-2.1116916933385794
ours+4base,10,55,8,CQCC-GMM,0.4133206083426326,0.2108853686696065,-2.1116916933385794
ours+4base,10,55,8,LFCC-GMM,0.3116650318005177,0.1590184321953574,-2.1116916933385794
ours+4base,10,55,8,LFCC-LCNN,0.12215958935146165,0.062328539920165155,-2.1116916933385794
ours+4base,10,55,8,RawNet2,-0.06171070267833707,-0.03148617325752457,-2.1116916933385794
ours+4base,10,55,9,timepool_T150_aug,1.0454735478323256,0.5268525001105215,-2.1114855093638223
ours+4base,10,55,9,CQCC-GMM,0.41571815235849335,0.20949563799631013,-2.1114855093638223
ours+4base,10,55,9,LFCC-GMM,0.32066110946432896,0.16159290453572558,-2.1114855093638223
ours+4base,10,55,9,LFCC-LCNN,0.13142416482001779,0.06622946123689837,-2.1114855093638223
ours+4base,10,55,9,RawNet2,-0.07109919838727549,-0.035829496120544355,-2.1114855093638223
ours+all,10,55,0,timepool_T150_aug,0.7768461169558231,0.38314685556409445,-2.178479349045386
ours+all,10,55,0,flatten_T400_aug,0.41526124062180103,0.2048102386163253,-2.178479349045386
ours+all,10,55,0,CQCC-GMM,0.38556971844663024,0.190166137152695,-2.178479349045386
ours+all,10,55,0,LFCC-GMM,0.3124960266174091,0.15412559496843395,-2.178479349045386
ours+all,10,55,0,LFCC-LCNN,0.07525945346749345,0.037118577692758406,-2.178479349045386
ours+all,10,55,0,RawNet2,-0.06210885699235013,-0.030632596005692885,-2.178479349045386
ours+all,10,55,1,timepool_T150_aug,0.7956460404771053,0.38838365212643905,-2.1749937625843
ours+all,10,55,1,flatten_T400_aug,0.4219632838345331,0.2059755631293648,-2.1749937625843
ours+all,10,55,1,CQCC-GMM,0.38332485669164074,0.18711474728570238,-2.1749937625843
ours+all,10,55,1,LFCC-GMM,0.30719751639616044,0.14995423501456562,-2.1749937625843
ours+all,10,55,1,LFCC-LCNN,0.05448161852446119,0.026594451426668747,-2.1749937625843
ours+all,10,55,1,RawNet2,-0.08599515696331854,-0.0419773510172594,-2.1749937625843
ours+all,10,55,2,timepool_T150_aug,0.7363628350388208,0.35182956251106556,-2.198153751167419
ours+all,10,55,2,flatten_T400_aug,0.4335192893643559,0.20713280825631064,-2.198153751167419
ours+all,10,55,2,CQCC-GMM,0.449188450955934,0.21461943577926199,-2.198153751167419
ours+all,10,55,2,LFCC-GMM,0.27590240744624694,0.13182444671103655,-2.198153751167419
ours+all,10,55,2,LFCC-LCNN,0.07150362660158191,0.03416398610592953,-2.198153751167419
ours+all,10,55,2,RawNet2,-0.12647666542101377,-0.06042976063639572,-2.198153751167419
ours+all,10,55,3,timepool_T150_aug,0.7370173832186127,0.3507364640935883,-2.199857196219862
ours+all,10,55,3,flatten_T400_aug,0.4877964883321543,0.23213565841247097,-2.199857196219862
ours+all,10,55,3,CQCC-GMM,0.38559734086336267,0.18350048584700804,-2.199857196219862
ours+all,10,55,3,LFCC-GMM,0.32265826972229766,0.1535486451333622,-2.199857196219862
ours+all,10,55,3,LFCC-LCNN,0.0914013828747229,0.04349666449215302,-2.199857196219862
ours+all,10,55,3,RawNet2,-0.07687147794510323,-0.036582082021417474,-2.199857196219862
ours+all,10,55,4,timepool_T150_aug,0.7302128561430471,0.3643285829618005,-2.1931026266943054
ours+all,10,55,4,flatten_T400_aug,0.4442869173242595,0.22167019062384846,-2.1931026266943054
ours+all,10,55,4,CQCC-GMM,0.41811210510353825,0.20861066672552028,-2.1931026266943054
ours+all,10,55,4,LFCC-GMM,0.28641956794518214,0.14290468107227797,-2.1931026266943054
ours+all,10,55,4,LFCC-LCNN,0.047286239194363096,0.0235927488462353,-2.1931026266943054
ours+all,10,55,4,RawNet2,-0.07795233397019359,-0.03889312977031742,-2.1931026266943054
ours+all,10,55,5,timepool_T150_aug,0.8612097161132692,0.4168663870759271,-2.1752131585346453
ours+all,10,55,5,flatten_T400_aug,0.36392012537657137,0.1761546171757273,-2.1752131585346453
ours+all,10,55,5,CQCC-GMM,0.37418173813396705,0.18112172490304557,-2.1752131585346453
ours+all,10,55,5,LFCC-GMM,0.31724066925816663,0.15355954438605926,-2.1752131585346453
ours+all,10,55,5,LFCC-LCNN,0.08205504658957823,0.03971853797414132,-2.1752131585346453
ours+all,10,55,5,RawNet2,-0.06730577119268373,-0.032579188485099324,-2.1752131585346453
ours+all,10,55,6,timepool_T150_aug,0.7384440101003187,0.36867009088374614,-2.1740325615302063
ours+all,10,55,6,flatten_T400_aug,0.5121636794763612,0.2556990478320117,-2.1740325615302063
ours+all,10,55,6,CQCC-GMM,0.3424396642850666,0.1709638922211911,-2.1740325615302063
ours+all,10,55,6,LFCC-GMM,0.30941968438325285,0.1544785814530431,-2.1740325615302063
ours+all,10,55,6,LFCC-LCNN,0.016599069979186726,0.008287128819666475,-2.1740325615302063
ours+all,10,55,6,RawNet2,-0.08392797336833044,-0.041901258790341504,-2.1740325615302063
ours+all,10,55,7,timepool_T150_aug,0.7952017098254419,0.389394348722252,-2.2088109644205076
ours+all,10,55,7,flatten_T400_aug,0.46463820824981833,0.22752402347402934,-2.2088109644205076
ours+all,10,55,7,CQCC-GMM,0.35600133725149014,0.17432672383680478,-2.2088109644205076
ours+all,10,55,7,LFCC-GMM,0.30951005025133094,0.1515608718535888,-2.2088109644205076
ours+all,10,55,7,LFCC-LCNN,0.059621179762855504,0.029195297465979677,-2.2088109644205076
ours+all,10,55,7,RawNet2,-0.057177618878077444,-0.027998734647345657,-2.2088109644205076
ours+all,10,55,8,timepool_T150_aug,0.7506294279463643,0.36746228055139246,-2.1610198965810006
ours+all,10,55,8,flatten_T400_aug,0.4760123919169023,0.2330265675608533,-2.1610198965810006
ours+all,10,55,8,CQCC-GMM,0.3858186436697818,0.18887322213041907,-2.1610198965810006
ours+all,10,55,8,LFCC-GMM,0.30478731590561076,0.14920523765265453,-2.1610198965810006
ours+all,10,55,8,LFCC-LCNN,0.054527456356654826,0.026693309267531964,-2.1610198965810006
ours+all,10,55,8,RawNet2,-0.07096348236648929,-0.034739382837148704,-2.1610198965810006
ours+all,10,55,9,timepool_T150_aug,0.7640121527743419,0.3701277493119785,-2.157490584690912
ours+all,10,55,9,flatten_T400_aug,0.44719222941353043,0.21664348241267223,-2.157490584690912
ours+all,10,55,9,CQCC-GMM,0.390462818473611,0.18916076618264857,-2.157490584690912
ours+all,10,55,9,LFCC-GMM,0.31240500225993,0.15134544645708506,-2.157490584690912
ours+all,10,55,9,LFCC-LCNN,0.06629816718515365,0.03211832601699197,-2.157490584690912
ours+all,10,55,9,RawNet2,-0.0838146422156528,-0.040604229618623595,-2.157490584690912
ours,10,56,0,timepool_T150_aug,1.1609920263290405,1.0,-1.9870275259017944
ours,10,56,1,timepool_T150_aug,1.1734622716903687,1.0,-2.0227012634277344
ours,10,56,2,timepool_T150_aug,1.1774393320083618,1.0,-2.0258240699768066
ours,10,56,3,timepool_T150_aug,1.211167573928833,1.0,-2.0165555477142334
ours,10,56,4,timepool_T150_aug,1.1638108491897583,1.0,-2.0440964698791504
ours,10,56,5,timepool_T150_aug,1.135117530822754,1.0,-2.027015209197998
ours,10,56,6,timepool_T150_aug,1.16388738155365,1.0,-2.0172388553619385
ours,10,56,7,timepool_T150_aug,1.1632438898086548,1.0,-1.9962931871414185
ours,10,56,8,timepool_T150_aug,1.1724168062210083,1.0,-2.0572104454040527
ours,10,56,9,timepool_T150_aug,1.153997540473938,1.0,-1.9914400577545166
ours+2GMM,10,56,0,timepool_T150_aug,1.073153294169445,0.5973881967312054,-2.0959838366581045
ours+2GMM,10,56,0,CQCC-GMM,0.3662181762382453,0.203861290928128,-2.0959838366581045
ours+2GMM,10,56,0,LFCC-GMM,0.35703712963083706,0.19875051234066668,-2.0959838366581045
ours+2GMM,10,56,1,timepool_T150_aug,1.0919089616253679,0.6099916017005996,-2.1314906960170936
ours+2GMM,10,56,1,CQCC-GMM,0.40088723124421943,0.2239544255813889,-2.1314906960170936
ours+2GMM,10,56,1,LFCC-GMM,0.29724314305114946,0.1660539727180115,-2.1314906960170936
ours+2GMM,10,56,2,timepool_T150_aug,1.0882364825814714,0.5903517607877352,-2.149579267606197
ours+2GMM,10,56,2,CQCC-GMM,0.4293203442695755,0.23289976511384408,-2.149579267606197
ours+2GMM,10,56,2,LFCC-GMM,0.3258127620350507,0.17674847409842062,-2.149579267606197
ours+2GMM,10,56,3,timepool_T150_aug,1.126507937222298,0.6139518976585309,-2.1189499703818204
ours+2GMM,10,56,3,CQCC-GMM,0.3517078236439201,0.19168234737872608,-2.1189499703818204
ours+2GMM,10,56,3,LFCC-GMM,0.35663146660964123,0.194365754962743,-2.1189499703818204
ours+2GMM,10,56,4,timepool_T150_aug,1.0697746507401673,0.597233740703998,-2.1562257727827414
ours+2GMM,10,56,4,CQCC-GMM,0.40237744344919857,0.22463925982897953,-2.1562257727827414
ours+2GMM,10,56,4,LFCC-GMM,0.31906393704014024,0.1781269994670224,-2.1562257727827414
ours+2GMM,10,56,5,timepool_T150_aug,1.0324684134094262,0.5726277894744742,-2.15217371106845
ours+2GMM,10,56,5,CQCC-GMM,0.41927763493832,0.23253982606401333,-2.15217371106845
ours+2GMM,10,56,5,LFCC-GMM,0.351289767215742,0.19483238446151235,-2.15217371106845
ours+2GMM,10,56,6,timepool_T150_aug,1.0631610745809146,0.5896303489658008,-2.138027448703816
ours+2GMM,10,56,6,CQCC-GMM,0.45055870590949876,0.24988037405312136,-2.138027448703816
ours+2GMM,10,56,6,LFCC-GMM,0.28937783218450536,0.16048927698107793,-2.138027448703816
ours+2GMM,10,56,7,timepool_T150_aug,1.0667605945894059,0.5979094637911755,-2.1063077383867443
ours+2GMM,10,56,7,CQCC-GMM,0.42780487780732007,0.23978068405824143,-2.1063077383867443
ours+2GMM,10,56,7,LFCC-GMM,0.28958523802250274,0.16230985215058305,-2.1063077383867443
ours+2GMM,10,56,8,timepool_T150_aug,1.084497719038363,0.6060431542410297,-2.1663204649850565
ours+2GMM,10,56,8,CQCC-GMM,0.3777863371100835,0.2111160026914367,-2.1663204649850565
ours+2GMM,10,56,8,LFCC-GMM,0.32718870903197966,0.1828408430675336,-2.1663204649850565
ours+2GMM,10,56,9,timepool_T150_aug,1.0487274412149417,0.6025297812659554,-2.0938287029303013
ours+2GMM,10,56,9,CQCC-GMM,0.40199517124248113,0.23095997404063304,-2.0938287029303013
ours+2GMM,10,56,9,LFCC-GMM,0.2898178119702215,0.16651024469341158,-2.0938287029303013
ours+4base,10,56,0,timepool_T150_aug,1.052181062355611,0.5453314203790086,-2.1004429299321483
ours+4base,10,56,0,CQCC-GMM,0.36954436604366525,0.19152991936243585,-2.1004429299321483
ours+4base,10,56,0,LFCC-GMM,0.3476318167985987,0.18017293715522478,-2.1004429299321483
ours+4base,10,56,0,LFCC-LCNN,0.11515006332456833,0.05968074301673423,-2.1004429299321483
ours+4base,10,56,0,RawNet2,-0.04492683562486955,-0.023284980086596505,-2.1004429299321483
ours+4base,10,56,1,timepool_T150_aug,1.07343311507255,0.5559272626560539,-2.1351516322521182
ours+4base,10,56,1,CQCC-GMM,0.40540689626122167,0.2099588161905693,-2.1351516322521182
ours+4base,10,56,1,LFCC-GMM,0.29306961778715285,0.15177973186811572,-2.1351516322521182
ours+4base,10,56,1,LFCC-LCNN,0.09876431366814178,0.05114969323628798,-2.1351516322521182
ours+4base,10,56,1,RawNet2,-0.06021375993666139,-0.0311844960489732,-2.1351516322521182
ours+4base,10,56,2,timepool_T150_aug,1.0618746924433489,0.5076521450958026,-2.159822963288891
ours+4base,10,56,2,CQCC-GMM,0.44278421105552374,0.21168256118777523,-2.159822963288891
ours+4base,10,56,2,LFCC-GMM,0.31820372000847424,0.15212416511036128,-2.159822963288891
ours+4base,10,56,2,LFCC-LCNN,0.16691544330570526,0.07979753491326258,-2.159822963288891
ours+4base,10,56,2,RawNet2,-0.10195877051077155,-0.048743593692798376,-2.159822963288891
ours+4base,10,56,3,timepool_T150_aug,1.106530741549507,0.5593914509381558,-2.1219980545308466
ours+4base,10,56,3,CQCC-GMM,0.36571332982312094,0.1848813616427005,-2.1219980545308466
ours+4base,10,56,3,LFCC-GMM,0.3509224750182715,0.17740404771076745,-2.1219980545308466
ours+4base,10,56,3,LFCC-LCNN,0.08576989970963081,0.04335979728697296,-2.1219980545308466
ours+4base,10,56,3,RawNet2,-0.06916089466816311,-0.034963342421403296,-2.1219980545308466
ours+4base,10,56,4,timepool_T150_aug,1.0455135848478905,0.5154184977436519,-2.165418628839643
ours+4base,10,56,4,CQCC-GMM,0.4146721616943309,0.20442556245474305,-2.165418628839643
ours+4base,10,56,4,LFCC-GMM,0.31419887098311483,0.1548941232537207,-2.165418628839643
ours+4base,10,56,4,LFCC-LCNN,0.15345707270553843,0.07565144540282018,-2.165418628839643
ours+4base,10,56,4,RawNet2,-0.10063340219370183,-0.049610371145064294,-2.165418628839643
ours+4base,10,56,5,timepool_T150_aug,1.0119662035577213,0.5077624920773618,-2.158856815419754
ours+4base,10,56,5,CQCC-GMM,0.42961331490067706,0.21556206782071813,-2.158856815419754
ours+4base,10,56,5,LFCC-GMM,0.34417116671814585,0.17269075656834518,-2.158856815419754
ours+4base,10,56,5,LFCC-LCNN,0.1262079980932412,0.06332591682076251,-2.158856815419754
ours+4base,10,56,5,RawNet2,-0.08103256627595698,-0.04065876671281248,-2.158856815419754
ours+4base,10,56,6,timepool_T150_aug,1.040896205199057,0.5213888590614948,-2.1440038160994934
ours+4base,10,56,6,CQCC-GMM,0.4631359284834152,0.23198654403411473,-2.1440038160994934
ours+4base,10,56,6,LFCC-GMM,0.28329503739244044,0.14190355924641032,-2.1440038160994934
ours+4base,10,56,6,LFCC-LCNN,0.12613091829976053,0.06317945560394704,-2.1440038160994934
ours+4base,10,56,6,RawNet2,-0.08293325483755343,-0.04154158205403299,-2.1440038160994934
ours+4base,10,56,7,timepool_T150_aug,1.0448925133855025,0.537755886626188,-2.1120089356733662
ours+4base,10,56,7,CQCC-GMM,0.4333717687701132,0.22303559147786792,-2.1120089356733662
ours+4base,10,56,7,LFCC-GMM,0.2808438553890831,0.144536815532292,-2.1120089356733662
ours+4base,10,56,7,LFCC-LCNN,0.12695789638325106,0.0653391188655043,-2.1120089356733662
ours+4base,10,56,7,RawNet2,-0.05699500802739737,-0.029332587498147756,-2.1120089356733662
ours+4base,10,56,8,timepool_T150_aug,1.0589597626604894,0.5424164034667586,-2.1728026211962335
ours+4base,10,56,8,CQCC-GMM,0.38439659200128623,0.19689418265938807,-2.1728026211962335
ours+4base,10,56,8,LFCC-GMM,0.31521127618704237,0.16145633931547101,-2.1728026211962335
ours+4base,10,56,8,LFCC-LCNN,0.13796944465646377,0.07067019219960517,-2.1728026211962335
ours+4base,10,56,8,RawNet2,-0.05576332671768851,-0.02856288235877741,-2.1728026211962335
ours+4base,10,56,9,timepool_T150_aug,1.0258610564705586,0.537511875724903,-2.0991697203768602
ours+4base,10,56,9,CQCC-GMM,0.4116377976571876,0.21568242925530431,-2.0991697203768602
ours+4base,10,56,9,LFCC-GMM,0.2803215786776867,0.14687776342695552,-2.0991697203768602
ours+4base,10,56,9,LFCC-LCNN,0.12352861150894,0.0647242579870452,-2.0991697203768602
ours+4base,10,56,9,RawNet2,-0.06718749748213082,-0.03520367360579184,-2.0991697203768602
ours+all,10,56,0,timepool_T150_aug,0.790369945259076,0.39552596529199446,-2.1407124569739744
ours+all,10,56,0,flatten_T400_aug,0.4131987015995233,0.20677761887058993,-2.1407124569739744
ours+all,10,56,0,CQCC-GMM,0.35134095901868767,0.1758220600315593,-2.1407124569739744
ours+all,10,56,0,LFCC-GMM,0.33417573429264713,0.16723204200272887,-2.1407124569739744
ours+all,10,56,0,LFCC-LCNN,0.055329015252431994,0.027688378458267736,-2.1407124569739744
ours+all,10,56,0,RawNet2,-0.05386139538855878,-0.02695393534485977,-2.1407124569739744
ours+all,10,56,1,timepool_T150_aug,0.7316854773111303,0.360065698097546,-2.1978248525537816
ours+all,10,56,1,flatten_T400_aug,0.5505190373993886,0.2709128821931102,-2.1978248525537816
ours+all,10,56,1,CQCC-GMM,0.3683946946820057,0.18128867803085327,-2.1978248525537816
ours+all,10,56,1,LFCC-GMM,0.29150064272938914,0.14344877091992572,-2.1978248525537816
ours+all,10,56,1,LFCC-LCNN,0.01936593493931765,0.009530063257319477,-2.1978248525537816
ours+all,10,56,1,RawNet2,-0.070623026666613,-0.03475390750124541,-2.1978248525537816
ours+all,10,56,2,timepool_T150_aug,0.7633617158383014,0.35238557513772134,-2.2106724064227605
ours+all,10,56,2,flatten_T400_aug,0.47146671397312134,0.21764003317779956,-2.2106724064227605
ours+all,10,56,2,CQCC-GMM,0.4132103607523806,0.1907475415723318,-2.2106724064227605
ours+all,10,56,2,LFCC-GMM,0.3149110827036913,0.14537030177616211,-2.2106724064227605
ours+all,10,56,2,LFCC-LCNN,0.09763086323052833,0.045068683923847025,-2.2106724064227605
ours+all,10,56,2,RawNet2,-0.10568760618302991,-0.0487878644121379,-2.2106724064227605
ours+all,10,56,3,timepool_T150_aug,0.8371681808069249,0.4076348155520466,-2.165225228053786
ours+all,10,56,3,flatten_T400_aug,0.42675073485562165,0.2077939189254632,-2.165225228053786
ours+all,10,56,3,CQCC-GMM,0.34510110907888014,0.1680369968320855,-2.165225228053786
ours+all,10,56,3,LFCC-GMM,0.3428672986749887,0.16694930750890694,-2.165225228053786
ours+all,10,56,3,LFCC-LCNN,0.026894027687319806,0.013095268390642064,-2.165225228053786
ours+all,10,56,3,RawNet2,-0.07493964834812737,-0.03648969279085559,-2.165225228053786
ours+all,10,56,4,timepool_T150_aug,0.7510757278956202,0.3561303153044987,-2.2140821144668945
ours+all,10,56,4,flatten_T400_aug,0.46888327936865504,0.22232585067077656,-2.2140821144668945
ours+all,10,56,4,CQCC-GMM,0.3886038387006799,0.18426052455824368,-2.2140821144668945
ours+all,10,56,4,LFCC-GMM,0.30805407005158514,0.14606701964086316,-2.2140821144668945
ours+all,10,56,4,LFCC-LCNN,0.08286385615636484,0.039290753414433326,-2.2140821144668945
ours+all,10,56,4,RawNet2,-0.10951050326354593,-0.051925536411184525,-2.2140821144668945
ours+all,10,56,5,timepool_T150_aug,0.7283362906750425,0.35330887772512287,-2.2025522658468066
ours+all,10,56,5,flatten_T400_aug,0.4448695499406614,0.21580190831619844,-2.2025522658468066
ours+all,10,56,5,CQCC-GMM,0.4044292978971653,0.1961847338772229,-2.2025522658468066
ours+all,10,56,5,LFCC-GMM,0.33544382594566846,0.1627205498367276,-2.2025522658468066
ours+all,10,56,5,LFCC-LCNN,0.0613634150491584,0.029766798087604854,-2.2025522658468066
ours+all,10,56,5,RawNet2,-0.08702942772408803,-0.0422171321571233,-2.2025522658468066
ours+all,10,56,6,timepool_T150_aug,0.7999270743169958,0.3886098666716725,-2.1784996872219327
ours+all,10,56,6,flatten_T400_aug,0.37999432807403016,0.1846037594051005,-2.1784996872219327
ours+all,10,56,6,CQCC-GMM,0.43418783838851593,0.21093132537199075,-2.1784996872219327
ours+all,10,56,6,LFCC-GMM,0.2816075079790567,0.1368067910727022,-2.1784996872219327
ours+all,10,56,6,LFCC-LCNN,0.07212602978005629,0.03503930260182373,-2.1784996872219327
ours+all,10,56,6,RawNet2,-0.0905894511114369,-0.044008954876710214,-2.1784996872219327
ours+all,10,56,7,timepool_T150_aug,0.7577697793425551,0.37536066365317966,-2.154366377608896
ours+all,10,56,7,flatten_T400_aug,0.4472269077582848,0.2215334966846464,-2.154366377608896
ours+all,10,56,7,CQCC-GMM,0.40944542719515414,0.20281847003066644,-2.154366377608896
ours+all,10,56,7,LFCC-GMM,0.2780842499736668,0.13774881430633792,-2.154366377608896
ours+all,10,56,7,LFCC-LCNN,0.060672134003936666,0.030053893815521513,-2.154366377608896
ours+all,10,56,7,RawNet2,-0.06557931389136656,-0.032484661509647975,-2.154366377608896
ours+all,10,56,8,timepool_T150_aug,0.8065015511929202,0.4002457490128063,-2.211151182052762
ours+all,10,56,8,flatten_T400_aug,0.39413692627856345,0.19559990807039832,-2.211151182052762
ours+all,10,56,8,CQCC-GMM,0.3644496920215022,0.1808669056431112,-2.211151182052762
ours+all,10,56,8,LFCC-GMM,0.3040872548969804,0.15091059765658946,-2.211151182052762
ours+all,10,56,8,LFCC-LCNN,0.08309280080626757,0.041236796441475244,-2.211151182052762
ours+all,10,56,8,RawNet2,-0.0627476823608891,-0.03114004317561959,-2.211151182052762
ours+all,10,56,9,timepool_T150_aug,0.7339701068103265,0.3702778192653697,-2.1458998653577637
ours+all,10,56,9,flatten_T400_aug,0.4564226689991807,0.23025895601490798,-2.1458998653577637
ours+all,10,56,9,CQCC-GMM,0.3914899376580829,0.1975012865446729,-2.1458998653577637
ours+all,10,56,9,LFCC-GMM,0.27439823888250586,0.13843013572476293,-2.1458998653577637
ours+all,10,56,9,LFCC-LCNN,0.056278771987852215,0.02839186605726448,-2.1458998653577637
ours+all,10,56,9,RawNet2,-0.06965489566419358,-0.03513993639302202,-2.1458998653577637
ours,10,57,0,timepool_T150_aug,1.1641916036605835,1.0,-2.0172746181488037
ours,10,57,1,timepool_T150_aug,1.1564760208129883,1.0,-2.012650966644287
ours,10,57,2,timepool_T150_aug,1.1628156900405884,1.0,-1.9876494407653809
ours,10,57,3,timepool_T150_aug,1.1707698106765747,1.0,-2.0213305950164795
ours,10,57,4,timepool_T150_aug,1.1988013982772827,1.0,-2.010504722595215
ours,10,57,5,timepool_T150_aug,1.1795488595962524,1.0,-2.0529725551605225
ours,10,57,6,timepool_T150_aug,1.1699488162994385,1.0,-1.962541103363037
ours,10,57,7,timepool_T150_aug,1.1601847410202026,1.0,-2.0225846767425537
ours,10,57,8,timepool_T150_aug,1.1424068212509155,1.0,-2.0386736392974854
ours,10,57,9,timepool_T150_aug,1.170323371887207,1.0,-2.0561275482177734
ours+2GMM,10,57,0,timepool_T150_aug,1.0669844674946372,0.5949882696373989,-2.130008343782272
ours+2GMM,10,57,0,CQCC-GMM,0.400647320236979,0.2234151134012259,-2.130008343782272
ours+2GMM,10,57,0,LFCC-GMM,0.3256547725981945,0.18159661696137508,-2.130008343782272
ours+2GMM,10,57,1,timepool_T150_aug,1.0524407680626555,0.5891901959759345,-2.1268518886633627
ours+2GMM,10,57,1,CQCC-GMM,0.4281617151334502,0.2396987008715452,-2.1268518886633627
ours+2GMM,10,57,1,LFCC-GMM,0.30564714425974965,0.17111110315252018,-2.1268518886633627
ours+2GMM,10,57,2,timepool_T150_aug,1.0605199810356427,0.5932494560241889,-2.0983173911831585
ours+2GMM,10,57,2,CQCC-GMM,0.4278892531122916,0.23935906082558955,-2.0983173911831585
ours+2GMM,10,57,2,LFCC-GMM,0.29923670512183803,0.16739148315022154,-2.0983173911831585
ours+2GMM,10,57,3,timepool_T150_aug,1.0765581505622561,0.5937998536100423,-2.1383066232078214
ours+2GMM,10,57,3,CQCC-GMM,0.4056906940204656,0.2237678239624066,-2.1383066232078214
ours+2GMM,10,57,3,LFCC-GMM,0.33074949823810473,0.18243232242755103,-2.1383066232078214
ours+2GMM,10,57,4,timepool_T150_aug,1.1123398881234834,0.6002729353249024,-2.1251231316960992
ours+2GMM,10,57,4,CQCC-GMM,0.40014402323982545,0.21593725977776076,-2.1251231316960992
ours+2GMM,10,57,4,LFCC-GMM,0.34057296104327534,0.18378980489733684,-2.1251231316960992
ours+2GMM,10,57,5,timepool_T150_aug,1.0942317598920959,0.615889548834595,-2.1527892877988783
ours+2GMM,10,57,5,CQCC-GMM,0.344639245385105,0.19398057809239505,-2.1527892877988783
ours+2GMM,10,57,5,LFCC-GMM,0.3377978178301804,0.19012987307301,-2.1527892877988783
ours+2GMM,10,57,6,timepool_T150_aug,1.083749676310098,0.5969047806749311,-2.0746351106290932
ours+2GMM,10,57,6,CQCC-GMM,0.42015680090694757,0.23141285167284478,-2.0746351106290932
ours+2GMM,10,57,6,LFCC-GMM,0.31170919784034357,0.171682367652224,-2.0746351106290932
ours+2GMM,10,57,7,timepool_T150_aug,1.0694986369607933,0.5972509486096765,-2.1347002638610153
ours+2GMM,10,57,7,CQCC-GMM,0.4140150088398417,0.23120259177787414,-2.1347002638610153
ours+2GMM,10,57,7,LFCC-GMM,0.307188636800085,0.1715464596124492,-2.1347002638610153
ours+2GMM,10,57,8,timepool_T150_aug,1.0510568843242192,0.596682928346583,-2.1506706763354866
ours+2GMM,10,57,8,CQCC-GMM,0.40029694442150715,0.2272477889331213,-2.1506706763354866
ours+2GMM,10,57,8,LFCC-GMM,0.3101460137865764,0.17606928272029573,-2.1506706763354866
ours+2GMM,10,57,9,timepool_T150_aug,1.0756923290974096,0.5988756014248935,-2.1715285908765227
ours+2GMM,10,57,9,CQCC-GMM,0.39041353254429123,0.21735688986744367,-2.1715285908765227
ours+2GMM,10,57,9,LFCC-GMM,0.3300807362728494,0.1837675087076628,-2.1715285908765227
ours+4base,10,57,0,timepool_T150_aug,1.0411222080483291,0.5301052475493937,-2.136800243188778
ours+4base,10,57,0,CQCC-GMM,0.4062532265695789,0.20685080538442382,-2.136800243188778
ours+4base,10,57,0,LFCC-GMM,0.31378654097970415,0.15976980482966752,-2.136800243188778
ours+4base,10,57,0,LFCC-LCNN,0.14497337502650226,0.0738156829836134,-2.136800243188778
ours+4base,10,57,0,RawNet2,-0.05785616400679936,-0.029458459252901647,-2.136800243188778
ours+4base,10,57,1,timepool_T150_aug,1.0330722408496351,0.5163660339891839,-2.1340241322688076
ours+4base,10,57,1,CQCC-GMM,0.43863471027329565,0.2192451377142203,-2.1340241322688076
ours+4base,10,57,1,LFCC-GMM,0.303086132626279,0.15149316579510214,-2.1340241322688076
ours+4base,10,57,1,LFCC-LCNN,0.1319528737649734,0.06595471197973271,-2.1340241322688076
ours+4base,10,57,1,RawNet2,-0.09391282491703022,-0.04694095052176102,-2.1340241322688076
ours+4base,10,57,2,timepool_T150_aug,1.0318786311534156,0.5287124378982657,-2.103530220312824
ours+4base,10,57,2,CQCC-GMM,0.4395246136036135,0.22520296763477612,-2.103530220312824
ours+4base,10,57,2,LFCC-GMM,0.2888421080925718,0.14799648963230935,-2.103530220312824
ours+4base,10,57,2,LFCC-LCNN,0.12963454309869468,0.06642195433481024,-2.103530220312824
ours+4base,10,57,2,RawNet2,-0.06180226090682353,-0.03166615049983846,-2.103530220312824
ours+4base,10,57,3,timepool_T150_aug,1.050700687206311,0.5204249738741278,-2.146370714726747
ours+4base,10,57,3,CQCC-GMM,0.41591602324261306,0.20600832203259636,-2.146370714726747
ours+4base,10,57,3,LFCC-GMM,0.3204168355786724,0.15870639975332804,-2.146370714726747
ours+4base,10,57,3,LFCC-LCNN,0.15210969641269378,0.07534180356544663,-2.146370714726747
ours+4base,10,57,3,RawNet2,-0.07978501802485419,-0.03951850077450121,-2.146370714726747
ours+4base,10,57,4,timepool_T150_aug,1.0915039336446792,0.5337247584863511,-2.132554309448448
ours+4base,10,57,4,CQCC-GMM,0.41143241968508787,0.20118266371851937,-2.132554309448448
ours+4base,10,57,4,LFCC-GMM,0.3316105680426863,0.1621512895048532,-2.132554309448448
ours+4base,10,57,4,LFCC-LCNN,0.13253893265450925,0.06480902875435235,-2.132554309448448
ours+4base,10,57,4,RawNet2,-0.0779831001287253,-0.038132259535923974,-2.132554309448448
ours+4base,10,57,5,timepool_T150_aug,1.0740810767781777,0.5539244084352773,-2.157281906854235
ours+4base,10,57,5,CQCC-GMM,0.3546214524952127,0.18288514949084939,-2.157281906854235
ours+4base,10,57,5,LFCC-GMM,0.3341294642119949,0.172317034352379,-2.157281906854235
ours+4base,10,57,5,LFCC-LCNN,0.10333990275250503,0.05329438879199463,-2.157281906854235
ours+4base,10,57,5,RawNet2,-0.07286718639115661,-0.03757901892949966,-2.157281906854235
ours+4base,10,57,6,timepool_T150_aug,1.0625517362753591,0.5457307893131278,-2.0782149178051834
ours+4base,10,57,6,CQCC-GMM,0.42486593189609445,0.21821282903237976,-2.0782149178051834
ours+4base,10,57,6,LFCC-GMM,0.30474516465191626,0.15651832618317854,-2.0782149178051834
ours+4base,10,57,6,LFCC-LCNN,0.10551598473438706,0.0541934285817461,-2.0782149178051834
ours+4base,10,57,6,RawNet2,-0.04934663360419243,-0.02534462688956802,-2.0782149178051834
ours+4base,10,57,7,timepool_T150_aug,1.0475143845619095,0.5265600939147098,-2.141365881390945
ours+4base,10,57,7,CQCC-GMM,0.42564367731743796,0.21396076083118112,-2.141365881390945
ours+4base,10,57,7,LFCC-GMM,0.2990114150244193,0.15030579159318758,-2.141365881390945
ours+4base,10,57,7,LFCC-LCNN,0.13024463971256448,0.06547082381844106,-2.141365881390945
ours+4base,10,57,7,RawNet2,-0.08693979885828465,-0.04370252984248041,-2.141365881390945
ours+4base,10,57,8,timepool_T150_aug,1.029784737938515,0.5270995139060068,-2.157321676216351
ours+4base,10,57,8,CQCC-GMM,0.4093622537210265,0.2095337374874784,-2.157321676216351
ours+4base,10,57,8,LFCC-GMM,0.30366713242383897,0.1554332590034883,-2.157321676216351
ours+4base,10,57,8,LFCC-LCNN,0.12765465205088541,0.0653405537729766,-2.157321676216351
ours+4base,10,57,8,RawNet2,-0.08321304441498928,-0.04259293583004979,-2.157321676216351
ours+4base,10,57,9,timepool_T150_aug,1.0558974155372642,0.543456074126417,-2.1756568396546707
ours+4base,10,57,9,CQCC-GMM,0.3982414565549699,0.20496947463748383,-2.1756568396546707
ours+4base,10,57,9,LFCC-GMM,0.3223291704001529,0.165898450876462,-2.1756568396546707
ours+4base,10,57,9,LFCC-LCNN,0.10777577390733376,0.055470728606541286,-2.1756568396546707
ours+4base,10,57,9,RawNet2,-0.05868674562330066,-0.030205271753095873,-2.1756568396546707
ours+all,10,57,0,timepool_T150_aug,0.747646066894146,0.3662793605256406,-2.1855363491169744
ours+all,10,57,0,flatten_T400_aug,0.46716809298679135,0.22887036785737785,-2.1855363491169744
ours+all,10,57,0,CQCC-GMM,0.3798540839367655,0.1860943528204373,-2.1855363491169744
ours+all,10,57,0,LFCC-GMM,0.3078580982287344,0.15082279215390546,-2.1855363491169744
ours+all,10,57,0,LFCC-LCNN,0.07436039420463773,0.03642990827311542,-2.1855363491169744
ours+all,10,57,0,RawNet2,-0.064304080018816,-0.031503218369523356,-2.1855363491169744
ours+all,10,57,1,timepool_T150_aug,0.7447191678327031,0.3589712866907739,-2.177619511179053
ours+all,10,57,1,flatten_T400_aug,0.4508731447482455,0.2173309347946742,-2.177619511179053
ours+all,10,57,1,CQCC-GMM,0.4151318062438469,0.20010281065720512,-2.177619511179053
ours+all,10,57,1,LFCC-GMM,0.29943861436834707,0.14433610591429677,-2.177619511179053
ours+all,10,57,1,LFCC-LCNN,0.06543641570413788,0.03154181516518128,-2.177619511179053
ours+all,10,57,1,RawNet2,-0.098993431188996,-0.047717046777868616,-2.177619511179053
ours+all,10,57,2,timepool_T150_aug,0.713979319782253,0.34983432953173044,-2.15590532158547
ours+all,10,57,2,flatten_T400_aug,0.5011693349529979,0.24556206800025476,-2.15590532158547
ours+all,10,57,2,CQCC-GMM,0.4124150892223441,0.2020744190053973,-2.15590532158547
ours+all,10,57,2,LFCC-GMM,0.286763259010066,0.14050775655619205,-2.15590532158547
ours+all,10,57,2,LFCC-LCNN,0.05747588623849513,0.02816193350336552,-2.15590532158547
ours+all,10,57,2,RawNet2,-0.06910407592201642,-0.03385949340305993,-2.15590532158547
ours+all,10,57,3,timepool_T150_aug,0.7476021181932327,0.35534607353707437,-2.1980561623169477
ours+all,10,57,3,flatten_T400_aug,0.47742948447976685,0.22692912255348185,-2.1980561623169477
ours+all,10,57,3,CQCC-GMM,0.3862172090684322,0.18357461199627328,-2.1980561623169477
ours+all,10,57,3,LFCC-GMM,0.3211520462015232,0.1526482012944374,-2.1980561623169477
ours+all,10,57,3,LFCC-LCNN,0.08604689907720833,0.040899332657085646,-2.1980561623169477
ours+all,10,57,3,RawNet2,-0.08542273394006165,-0.04060265796164762,-2.1980561623169477
ours+all,10,57,4,timepool_T150_aug,0.8344783434874311,0.3951994156908007,-2.17181810663935
ours+all,10,57,4,flatten_T400_aug,0.40332218740511566,0.19100878296194884,-2.17181810663935
ours+all,10,57,4,CQCC-GMM,0.3908511307059027,0.18510263289940976,-2.17181810663935
ours+all,10,57,4,LFCC-GMM,0.320480113599283,0.151775722669627,-2.17181810663935
ours+all,10,57,4,LFCC-LCNN,0.07604679151005111,0.036014892183220584,-2.17181810663935
ours+all,10,57,4,RawNet2,-0.08635882519037912,-0.04089855359499318,-2.17181810663935
ours+all,10,57,5,timepool_T150_aug,0.8079961158612681,0.4026116177217748,-2.200465307723206
ours+all,10,57,5,flatten_T400_aug,0.4241289968029942,0.21133673562718722,-2.200465307723206
ours+all,10,57,5,CQCC-GMM,0.33422518495777837,0.16653909561901262,-2.200465307723206
ours+all,10,57,5,LFCC-GMM,0.32201376186286507,0.16045433764751238,-2.200465307723206
ours+all,10,57,5,LFCC-LCNN,0.04062428116511884,0.02024243339491621,-2.200465307723206
ours+all,10,57,5,RawNet2,-0.07789889333842635,-0.038815779989596885,-2.200465307723206
ours+all,10,57,6,timepool_T150_aug,0.7356597738871946,0.36090689989728314,-2.1307392380534993
ours+all,10,57,6,flatten_T400_aug,0.5133605290239258,0.2518492428649011,-2.1307392380534993
ours+all,10,57,6,CQCC-GMM,0.397230665448095,0.19487716074712275,-2.1307392380534993
ours+all,10,57,6,LFCC-GMM,0.2974123798777643,0.1459073661804107,-2.1307392380534993
ours+all,10,57,6,LFCC-LCNN,0.03319858135900793,0.016286872688385613,-2.1307392380534993
ours+all,10,57,6,RawNet2,-0.0615024632614747,-0.030172457621896562,-2.1307392380534993
ours+all,10,57,7,timepool_T150_aug,0.7865115597817837,0.38388281556777093,-2.18034497319613
ours+all,10,57,7,flatten_T400_aug,0.40979355851510324,0.20001321415792042,-2.18034497319613
ours+all,10,57,7,CQCC-GMM,0.39922107964484727,0.1948529683792434,-2.18034497319613
ours+all,10,57,7,LFCC-GMM,0.2918704870236031,0.14245698355767808,-2.18034497319613
ours+all,10,57,7,LFCC-LCNN,0.06973706951095883,0.03403746869370841,-2.18034497319613
ours+all,10,57,7,RawNet2,-0.0916986701231644,-0.04475654964367873,-2.18034497319613
ours+all,10,57,8,timepool_T150_aug,0.7582380592950126,0.37386294468184145,-2.199600684047015
ours+all,10,57,8,flatten_T400_aug,0.42682286878450976,0.21045271023416384,-2.199600684047015
ours+all,10,57,8,CQCC-GMM,0.3849412722871425,0.18980223403801938,-2.199600684047015
ours+all,10,57,8,LFCC-GMM,0.29874714555609005,0.14730266594206712,-2.199600684047015
ours+all,10,57,8,LFCC-LCNN,0.06842178019994455,0.03373659223820663,-2.199600684047015
ours+all,10,57,8,RawNet2,-0.09094658407261237,-0.04484285286570179,-2.199600684047015
ours+all,10,57,9,timepool_T150_aug,0.8014355591907539,0.3999303624938066,-2.2142313997427276
ours+all,10,57,9,flatten_T400_aug,0.3984501182917578,0.1988335785911822,-2.2142313997427276
ours+all,10,57,9,CQCC-GMM,0.37682406911797633,0.18804180177744495,-2.2142313997427276
ours+all,10,57,9,LFCC-GMM,0.31423062945557895,0.15680658052123594,-2.2142313997427276
ours+all,10,57,9,LFCC-LCNN,0.04807650750648073,0.02399101818481537,-2.2142313997427276
ours+all,10,57,9,RawNet2,-0.06492088748669377,-0.03239665843151499,-2.2142313997427276
ours,10,58,0,timepool_T150_aug,1.1473075151443481,1.0,-2.0342628955841064
ours,10,58,1,timepool_T150_aug,1.1392982006072998,1.0,-2.056105136871338
ours,10,58,2,timepool_T150_aug,1.1689329147338867,1.0,-1.9915138483047485
ours,10,58,3,timepool_T150_aug,1.1722685098648071,1.0,-2.022153377532959
ours,10,58,4,timepool_T150_aug,1.200781226158142,1.0,-1.9817965030670166
ours,10,58,5,timepool_T150_aug,1.1861381530761719,1.0,-2.0028340816497803
ours,10,58,6,timepool_T150_aug,1.1615116596221924,1.0,-2.0155045986175537
ours,10,58,7,timepool_T150_aug,1.1881920099258423,1.0,-2.0113942623138428
ours,10,58,8,timepool_T150_aug,1.1792387962341309,1.0,-2.061661720275879
ours,10,58,9,timepool_T150_aug,1.133164644241333,1.0,-2.0054519176483154
ours+2GMM,10,58,0,timepool_T150_aug,1.063960844914667,0.6021834785227369,-2.139575576903216
ours+2GMM,10,58,0,CQCC-GMM,0.36884571449874204,0.20876030960788874,-2.139575576903216
ours+2GMM,10,58,0,LFCC-GMM,0.33403175957327597,0.18905621186937438,-2.139575576903216
ours+2GMM,10,58,1,timepool_T150_aug,1.0438198185624301,0.5891785924482299,-2.171646715331629
ours+2GMM,10,58,1,CQCC-GMM,0.4177213683585174,0.23578062369420325,-2.171646715331629
ours+2GMM,10,58,1,LFCC-GMM,0.31011146974639187,0.17504078385756686,-2.171646715331629
ours+2GMM,10,58,2,timepool_T150_aug,1.0829071056117034,0.5983476440491989,-2.10556237334715
ours+2GMM,10,58,2,CQCC-GMM,0.4145698897313826,0.22906573936864938,-2.10556237334715
ours+2GMM,10,58,2,LFCC-GMM,0.31235231773541894,0.17258661658215171,-2.10556237334715
ours+2GMM,10,58,3,timepool_T150_aug,1.0898263375661694,0.600794967920128,-2.1371104306679984
ours+2GMM,10,58,3,CQCC-GMM,0.3838390258091077,0.21160119484034265,-2.1371104306679984
ours+2GMM,10,58,3,LFCC-GMM,0.3403084475888905,0.18760383723952936,-2.1371104306679984
ours+2GMM,10,58,4,timepool_T150_aug,1.102385180049426,0.6048408897028329,-2.093372925747642
ours+2GMM,10,58,4,CQCC-GMM,0.4249604613699521,0.23316121097709597,-2.093372925747642
ours+2GMM,10,58,4,LFCC-GMM,0.2952579537030415,0.16199789932007116,-2.093372925747642
ours+2GMM,10,58,5,timepool_T150_aug,1.0874315693026704,0.5960318213056521,-2.117411434006822
ours+2GMM,10,58,5,CQCC-GMM,0.3918820273985956,0.21479435131455568,-2.117411434006822
ours+2GMM,10,58,5,LFCC-GMM,0.34513860606967095,0.18917382737979224,-2.117411434006822
ours+2GMM,10,58,6,timepool_T150_aug,1.061889563497597,0.5843287809987462,-2.1382333716434982
ours+2GMM,10,58,6,CQCC-GMM,0.4178879443141199,0.2299523052951581,-2.1382333716434982
ours+2GMM,10,58,6,LFCC-GMM,0.3375034443306619,0.1857189137060957,-2.1382333716434982
ours+2GMM,10,58,7,timepool_T150_aug,1.083110668774652,0.6026570884201338,-2.114725077570917
ours+2GMM,10,58,7,CQCC-GMM,0.3965614157943536,0.2206520119433102,-2.114725077570917
ours+2GMM,10,58,7,LFCC-GMM,0.3175533850824473,0.17669089963655613,-2.114725077570917
ours+2GMM,10,58,8,timepool_T150_aug,1.0972664717928802,0.6084958657212262,-2.1697866823346503
ours+2GMM,10,58,8,CQCC-GMM,0.38034943041685204,0.2109251142613646,-2.1697866823346503
ours+2GMM,10,58,8,LFCC-GMM,0.32562802039660077,0.18057902001740936,-2.1697866823346503
ours+2GMM,10,58,9,timepool_T150_aug,1.032610353901709,0.5912736650876363,-2.1157191469448615
ours+2GMM,10,58,9,CQCC-GMM,0.4294235498735784,0.24588833072350028,-2.1157191469448615
ours+2GMM,10,58,9,LFCC-GMM,0.28438305147446047,0.16283800418886338,-2.1157191469448615
ours+4base,10,58,0,timepool_T150_aug,1.045486178845413,0.5426766291909468,-2.1441465789720504
ours+4base,10,58,0,CQCC-GMM,0.37711156015145014,0.1957458973947734,-2.1441465789720504
ours+4base,10,58,0,LFCC-GMM,0.32920031442269704,0.17087678495836375,-2.1441465789720504
ours+4base,10,58,0,LFCC-LCNN,0.10385180838454394,0.05390597259903287,-2.1441465789720504
ours+4base,10,58,0,RawNet2,-0.07088635259687939,-0.03679471585688309,-2.1441465789720504
ours+4base,10,58,1,timepool_T150_aug,1.021015922022414,0.5195064730275604,-2.177799388884652
ours+4base,10,58,1,CQCC-GMM,0.4277990153514053,0.21766982554949119,-2.177799388884652
ours+4base,10,58,1,LFCC-GMM,0.3036883737322572,0.15452068134708005,-2.177799388884652
ours+4base,10,58,1,LFCC-LCNN,0.12937809993519106,0.06582929701155321,-2.177799388884652
ours+4base,10,58,1,RawNet2,-0.08347604845712073,-0.04247372306431526,-2.177799388884652
ours+4base,10,58,2,timepool_T150_aug,1.0621508410932092,0.5463124297894189,-2.109853573617874
ours+4base,10,58,2,CQCC-GMM,0.41922360338760833,0.21562574403842294,-2.109853573617874
ours+4base,10,58,2,LFCC-GMM,0.3048700789706441,0.15680853148985888,-2.109853573617874
ours+4base,10,58,2,LFCC-LCNN,0.10853014698950385,0.05582198498869852,-2.109853573617874
ours+4base,10,58,2,RawNet2,-0.049444027827761194,-0.025431309693600693,-2.109853573617874
ours+4base,10,58,3,timepool_T150_aug,1.0701649382915226,0.5386054443361882,-2.1434869032941206
ours+4base,10,58,3,CQCC-GMM,0.39280121571866905,0.19769370660349223,-2.1434869032941206
ours+4base,10,58,3,LFCC-GMM,0.3311881361706364,0.1666843370198953,-2.1434869032941206
ours+4base,10,58,3,LFCC-LCNN,0.12151123046823369,0.06115562932071291,-2.1434869032941206
ours+4base,10,58,3,RawNet2,-0.07125263910044188,-0.03586088271971147,-2.1434869032941206
ours+4base,10,58,4,timepool_T150_aug,1.0801460848766282,0.5259309468440051,-2.100482765487014
ours+4base,10,58,4,CQCC-GMM,0.44203505591257863,0.21523006818184093,-2.100482765487014
ours+4base,10,58,4,LFCC-GMM,0.28941823275195255,0.14091983234151018,-2.100482765487014
ours+4base,10,58,4,LFCC-LCNN,0.13558073532694595,0.06601524136658937,-2.100482765487014
ours+4base,10,58,4,RawNet2,-0.1065991778583085,-0.05190391126605451,-2.100482765487014
ours+4base,10,58,5,timepool_T150_aug,1.0657827616482114,0.5279496435459876,-2.1249809625869265
ours+4base,10,58,5,CQCC-GMM,0.3955412117970484,0.19593659166813204,-2.1249809625869265
ours+4base,10,58,5,LFCC-GMM,0.33732276613584583,0.1670973115252443,-2.1249809625869265
ours+4base,10,58,5,LFCC-LCNN,0.14794355404305504,0.07328580404243634,-2.1249809625869265
ours+4base,10,58,5,RawNet2,-0.07213019359854769,-0.035730649218199656,-2.1249809625869265
ours+4base,10,58,6,timepool_T150_aug,1.043200798726287,0.526722557986905,-2.1432190436545713
ours+4base,10,58,6,CQCC-GMM,0.42644280430530757,0.21531525377765298,-2.1432190436545713
ours+4base,10,58,6,LFCC-GMM,0.3314532915489092,0.16735409500355247,-2.1432190436545713
ours+4base,10,58,6,LFCC-LCNN,0.1078571422189751,0.054458154092769134,-2.1432190436545713
ours+4base,10,58,6,RawNet2,-0.07159679192014896,-0.036149939139120374,-2.1432190436545713
ours+4base,10,58,7,timepool_T150_aug,1.0567413671675139,0.5343574143164473,-2.120381883883836
ours+4base,10,58,7,CQCC-GMM,0.4095168067614166,0.20707842881811808,-2.120381883883836
ours+4base,10,58,7,LFCC-GMM,0.3108789275098688,0.15720067845447605,-2.120381883883836
ours+4base,10,58,7,LFCC-LCNN,0.12845959799865822,0.06495755798288153,-2.120381883883836
ours+4base,10,58,7,RawNet2,-0.07199608557012507,-0.036405920428076916,-2.120381883883836
ours+4base,10,58,8,timepool_T150_aug,1.0668850217678087,0.5390734022633655,-2.1775448903044015
ours+4base,10,58,8,CQCC-GMM,0.3889613015379972,0.1965335419382318,-2.1775448903044015
ours+4base,10,58,8,LFCC-GMM,0.3112606450328389,0.15727311892570522,-2.1775448903044015
ours+4base,10,58,8,LFCC-LCNN,0.1559113246044455,0.07877854360223469,-2.1775448903044015
ours+4base,10,58,8,RawNet2,-0.05609070647769646,-0.028341393270462704,-2.1775448903044015
ours+4base,10,58,9,timepool_T150_aug,1.0072619575008779,0.5235466939989849,-2.1215388515182667
ours+4base,10,58,9,CQCC-GMM,0.4408744917006141,0.22915427399941118,-2.1215388515182667
ours+4base,10,58,9,LFCC-GMM,0.2749852775419,0.14292968366705103,-2.1215388515182667
ours+4base,10,58,9,LFCC-LCNN,0.12988243166034602,0.06750926826725111,-2.1215388515182667
ours+4base,10,58,9,RawNet2,-0.07091584538264997,-0.03686008006730187,-2.1215388515182667
ours+all,10,58,0,timepool_T150_aug,0.7673000387196508,0.3846599846968992,-2.1894461475956226
ours+all,10,58,0,flatten_T400_aug,0.44448367886277884,0.22282689493235816,-2.1894461475956226
ours+all,10,58,0,CQCC-GMM,0.35329894253437333,0.17711450406736737,-2.1894461475956226
ours+all,10,58,0,LFCC-GMM,0.31639272414167935,0.15861281674066957,-2.1894461475956226
ours+all,10,58,0,LFCC-LCNN,0.03811156336756567,0.01910594635992069,-2.1894461475956226
ours+all,10,58,0,RawNet2,-0.07516184155268803,-0.037679853202785066,-2.1894461475956226
ours+all,10,58,1,timepool_T150_aug,0.7377302911409794,0.36160319652748146,-2.222986919506912
ours+all,10,58,1,flatten_T400_aug,0.44776765864016976,0.21947616711724516,-2.222986919506912
ours+all,10,58,1,CQCC-GMM,0.401398325462557,0.19674794340293877,-2.222986919506912
ours+all,10,58,1,LFCC-GMM,0.3011593730543348,0.14761518303963614,-2.222986919506912
ours+all,10,58,1,LFCC-LCNN,0.06246748358822797,0.030618834573805775,-2.222986919506912
ours+all,10,58,1,RawNet2,-0.08964216041615325,-0.043938675338892695,-2.222986919506912
ours+all,10,58,2,timepool_T150_aug,0.7430349672164591,0.36765167557131107,-2.164348701135494
ours+all,10,58,2,flatten_T400_aug,0.5088204647649628,0.2517629784458252,-2.164348701135494
ours+all,10,58,2,CQCC-GMM,0.3875640222090531,0.19176562132748964,-2.164348701135494
ours+all,10,58,2,LFCC-GMM,0.29856784887285887,0.14773055744744096,-2.164348701135494
ours+all,10,58,2,LFCC-LCNN,0.02958549954665524,0.0146388244979773,-2.164348701135494
ours+all,10,58,2,RawNet2,-0.053456929028857354,-0.026450342709955728,-2.164348701135494
ours+all,10,58,3,timepool_T150_aug,0.7959077062891993,0.38550528546676327,-2.187997010764555
ours+all,10,58,3,flatten_T400_aug,0.4317049999938475,0.20910032400111672,-2.187997010764555
ours+all,10,58,3,CQCC-GMM,0.3700153894896826,0.179220388526412,-2.187997010764555
ours+all,10,58,3,LFCC-GMM,0.32116248851926266,0.1555580324697185,-2.187997010764555
ours+all,10,58,3,LFCC-LCNN,0.06260120799480255,0.030321476181098355,-2.187997010764555
ours+all,10,58,3,RawNet2,-0.08319133093946034,-0.040294493354890944,-2.187997010764555
ours+all,10,58,4,timepool_T150_aug,0.7525792027501346,0.3510623677327531,-2.152492597900614
ours+all,10,58,4,flatten_T400_aug,0.5089265591517603,0.23740353467782307,-2.152492597900614
ours+all,10,58,4,CQCC-GMM,0.4142981517664472,0.1932613731218424,-2.152492597900614
ours+all,10,58,4,LFCC-GMM,0.29049629280080647,0.13551041006124853,-2.152492597900614
ours+all,10,58,4,LFCC-LCNN,0.06142934684397648,0.02865549814892098,-2.152492597900614
ours+all,10,58,4,RawNet2,-0.1159898308250139,-0.05410681625741162,-2.152492597900614
ours+all,10,58,5,timepool_T150_aug,0.8003679088650304,0.3846613311045833,-2.164734925492777
ours+all,10,58,5,flatten_T400_aug,0.4142140329487639,0.19907360041735273,-2.164734925492777
ours+all,10,58,5,CQCC-GMM,0.374195801881418,0.17984061286211087,-2.164734925492777
ours+all,10,58,5,LFCC-GMM,0.3269123938007976,0.15711594025842734,-2.164734925492777
ours+all,10,58,5,LFCC-LCNN,0.08669229245266807,0.04166480470042759,-2.164734925492777
ours+all,10,58,5,RawNet2,-0.07832556990853427,-0.03764371065709812,-2.164734925492777
ours+all,10,58,6,timepool_T150_aug,0.7644083054611422,0.37185821285439935,-2.18629507582883
ours+all,10,58,6,flatten_T400_aug,0.4390962269659418,0.21360513362313938,-2.18629507582883
ours+all,10,58,6,CQCC-GMM,0.40019469871021246,0.19468088506234743,-2.18629507582883
ours+all,10,58,6,LFCC-GMM,0.32733353602336307,0.15923644843121934,-2.18629507582883
ours+all,10,58,6,LFCC-LCNN,0.04566741957058786,0.022215620769513045,-2.18629507582883
ours+all,10,58,6,RawNet2,-0.07894435475544377,-0.03840369925938135,-2.18629507582883
ours+all,10,58,7,timepool_T150_aug,0.7743810757622485,0.3759139481628241,-2.166094348183496
ours+all,10,58,7,flatten_T400_aug,0.44714474476357696,0.2170610202978941,-2.166094348183496
ours+all,10,58,7,CQCC-GMM,0.3880066718306007,0.18835315645825465,-2.166094348183496
ours+all,10,58,7,LFCC-GMM,0.3058236421945825,0.1484583964887548,-2.166094348183496
ours+all,10,58,7,LFCC-LCNN,0.06491924724446965,0.03151426514317311,-2.166094348183496
ours+all,10,58,7,RawNet2,-0.07972020907531191,-0.038699213449099185,-2.166094348183496
ours+all,10,58,8,timepool_T150_aug,0.8003129507946621,0.39097118273868203,-2.2194444728129565
ours+all,10,58,8,flatten_T400_aug,0.41864502570522183,0.20451767109992916,-2.2194444728129565
ours+all,10,58,8,CQCC-GMM,0.36682067630836285,0.1792002909947667,-2.2194444728129565
ours+all,10,58,8,LFCC-GMM,0.30295849736944913,0.14800215580624518,-2.2194444728129565
ours+all,10,58,8,LFCC-LCNN,0.09566361129125409,0.04673386231530742,-2.2194444728129565
ours+all,10,58,8,RawNet2,-0.06258629570650602,-0.030574837045069542,-2.2194444728129565
ours+all,10,58,9,timepool_T150_aug,0.7485401435838722,0.3760896886633138,-2.158692337835991
ours+all,10,58,9,flatten_T400_aug,0.4048103353942971,0.20338921607759322,-2.158692337835991
ours+all,10,58,9,CQCC-GMM,0.41642700559568363,0.20922578999656344,-2.158692337835991
ours+all,10,58,9,LFCC-GMM,0.26971814468087024,0.1355147268043737,-2.158692337835991
ours+all,10,58,9,LFCC-LCNN,0.07368153538844507,0.03701987921689909,-2.158692337835991
ours+all,10,58,9,RawNet2,-0.07714633038353719,-0.038760699241256795,-2.158692337835991
ours,10,59,0,timepool_T150_aug,1.1377289295196533,1.0,-2.0553767681121826
ours,10,59,1,timepool_T150_aug,1.1785951852798462,1.0,-1.9979199171066284
ours,10,59,2,timepool_T150_aug,1.1880133152008057,1.0,-2.0311288833618164
ours,10,59,3,timepool_T150_aug,1.197670340538025,1.0,-2.037975311279297
ours,10,59,4,timepool_T150_aug,1.1610746383666992,1.0,-2.0152394771575928
ours,10,59,5,timepool_T150_aug,1.158344030380249,1.0,-2.0138416290283203
ours,10,59,6,timepool_T150_aug,1.1547369956970215,1.0,-2.039052724838257
ours,10,59,7,timepool_T150_aug,1.1698334217071533,1.0,-2.000502586364746
ours,10,59,8,timepool_T150_aug,1.1702955961227417,1.0,-1.9724440574645996
ours,10,59,9,timepool_T150_aug,1.1595919132232666,1.0,-2.021763324737549
ours+2GMM,10,59,0,timepool_T150_aug,1.0415103688640337,0.5896104854927268,-2.1732387572835585
ours+2GMM,10,59,0,CQCC-GMM,0.43344904484264113,0.24538027599741716,-2.1732387572835585
ours+2GMM,10,59,0,LFCC-GMM,0.2914785898401285,0.1650092385098561,-2.1732387572835585
ours+2GMM,10,59,1,timepool_T150_aug,1.087995878090615,0.5985790375935932,-2.1081735059914526
ours+2GMM,10,59,1,CQCC-GMM,0.3865165043475903,0.21264848686049098,-2.1081735059914526
ours+2GMM,10,59,1,LFCC-GMM,0.34311872349656775,0.18877247554591575,-2.1081735059914526
ours+2GMM,10,59,2,timepool_T150_aug,1.08707722070809,0.5972340604288177,-2.1417843418399847
ours+2GMM,10,59,2,CQCC-GMM,0.37838827775043815,0.20788437402115792,-2.1417843418399847
ours+2GMM,10,59,2,LFCC-GMM,0.35472074464951225,0.19488156555002442,-2.1417843418399847
ours+2GMM,10,59,3,timepool_T150_aug,1.1135476470532923,0.6091773956539301,-2.1478933638787154
ours+2GMM,10,59,3,CQCC-GMM,0.3928235078655321,0.21489803521780831,-2.1478933638787154
ours+2GMM,10,59,3,LFCC-GMM,0.32158184366205483,0.17592456912826152,-2.1478933638787154
ours+2GMM,10,59,4,timepool_T150_aug,1.069755502799001,0.5922722127541309,-2.1309773887437413
ours+2GMM,10,59,4,CQCC-GMM,0.40999717888748516,0.22699573475180154,-2.1309773887437413
ours+2GMM,10,59,4,LFCC-GMM,0.3264362290248913,0.1807320524940675,-2.1309773887437413
ours+2GMM,10,59,5,timepool_T150_aug,1.05471397313686,0.5991129816260288,-2.1269005446033717
ours+2GMM,10,59,5,CQCC-GMM,0.4412175915472187,0.25062641962685817,-2.1269005446033717
ours+2GMM,10,59,5,LFCC-GMM,0.2645276566706359,0.15026059874711306,-2.1269005446033717
ours+2GMM,10,59,6,timepool_T150_aug,1.0656172229217173,0.5939007985290706,-2.1511572403372514
ours+2GMM,10,59,6,CQCC-GMM,0.39441485652433605,0.21981936215265177,-2.1511572403372514
ours+2GMM,10,59,6,LFCC-GMM,0.3342359625585354,0.18627983931827763,-2.1511572403372514
ours+2GMM,10,59,7,timepool_T150_aug,1.0835893883190846,0.5984855535212783,-2.1131919319659858
ours+2GMM,10,59,7,CQCC-GMM,0.3986629291660144,0.22018857549025528,-2.1131919319659858
ours+2GMM,10,59,7,LFCC-GMM,0.3282999706087842,0.18132587098846645,-2.1131919319659858
ours+2GMM,10,59,8,timepool_T150_aug,1.0757824038003894,0.6038362099912407,-2.0796098587161254
ours+2GMM,10,59,8,CQCC-GMM,0.40617848641531346,0.22798781328878318,-2.0796098587161254
ours+2GMM,10,59,8,LFCC-GMM,0.29961892563534515,0.16817597671997608,-2.0796098587161254
ours+2GMM,10,59,9,timepool_T150_aug,1.0648355508464562,0.5962203886759853,-2.1328897829165325
ours+2GMM,10,59,9,CQCC-GMM,0.3844319738119229,0.21525030852268304,-2.1328897829165325
ours+2GMM,10,59,9,LFCC-GMM,0.33670888787443515,0.18852930280133176,-2.1328897829165325
ours+4base,10,59,0,timepool_T150_aug,1.0220998647897968,0.514832511656914,-2.180550923635571
ours+4base,10,59,0,CQCC-GMM,0.44641685128300806,0.22486052166660692,-2.180550923635571
ours+4base,10,59,0,LFCC-GMM,0.28835667163521944,0.1452454839542701,-2.180550923635571
ours+4base,10,59,0,LFCC-LCNN,0.1292768851317676,0.06511686946094847,-2.180550923635571
ours+4base,10,59,0,RawNet2,-0.09915532004189329,-0.04994461326126052,-2.180550923635571
ours+4base,10,59,1,timepool_T150_aug,1.0614838211392836,0.5328188443370299,-2.115758047107586
ours+4base,10,59,1,CQCC-GMM,0.39162724109368025,0.19657989114377064,-2.115758047107586
ours+4base,10,59,1,LFCC-GMM,0.3337333680449554,0.1675196775845018,-2.115758047107586
ours+4base,10,59,1,LFCC-LCNN,0.14971584113581254,0.07515085945192443,-2.115758047107586
ours+4base,10,59,1,RawNet2,-0.05564370639425136,-0.027930727482773116,-2.115758047107586
ours+4base,10,59,2,timepool_T150_aug,1.0685451504046177,0.5475128412933602,-2.144820712975569
ours+4base,10,59,2,CQCC-GMM,0.38925554078746416,0.19945100779787037,-2.144820712975569
ours+4base,10,59,2,LFCC-GMM,0.3489534757552207,0.17880059529313166,-2.144820712975569
ours+4base,10,59,2,LFCC-LCNN,0.08550330837344035,0.0438111195299496,-2.144820712975569
ours+4base,10,59,2,RawNet2,-0.059377390229534914,-0.030424436085688098,-2.144820712975569
ours+4base,10,59,3,timepool_T150_aug,1.083920842435962,0.5295308097512453,-2.157894347208632
ours+4base,10,59,3,CQCC-GMM,0.401125297671617,0.1959628372957592,-2.157894347208632
ours+4base,10,59,3,LFCC-GMM,0.31323637176612895,0.15302622026539717,-2.157894347208632
ours+4base,10,59,3,LFCC-LCNN,0.16810963829435155,0.08212706076666866,-2.157894347208632
ours+4base,10,59,3,RawNet2,-0.08055360346079815,-0.03935307192092974,-2.157894347208632
ours+4base,10,59,4,timepool_T150_aug,1.0512602951746455,0.5223228841520157,-2.1378314090655004
ours+4base,10,59,4,CQCC-GMM,0.4206259025698172,0.20898966277691727,-2.1378314090655004
ours+4base,10,59,4,LFCC-GMM,0.31771140407824605,0.15785618240111227,-2.1378314090655004
ours+4base,10,59,4,LFCC-LCNN,0.13278172312391723,0.06597313044457456,-2.1378314090655004
ours+4base,10,59,4,RawNet2,-0.09028434932709957,-0.04485814022538012,-2.1378314090655004
ours+4base,10,59,5,timepool_T150_aug,1.0342907831348696,0.5352454160447174,-2.1315479275552742
ours+4base,10,59,5,CQCC-GMM,0.45152476832366073,0.23366403956862705,-2.1315479275552742
ours+4base,10,59,5,LFCC-GMM,0.2575549692618337,0.1332846805993035,-2.1315479275552742
ours+4base,10,59,5,LFCC-LCNN,0.11438436796813448,0.05919390332044826,-2.1315479275552742
ours+4base,10,59,5,RawNet2,-0.07461249294725406,-0.03861196046690379,-2.1315479275552742
ours+4base,10,59,6,timepool_T150_aug,1.0446290055537721,0.5281919523208242,-2.15716810630026
ours+4base,10,59,6,CQCC-GMM,0.4043774138853507,0.20446387624601994,-2.15716810630026
ours+4base,10,59,6,LFCC-GMM,0.32891594613484476,0.1663085696594435,-2.15716810630026
ours+4base,10,59,6,LFCC-LCNN,0.12065730351779624,0.06100751211004981,-2.15716810630026
ours+4base,10,59,6,RawNet2,-0.07916535516272122,-0.04002808966366267,-2.15716810630026
ours+4base,10,59,7,timepool_T150_aug,1.060982743200208,0.5347951278576364,-2.1184621881713355
ours+4base,10,59,7,CQCC-GMM,0.4089516947781489,0.20613471359279914,-2.1184621881713355
ours+4base,10,59,7,LFCC-GMM,0.3192115721461013,0.16090063163948914,-2.1184621881713355
ours+4base,10,59,7,LFCC-LCNN,0.12127247590597683,0.0611281660077959,-2.1184621881713355
ours+4base,10,59,7,RawNet2,-0.07348654214447374,-0.03704136090227948,-2.1184621881713355
ours+4base,10,59,8,timepool_T150_aug,1.053694645959748,0.5435234407557034,-2.084564370224569
ours+4base,10,59,8,CQCC-GMM,0.41441176508230726,0.21376449933654149,-2.084564370224569
ours+4base,10,59,8,LFCC-GMM,0.2917252629298821,0.15047957135493392,-2.084564370224569
ours+4base,10,59,8,LFCC-LCNN,0.11518812563718753,0.05941706795283086,-2.084564370224569
ours+4base,10,59,8,RawNet2,-0.06361718814381095,-0.03281542059999036,-2.084564370224569
ours+4base,10,59,9,timepool_T150_aug,1.0411684827895198,0.5374131363605815,-2.1385145319033727
ours+4base,10,59,9,CQCC-GMM,0.38817704468290476,0.20036281014510293,-2.1385145319033727
ours+4base,10,59,9,LFCC-GMM,0.3264429048894848,0.16849790236570433,-2.1385145319033727
ours+4base,10,59,9,LFCC-LCNN,0.13046135805499212,0.06733938720306783,-2.1385145319033727
ours+4base,10,59,9,RawNet2,-0.05112094421087987,-0.026386763925543406,-2.1385145319033727
ours+all,10,59,0,timepool_T150_aug,0.7849549241411948,0.38333071682355646,-2.215478898171763
ours+all,10,59,0,flatten_T400_aug,0.37189223242199143,0.18161261449681904,-2.215478898171763
ours+all,10,59,0,CQCC-GMM,0.42680874587176193,0.20843095249142773,-2.215478898171763
ours+all,10,59,0,LFCC-GMM,0.2850922669393328,0.13922407476617019,-2.215478898171763
ours+all,10,59,0,LFCC-LCNN,0.07518002912473536,0.03671397371859385,-2.215478898171763
ours+all,10,59,0,RawNet2,-0.10379427635421108,-0.05068766770343263,-2.215478898171763
ours+all,10,59,1,timepool_T150_aug,0.7553194128367453,0.3651129545219728,-2.167552750243549
ours+all,10,59,1,flatten_T400_aug,0.4882840026458669,0.23603102452019253,-2.167552750243549
ours+all,10,59,1,CQCC-GMM,0.36826126723426544,0.17801337689829766,-2.167552750243549
ours+all,10,59,1,LFCC-GMM,0.31704844214442984,0.1532576701599507,-2.167552750243549
ours+all,10,59,1,LFCC-LCNN,0.07652107485621847,0.03698943155587829,-2.167552750243549
ours+all,10,59,1,RawNet2,-0.06329385685240231,-0.030595542343708156,-2.167552750243549
ours+all,10,59,2,timepool_T150_aug,0.769485128383279,0.3784482610327658,-2.1962403509839485
ours+all,10,59,2,flatten_T400_aug,0.47603160495396785,0.23412191665091112,-2.1962403509839485
ours+all,10,59,2,CQCC-GMM,0.3634441281015607,0.17874913132056613,-2.1962403509839485
ours+all,10,59,2,LFCC-GMM,0.34264437054298535,0.1685193922553231,-2.1962403509839485
ours+all,10,59,2,LFCC-LCNN,0.015837556581792325,0.007789228831465983,-2.1962403509839485
ours+all,10,59,2,RawNet2,-0.06582095608513826,-0.03237206990896786,-2.1962403509839485
ours+all,10,59,3,timepool_T150_aug,0.794480113424002,0.37328225416000005,-2.206219270782167
ours+all,10,59,3,flatten_T400_aug,0.45798834748778294,0.2151833882820108,-2.206219270782167
ours+all,10,59,3,CQCC-GMM,0.3714478824575595,0.17452281123708696,-2.206219270782167
ours+all,10,59,3,LFCC-GMM,0.3110196259438688,0.14613091643033685,-2.206219270782167
ours+all,10,59,3,LFCC-LCNN,0.10508692866099915,0.04937453430303041,-2.206219270782167
ours+all,10,59,3,RawNet2,-0.08834003535575996,-0.041506095587534875,-2.206219270782167
ours+all,10,59,4,timepool_T150_aug,0.7702566818090912,0.36983617213585906,-2.1820051191363934
ours+all,10,59,4,flatten_T400_aug,0.44248757478395134,0.21245893056249593,-2.1820051191363934
ours+all,10,59,4,CQCC-GMM,0.39484264781734557,0.18958237807399783,-2.1820051191363934
ours+all,10,59,4,LFCC-GMM,0.3109380913363208,0.14929588562732765,-2.1820051191363934
ours+all,10,59,4,LFCC-LCNN,0.06788884245140535,0.03259660086815727,-2.1820051191363934
ours+all,10,59,4,RawNet2,-0.09628314993245153,-0.04623003273216212,-2.1820051191363934
ours+all,10,59,5,timepool_T150_aug,0.7302951198162694,0.36415946904011537,-2.179544804038108
ours+all,10,59,5,flatten_T400_aug,0.47446115143982115,0.23658862876141856,-2.179544804038108
ours+all,10,59,5,CQCC-GMM,0.4235944624305141,0.21122410699641186,-2.179544804038108
ours+all,10,59,5,LFCC-GMM,0.2541435946152791,0.1267279404774472,-2.179544804038108
ours+all,10,59,5,LFCC-LCNN,0.04391483703749618,0.02189800164977295,-2.179544804038108
ours+all,10,59,5,RawNet2,-0.07901752792016244,-0.039401853074833876,-2.179544804038108
ours+all,10,59,6,timepool_T150_aug,0.7597151035392672,0.36980955107419006,-2.201989953436209
ours+all,10,59,6,flatten_T400_aug,0.4503814515483882,0.21923397551703777,-2.201989953436209
ours+all,10,59,6,CQCC-GMM,0.3793895411276001,0.1846769601302115,-2.201989953436209
ours+all,10,59,6,LFCC-GMM,0.3258682330783488,0.15862417954129163,-2.201989953436209
ours+all,10,59,6,LFCC-LCNN,0.053427122948604105,0.026006933731820458,-2.201989953436209
ours+all,10,59,6,RawNet2,-0.08556003605227767,-0.04164840000544876,-2.201989953436209
ours+all,10,59,7,timepool_T150_aug,0.7623088353491946,0.36827767573026693,-2.1676652464604595
ours+all,10,59,7,flatten_T400_aug,0.4724792578577373,0.2282586201888927,-2.1676652464604595
ours+all,10,59,7,CQCC-GMM,0.383000333763013,0.18503061512798447,-2.1676652464604595
ours+all,10,59,7,LFCC-GMM,0.3133506879937453,0.15138229771396353,-2.1676652464604595
ours+all,10,59,7,LFCC-LCNN,0.05320680575821184,0.02570464600307317,-2.1676652464604595
ours+all,10,59,7,RawNet2,-0.08558360687597212,-0.041346145235819094,-2.1676652464604595
ours+all,10,59,8,timepool_T150_aug,0.7713531493366308,0.3832173126389188,-2.1279097497063724
ours+all,10,59,8,flatten_T400_aug,0.4419126632813491,0.21954740625539285,-2.1279097497063724
ours+all,10,59,8,CQCC-GMM,0.38731008710514475,0.1924202045016926,-2.1279097497063724
ours+all,10,59,8,LFCC-GMM,0.2873058865450727,0.14273694201136294,-2.1279097497063724
ours+all,10,59,8,LFCC-LCNN,0.05528081252169238,0.027464157543503544,-2.1279097497063724
ours+all,10,59,8,RawNet2,-0.0696722181575057,-0.03461397704912939,-2.1279097497063724
ours+all,10,59,9,timepool_T150_aug,0.7898710149365749,0.3951412329931919,-2.1764962388186895
ours+all,10,59,9,flatten_T400_aug,0.3940828669133675,0.19714407414499682,-2.1764962388186895
ours+all,10,59,9,CQCC-GMM,0.3686478455305733,0.18441993878574128,-2.1764962388186895
ours+all,10,59,9,LFCC-GMM,0.314200097715286,0.1571818837127082,-2.1764962388186895
ours+all,10,59,9,LFCC-LCNN,0.07422563339882406,0.03713214910572088,-2.1764962388186895
ours+all,10,59,9,RawNet2,-0.057931265588173186,-0.028980721257640944,-2.1764962388186895
ours,10,60,0,timepool_T150_aug,1.176194190979004,1.0,-1.9665405750274658
ours,10,60,1,timepool_T150_aug,1.1662648916244507,1.0,-2.0459811687469482
ours,10,60,2,timepool_T150_aug,1.1936362981796265,1.0,-2.062798500061035
ours,10,60,3,timepool_T150_aug,1.1547744274139404,1.0,-2.039588451385498
ours,10,60,4,timepool_T150_aug,1.1554733514785767,1.0,-1.9833590984344482
ours,10,60,5,timepool_T150_aug,1.168813705444336,1.0,-1.9921541213989258
ours,10,60,6,timepool_T150_aug,1.1351734399795532,1.0,-1.9990097284317017
ours,10,60,7,timepool_T150_aug,1.1821521520614624,1.0,-2.0637691020965576
ours,10,60,8,timepool_T150_aug,1.1547027826309204,1.0,-2.018559455871582
ours,10,60,9,timepool_T150_aug,1.184239149093628,1.0,-2.009617805480957
ours+2GMM,10,60,0,timepool_T150_aug,1.0850225277969452,0.59610420720873,-2.078714002637932
ours+2GMM,10,60,0,CQCC-GMM,0.40299518604437384,0.22140289231936855,-2.078714002637932
ours+2GMM,10,60,0,LFCC-GMM,0.3321716333830279,0.18249290047190136,-2.078714002637932
ours+2GMM,10,60,1,timepool_T150_aug,1.0688181188167558,0.599791767504798,-2.156101626087043
ours+2GMM,10,60,1,CQCC-GMM,0.41290082651672066,0.231708755849708,-2.156101626087043
ours+2GMM,10,60,1,LFCC-GMM,0.30026303028309587,0.16849947664549397,-2.156101626087043
ours+2GMM,10,60,2,timepool_T150_aug,1.1016285548583955,0.6182629952701354,-2.1647085415709495
ours+2GMM,10,60,2,CQCC-GMM,0.3699283275265363,0.2076135325315955,-2.1647085415709495
ours+2GMM,10,60,2,LFCC-GMM,0.31025532906250386,0.17412347219826904,-2.1647085415709495
ours+2GMM,10,60,3,timepool_T150_aug,1.0523402828306228,0.5854151669140806,-2.1628602898369977
ours+2GMM,10,60,3,CQCC-GMM,0.43814223786576706,0.24373780562915168,-2.1628602898369977
ours+2GMM,10,60,3,LFCC-GMM,0.307114026687001,0.1708470274567677,-2.1628602898369977
ours+2GMM,10,60,4,timepool_T150_aug,1.069738826969723,0.5926817793997108,-2.0939849440295433
ours+2GMM,10,60,4,CQCC-GMM,0.3915466256666672,0.2169338393329542,-2.0939849440295433
ours+2GMM,10,60,4,LFCC-GMM,0.3436271735847037,0.190384381267335,-2.0939849440295433
ours+2GMM,10,60,5,timepool_T150_aug,1.0829035789506072,0.6104988366944213,-2.091894524024703
ours+2GMM,10,60,5,CQCC-GMM,0.35840699462779746,0.20205589632961604,-2.091894524024703
ours+2GMM,10,60,5,LFCC-GMM,0.3324906425124346,0.18744526697596267,-2.091894524024703
ours+2GMM,10,60,6,timepool_T150_aug,1.0318501515332659,0.5761813322652952,-2.1201714304572734
ours+2GMM,10,60,6,CQCC-GMM,0.4230253018475907,0.23621577381007494,-2.1201714304572734
ours+2GMM,10,60,6,LFCC-GMM,0.335967279195151,0.18760289392462987,-2.1201714304572734
ours+2GMM,10,60,7,timepool_T150_aug,1.0957334731740145,0.6020720390799159,-2.180986163034204
ours+2GMM,10,60,7,CQCC-GMM,0.40511747323291036,0.22259966419544255,-2.180986163034204
ours+2GMM,10,60,7,LFCC-GMM,0.3190865395598874,0.17532829672464154,-2.180986163034204
ours+2GMM,10,60,8,timepool_T150_aug,1.0563154536651715,0.5933442921951306,-2.133094360692304
ours+2GMM,10,60,8,CQCC-GMM,0.44918978695717154,0.2523149645104659,-2.133094360692304
ours+2GMM,10,60,8,LFCC-GMM,0.2747688221098312,0.15434074329440345,-2.133094360692304
ours+2GMM,10,60,9,timepool_T150_aug,1.0955579885940172,0.6029891028301678,-2.1202253105125157
ours+2GMM,10,60,9,CQCC-GMM,0.37865324461970173,0.20840866721257267,-2.1202253105125157
ours+2GMM,10,60,9,LFCC-GMM,0.3426673529032539,0.18860222995725956,-2.1202253105125157
ours+4base,10,60,0,timepool_T150_aug,1.05916307797698,0.5339619281990741,-2.08409447840682
ours+4base,10,60,0,CQCC-GMM,0.4150984685349312,0.20926596032288414,-2.08409447840682
ours+4base,10,60,0,LFCC-GMM,0.3201606826032288,0.16140443239663924,-2.08409447840682
ours+4base,10,60,0,LFCC-LCNN,0.12415383025048848,0.06259037911373662,-2.08409447840682
ours+4base,10,60,0,RawNet2,-0.06501681878072879,-0.03277729996766584,-2.08409447840682
ours+4base,10,60,1,timepool_T150_aug,1.046266998338781,0.5373700193064099,-2.161621899258979
ours+4base,10,60,1,CQCC-GMM,0.42065846624645353,0.2160531188379,-2.161621899258979
ours+4base,10,60,1,LFCC-GMM,0.2904726630479075,0.14918878335823801,-2.161621899258979
ours+4base,10,60,1,LFCC-LCNN,0.12359946340379079,0.0634815454764546,-2.161621899258979
ours+4base,10,60,1,RawNet2,-0.06601649748480963,-0.03390653302099741,-2.161621899258979
ours+4base,10,60,2,timepool_T150_aug,1.0798667345578594,0.5638671701063444,-2.1684390547669112
ours+4base,10,60,2,CQCC-GMM,0.3800416874642924,0.19844395977312,-2.1684390547669112
ours+4base,10,60,2,LFCC-GMM,0.30122781091807915,0.1572902172685694,-2.1684390547669112
ours+4base,10,60,2,LFCC-LCNN,0.1021568234436564,0.05334258117119693,-2.1684390547669112
ours+4base,10,60,2,RawNet2,-0.05181530921611474,-0.027056071680769376,-2.1684390547669112
ours+4base,10,60,3,timepool_T150_aug,1.0310498749334878,0.5082446276142593,-2.1705407162732944
ours+4base,10,60,3,CQCC-GMM,0.45151667599916623,0.22257014954744847,-2.1705407162732944
ours+4base,10,60,3,LFCC-GMM,0.3037002827891898,0.1497056940552893,-2.1705407162732944
ours+4base,10,60,3,LFCC-LCNN,0.1364460621959905,0.0672595766278589,-2.1705407162732944
ours+4base,10,60,3,RawNet2,-0.10593594543503543,-0.052219952155144134,-2.1705407162732944
ours+4base,10,60,4,timepool_T150_aug,1.044832858842403,0.5248908255912073,-2.100503044340165
ours+4base,10,60,4,CQCC-GMM,0.4009462146994351,0.20142263699901453,-2.100503044340165
ours+4base,10,60,4,LFCC-GMM,0.33588117170052256,0.1687360270328382,-2.100503044340165
ours+4base,10,60,4,LFCC-LCNN,0.14061011345725744,0.07063805269373283,-2.100503044340165
ours+4base,10,60,4,RawNet2,-0.0683014095639298,-0.03431245768320714,-2.100503044340165
ours+4base,10,60,5,timepool_T150_aug,1.0644114030547642,0.5445850925415961,-2.096878640407928
ours+4base,10,60,5,CQCC-GMM,0.3683938228369579,0.18848143070024498,-2.096878640407928
ours+4base,10,60,5,LFCC-GMM,0.32770645421090605,0.1676645413425194,-2.096878640407928
ours+4base,10,60,5,LFCC-LCNN,0.11213607609382391,0.057372210783864196,-2.096878640407928
ours+4base,10,60,5,RawNet2,-0.08188867462489488,-0.04189672463177529,-2.096878640407928
ours+4base,10,60,6,timepool_T150_aug,1.0139851142150629,0.5258866213557508,-2.1245739081187525
ours+4base,10,60,6,CQCC-GMM,0.42774532100517465,0.221843041392452,-2.1245739081187525
ours+4base,10,60,6,LFCC-GMM,0.3288215178685088,0.1705378458093058,-2.1245739081187525
ours+4base,10,60,6,LFCC-LCNN,0.1031225738978467,0.053482818645348644,-2.1245739081187525
ours+4base,10,60,6,RawNet2,-0.05446943606190599,-0.02824967279714264,-2.1245739081187525
ours+4base,10,60,7,timepool_T150_aug,1.0711690102805362,0.5332008905731657,-2.188294008313326
ours+4base,10,60,7,CQCC-GMM,0.4132931429225433,0.20572689254366022,-2.188294008313326
ours+4base,10,60,7,LFCC-GMM,0.31191119250172344,0.15526151711399921,-2.188294008313326
ours+4base,10,60,7,LFCC-LCNN,0.13844255430057167,0.06891320840859279,-2.188294008313326
ours+4base,10,60,7,RawNet2,-0.07412487488545547,-0.036897491360582076,-2.188294008313326
ours+4base,10,60,8,timepool_T150_aug,1.0345286247637508,0.5221291256094237,-2.139997359851906
ours+4base,10,60,8,CQCC-GMM,0.4588469381682342,0.23158117124990357,-2.139997359851906
ours+4base,10,60,8,LFCC-GMM,0.2694066613319626,0.13597020048307956,-2.139997359851906
ours+4base,10,60,8,LFCC-LCNN,0.13389421204892052,0.06757673609778617,-2.139997359851906
ours+4base,10,60,8,RawNet2,-0.08468904211406279,-0.04274276655980709,-2.139997359851906
ours+4base,10,60,9,timepool_T150_aug,1.068777698636416,0.5318466649737988,-2.1277495194731393
ours+4base,10,60,9,CQCC-GMM,0.3860495573238045,0.19210652490151153,-2.1277495194731393
ours+4base,10,60,9,LFCC-GMM,0.3327152643874173,0.16556623886902497,-2.1277495194731393
ours+4base,10,60,9,LFCC-LCNN,0.15176889466275703,0.07552345129967596,-2.1277495194731393
ours+4base,10,60,9,RawNet2,-0.07024842436373879,-0.03495711995598861,-2.1277495194731393
ours+all,10,60,0,timepool_T150_aug,0.7231560668358167,0.34779177111834814,-2.139371162363779
ours+all,10,60,0,flatten_T400_aug,0.5233019518982729,0.2516747366536437,-2.139371162363779
ours+all,10,60,0,CQCC-GMM,0.3920032566076383,0.18852847006631565,-2.139371162363779
ours+all,10,60,0,LFCC-GMM,0.3083908270120418,0.14831624436543817,-2.139371162363779
ours+all,10,60,0,LFCC-LCNN,0.055192871301275315,0.026544237604157042,-2.139371162363779
ours+all,10,60,0,RawNet2,-0.07723385606096334,-0.037144540192097314,-2.139371162363779
ours+all,10,60,1,timepool_T150_aug,0.7506493641051578,0.37043091057252625,-2.2116327148658144
ours+all,10,60,1,flatten_T400_aug,0.47230638708315353,0.23307404682210994,-2.2116327148658144
ours+all,10,60,1,CQCC-GMM,0.3971400327004426,0.19598090796146853,-2.2116327148658144
ours+all,10,60,1,LFCC-GMM,0.28465775113996816,0.14047308237183045,-2.2116327148658144
ours+all,10,60,1,LFCC-LCNN,0.050346844239459114,0.024845191707194094,-2.2116327148658144
ours+all,10,60,1,RawNet2,-0.07132166781470932,-0.03519586056487072,-2.2116327148658144
ours+all,10,60,2,timepool_T150_aug,0.8322804896561004,0.41860934097105196,-2.2069095504429264
ours+all,10,60,2,flatten_T400_aug,0.3880720396226272,0.19518729896317139,-2.2069095504429264
ours+all,10,60,2,CQCC-GMM,0.35995479641650585,0.18104526296122125,-2.2069095504429264
ours+all,10,60,2,LFCC-GMM,0.2985515898876059,0.15016149704572668,-2.2069095504429264
ours+all,10,60,2,LFCC-LCNN,0.048760917354928754,0.02452511591077286,-2.2069095504429264
ours+all,10,60,2,RawNet2,-0.06058350654207171,-0.030471484148055884,-2.2069095504429264
ours+all,10,60,3,timepool_T150_aug,0.7812110001796687,0.37571120371071054,-2.2071775317044833
ours+all,10,60,3,flatten_T400_aug,0.3918486453825486,0.18845347312727226,-2.2071775317044833
ours+all,10,60,3,CQCC-GMM,0.42359780224036503,0.20372273320823242,-2.2071775317044833
ours+all,10,60,3,LFCC-GMM,0.30120067083289004,0.14485774850977803,-2.2071775317044833
ours+all,10,60,3,LFCC-LCNN,0.07491178293990496,0.0360276495517781,-2.2071775317044833
ours+all,10,60,3,RawNet2,-0.10651597668441566,-0.051227191892228685,-2.2071775317044833
ours+all,10,60,4,timepool_T150_aug,0.7423039614382604,0.35824511910316564,-2.1498348941761303
ours+all,10,60,4,flatten_T400_aug,0.4777310489349383,0.23055894271852387,-2.1498348941761303
ours+all,10,60,4,CQCC-GMM,0.3757231042118562,0.18132864057116135,-2.1498348941761303
ours+all,10,60,4,LFCC-GMM,0.33161860582328206,0.16004326140170874,-2.1498348941761303
ours+all,10,60,4,LFCC-LCNN,0.06738091255088288,0.032518865984899815,-2.1498348941761303
ours+all,10,60,4,RawNet2,-0.07729840313291597,-0.037305170220540716,-2.1498348941761303
ours+all,10,60,5,timepool_T150_aug,0.7770373052395293,0.38238100213994847,-2.1460589822546363
ours+all,10,60,5,flatten_T400_aug,0.46095886279306325,0.2268384165233458,-2.1460589822546363
ours+all,10,60,5,CQCC-GMM,0.34178243905422084,0.16819155358197638,-2.1460589822546363
ours+all,10,60,5,LFCC-GMM,0.3215663863925479,0.15824320950124843,-2.1460589822546363
ours+all,10,60,5,LFCC-LCNN,0.046687645664310426,0.022975047164782703,-2.1460589822546363
ours+all,10,60,5,RawNet2,-0.0840696381424253,-0.041370771088698126,-2.1460589822546363
ours+all,10,60,6,timepool_T150_aug,0.761899653582992,0.3836673259067626,-2.160696265715286
ours+all,10,60,6,flatten_T400_aug,0.3934730505228047,0.1981399419208647,-2.160696265715286
ours+all,10,60,6,CQCC-GMM,0.40650903476631045,0.2047044300286464,-2.160696265715286
ours+all,10,60,6,LFCC-GMM,0.3176133314964096,0.15993951039943857,-2.160696265715286
ours+all,10,60,6,LFCC-LCNN,0.045118696601986995,0.022720275028707944,-2.160696265715286
ours+all,10,60,6,RawNet2,-0.06122031932368858,-0.030828516715579766,-2.160696265715286
ours+all,10,60,7,timepool_T150_aug,0.8066647637960431,0.3878177305748901,-2.229306456987827
ours+all,10,60,7,flatten_T400_aug,0.41594257775225674,0.1999714302559217,-2.229306456987827
ours+all,10,60,7,CQCC-GMM,0.38752925345407435,0.18631124396545473,-2.229306456987827
ours+all,10,60,7,LFCC-GMM,0.3075847836412703,0.14787658777827375,-2.229306456987827
ours+all,10,60,7,LFCC-LCNN,0.08065594909878922,0.03877671188915978,-2.229306456987827
ours+all,10,60,7,RawNet2,-0.0816326877879698,-0.03924629553629982,-2.229306456987827
ours+all,10,60,8,timepool_T150_aug,0.7377332128261507,0.3598448100454953,-2.188301137458433
ours+all,10,60,8,flatten_T400_aug,0.46934993272564146,0.228935249830381,-2.188301137458433
ours+all,10,60,8,CQCC-GMM,0.43318343846939067,0.2112942855503589,-2.188301137458433
ours+all,10,60,8,LFCC-GMM,0.2572280565170671,0.1254683665130968,-2.188301137458433
ours+all,10,60,8,LFCC-LCNN,0.06441200805636148,0.031418304612988,-2.188301137458433
ours+all,10,60,8,RawNet2,-0.08823605801515999,-0.04303898344768008,-2.188301137458433
ours+all,10,60,9,timepool_T150_aug,0.76577710956004,0.36415913504727504,-2.178923036568304
ours+all,10,60,9,flatten_T400_aug,0.4769850710833804,0.2268264077728588,-2.178923036568304
ours+all,10,60,9,CQCC-GMM,0.3590607737915752,0.17074845824063323,-2.178923036568304
ours+all,10,60,9,LFCC-GMM,0.32956856873256046,0.1567236777257155,-2.178923036568304
ours+all,10,60,9,LFCC-LCNN,0.08826876366203013,0.041975499431322484,-2.178923036568304
ours+all,10,60,9,RawNet2,-0.0832036423167385,-0.039566821782194776,-2.178923036568304
ours,10,61,0,timepool_T150_aug,1.178261399269104,1.0,-1.997977375984192
ours,10,61,1,timepool_T150_aug,1.1780431270599365,1.0,-2.0259811878204346
ours,10,61,2,timepool_T150_aug,1.1496261358261108,1.0,-2.062000274658203
ours,10,61,3,timepool_T150_aug,1.1435962915420532,1.0,-2.003950834274292
ours,10,61,4,timepool_T150_aug,1.1403855085372925,1.0,-2.0304417610168457
ours,10,61,5,timepool_T150_aug,1.2182365655899048,1.0,-2.0218310356140137
ours,10,61,6,timepool_T150_aug,1.1470251083374023,1.0,-2.0338187217712402
ours,10,61,7,timepool_T150_aug,1.1518157720565796,1.0,-1.989461064338684
ours,10,61,8,timepool_T150_aug,1.1990402936935425,1.0,-1.9903241395950317
ours,10,61,9,timepool_T150_aug,1.1701821088790894,1.0,-2.0288546085357666
ours+2GMM,10,61,0,timepool_T150_aug,1.0822809553096089,0.5995707910902294,-2.109560769114388
ours+2GMM,10,61,0,CQCC-GMM,0.41782701758156504,0.23147120370290963,-2.109560769114388
ours+2GMM,10,61,0,LFCC-GMM,0.3049848891904557,0.16895800520686105,-2.109560769114388
ours+2GMM,10,61,1,timepool_T150_aug,1.0859959787658908,0.5918499439076774,-2.144322587429595
ours+2GMM,10,61,1,CQCC-GMM,0.41540156687236884,0.2263870206333168,-2.144322587429595
ours+2GMM,10,61,1,LFCC-GMM,0.33352022354428684,0.18176303545900568,-2.144322587429595
ours+2GMM,10,61,2,timepool_T150_aug,1.0433588329705918,0.5990179707266432,-2.1674284252973433
ours+2GMM,10,61,2,CQCC-GMM,0.4178630988007072,0.23990548368914,-2.1674284252973433
ours+2GMM,10,61,2,LFCC-GMM,0.2805602583438616,0.16107654558421677,-2.1674284252973433
ours+2GMM,10,61,3,timepool_T150_aug,1.0517219880349018,0.5871788480364104,-2.1175002476533153
ours+2GMM,10,61,3,CQCC-GMM,0.3985609214499362,0.22251749549001304,-2.1175002476533153
ours+2GMM,10,61,3,LFCC-GMM,0.3408612905352649,0.19030365647357667,-2.1175002476533153
ours+2GMM,10,61,4,timepool_T150_aug,1.0469780446291734,0.595388391248153,-2.138764997405628
ours+2GMM,10,61,4,CQCC-GMM,0.38132482029483794,0.21684921900988674,-2.138764997405628
ours+2GMM,10,61,4,LFCC-GMM,0.3301762388326515,0.18776238974196025,-2.138764997405628
ours+2GMM,10,61,5,timepool_T150_aug,1.12624065109121,0.6085521712231832,-2.13706257239223
ours+2GMM,10,61,5,CQCC-GMM,0.405031057617282,0.21885422914454672,-2.13706257239223
ours+2GMM,10,61,5,LFCC-GMM,0.31941703146554873,0.1725935996322701,-2.13706257239223
ours+2GMM,10,61,6,timepool_T150_aug,1.044578607033856,0.587770719083142,-2.1483928686167837
ours+2GMM,10,61,6,CQCC-GMM,0.40364801320852745,0.2271274573138641,-2.1483928686167837
ours+2GMM,10,61,6,LFCC-GMM,0.3289605942947483,0.18510182360299393,-2.1483928686167837
ours+2GMM,10,61,7,timepool_T150_aug,1.0599661953232713,0.5997648408990598,-2.0965207551184712
ours+2GMM,10,61,7,CQCC-GMM,0.39239808273323395,0.22203215036288731,-2.0965207551184712
ours+2GMM,10,61,7,LFCC-GMM,0.31493870978513,0.17820300873805295,-2.0965207551184712
ours+2GMM,10,61,8,timepool_T150_aug,1.1181833968342574,0.6097351756617152,-2.1018006270437337
ours+2GMM,10,61,8,CQCC-GMM,0.3943986043063433,0.21506195044417073,-2.1018006270437337
ours+2GMM,10,61,8,LFCC-GMM,0.3213016937286492,0.1752028738941141,-2.1018006270437337
ours+2GMM,10,61,9,timepool_T150_aug,1.0860695337135067,0.5988972850517329,-2.143764734420667
ours+2GMM,10,61,9,CQCC-GMM,0.4006228006027967,0.2209176301911882,-2.143764734420667
ours+2GMM,10,61,9,LFCC-GMM,0.3267564169494361,0.18018508475707884,-2.143764734420667
ours+4base,10,61,0,timepool_T150_aug,1.058065462890088,0.5347981670445652,-2.1155703209574335
ours+4base,10,61,0,CQCC-GMM,0.42374283184729294,0.21418040538928984,-2.1155703209574335
ours+4base,10,61,0,LFCC-GMM,0.2938065443770152,0.14850423429315526,-2.1155703209574335
ours+4base,10,61,0,LFCC-LCNN,0.13792440881985632,0.06971375932268455,-2.1155703209574335
ours+4base,10,61,0,RawNet2,-0.06489958766841056,-0.03280343395030513,-2.1155703209574335
ours+4base,10,61,1,timepool_T150_aug,1.0585382558960952,0.5166950501080524,-2.1541948478051594
ours+4base,10,61,1,CQCC-GMM,0.42386827849106046,0.20689912733361826,-2.1541948478051594
ours+4base,10,61,1,LFCC-GMM,0.3239077165214363,0.1581062497139039,-2.1541948478051594
ours+4base,10,61,1,LFCC-LCNN,0.16224355167649165,0.07919453037833517,-2.1541948478051594
ours+4base,10,61,1,RawNet2,-0.08011337333334512,-0.03910504246609021,-2.1541948478051594
ours+4base,10,61,2,timepool_T150_aug,1.0208834585420243,0.5327361688439827,-2.172014989775286
ours+4base,10,61,2,CQCC-GMM,0.4313591219369365,0.22509974482765924,-2.172014989775286
ours+4base,10,61,2,LFCC-GMM,0.27484198529186277,0.14342309600252373,-2.172014989775286
ours+4base,10,61,2,LFCC-LCNN,0.10937200184780085,0.05707450811908312,-2.172014989775286
ours+4base,10,61,2,RawNet2,-0.07984556887288283,-0.041666482206751274,-2.172014989775286
ours+4base,10,61,3,timepool_T150_aug,1.0283582181870767,0.5305426994953392,-2.122389432757922
ours+4base,10,61,3,CQCC-GMM,0.40588272838728684,0.20939991005930855,-2.122389432757922
ours+4base,10,61,3,LFCC-GMM,0.3312302964851292,0.17088579888209074,-2.122389432757922
ours+4base,10,61,3,LFCC-LCNN,0.12120705228435588,0.06253221453335686,-2.122389432757922
ours+4base,10,61,3,RawNet2,-0.05163547123001597,-0.02663937702990475,-2.122389432757922
ours+4base,10,61,4,timepool_T150_aug,1.0245949545597512,0.527872830926536,-2.144422377793098
ours+4base,10,61,4,CQCC-GMM,0.39335908262796887,0.2026591792136158,-2.144422377793098
ours+4base,10,61,4,LFCC-GMM,0.32439273499285615,0.16712761524992897,-2.144422377793098
ours+4base,10,61,4,LFCC-LCNN,0.12023779313886919,0.061946688265555695,-2.144422377793098
ours+4base,10,61,4,RawNet2,-0.0784036699745659,-0.040393686344363494,-2.144422377793098
ours+4base,10,61,5,timepool_T150_aug,1.106947961256886,0.5385205819364328,-2.1441278485442377
ours+4base,10,61,5,CQCC-GMM,0.41743996028676894,0.20308091997559005,-2.1441278485442377
ours+4base,10,61,5,LFCC-GMM,0.3146000623954493,0.15305020164278435,-2.1441278485442377
ours+4base,10,61,5,LFCC-LCNN,0.12428883802014602,0.06046544166612305,-2.1441278485442377
ours+4base,10,61,5,RawNet2,-0.09225828363779168,-0.04488285477906967,-2.1441278485442377
ours+4base,10,61,6,timepool_T150_aug,1.0229385854986552,0.5368591904400084,-2.152785621495979
ours+4base,10,61,6,CQCC-GMM,0.40849558253370066,0.2143868760512705,-2.152785621495979
ours+4base,10,61,6,LFCC-GMM,0.3201026551081023,0.16799645131702673,-2.152785621495979
ours+4base,10,61,6,LFCC-LCNN,0.1121569254049456,0.05886225920961573,-2.152785621495979
ours+4base,10,61,6,RawNet2,-0.04171944678474862,-0.021895222982078622,-2.152785621495979
ours+4base,10,61,7,timepool_T150_aug,1.0373697289521229,0.5412226903921019,-2.1016380442991536
ours+4base,10,61,7,CQCC-GMM,0.3987266359483772,0.20802602641679027,-2.1016380442991536
ours+4base,10,61,7,LFCC-GMM,0.30630291729889697,0.1598061755117105,-2.1016380442991536
ours+4base,10,61,7,LFCC-LCNN,0.11822362313670073,0.06168033016211156,-2.1016380442991536
ours+4base,10,61,7,RawNet2,-0.056092242361378365,-0.029264777517285873,-2.1016380442991536
ours+4base,10,61,8,timepool_T150_aug,1.10332946444064,0.5413899266724441,-2.1071127729626866
ours+4base,10,61,8,CQCC-GMM,0.4057143904937402,0.19907896163247862,-2.1071127729626866
ours+4base,10,61,8,LFCC-GMM,0.31919467083354264,0.15662482060552624,-2.1071127729626866
ours+4base,10,61,8,LFCC-LCNN,0.10789840160961672,0.05294439205892077,-2.1071127729626866
ours+4base,10,61,8,RawNet2,-0.10182020865943171,-0.049961899030630336,-2.1071127729626866
ours+4base,10,61,9,timepool_T150_aug,1.059280433615619,0.5237295557861767,-2.1520489384004886
ours+4base,10,61,9,CQCC-GMM,0.4121689514902012,0.20378462116590768,-2.1520489384004886
ours+4base,10,61,9,LFCC-GMM,0.31642317873706316,0.15644598501150733,-2.1520489384004886
ours+4base,10,61,9,LFCC-LCNN,0.1528805647582944,0.07558722669492417,-2.1520489384004886
ours+4base,10,61,9,RawNet2,-0.08181829573923466,-0.040452611341484125,-2.1520489384004886
ours+all,10,61,0,timepool_T150_aug,0.7892628545642172,0.38671075276628974,-2.156174863744641
ours+all,10,61,0,flatten_T400_aug,0.4199938271082324,0.2057820510606644,-2.156174863744641
ours+all,10,61,0,CQCC-GMM,0.39689179240871525,0.19446287497449738,-2.156174863744641
ours+all,10,61,0,LFCC-GMM,0.2893867401996405,0.14178921951797036,-2.156174863744641
ours+all,10,61,0,LFCC-LCNN,0.0768762124088772,0.0376666123314172,-2.156174863744641
ours+all,10,61,0,RawNet2,-0.06855290884616307,-0.03358848934916093,-2.156174863744641
ours+all,10,61,1,timepool_T150_aug,0.7641827630195859,0.3591621638848665,-2.202673004638443
ours+all,10,61,1,flatten_T400_aug,0.4639221138994731,0.21804112624024957,-2.202673004638443
ours+all,10,61,1,CQCC-GMM,0.3980821951468208,0.1870966862011063,-2.202673004638443
ours+all,10,61,1,LFCC-GMM,0.3148409188526093,0.14797369316180795,-2.202673004638443
ours+all,10,61,1,LFCC-LCNN,0.09528919240094606,0.044785454728567334,-2.202673004638443
ours+all,10,61,1,RawNet2,-0.09136451553722223,-0.04294087578340236,-2.202673004638443
ours+all,10,61,2,timepool_T150_aug,0.7799313089229631,0.39426099534841136,-2.2080241688299016
ours+all,10,61,2,flatten_T400_aug,0.383203877875789,0.19371237003078517,-2.2080241688299016
ours+all,10,61,2,CQCC-GMM,0.406933222231602,0.2057077275932447,-2.2080241688299016
ours+all,10,61,2,LFCC-GMM,0.27039772023739245,0.13668803021634518,-2.2080241688299016
ours+all,10,61,2,LFCC-LCNN,0.05375698274889519,0.027174548941719993,-2.2080241688299016
ours+all,10,61,2,RawNet2,-0.08398756092535699,-0.042456327869493556,-2.2080241688299016
ours+all,10,61,3,timepool_T150_aug,0.7459841441249607,0.37142012102900557,-2.165375939016398
ours+all,10,61,3,flatten_T400_aug,0.44265308787486435,0.22039377749134115,-2.165375939016398
ours+all,10,61,3,CQCC-GMM,0.3827217232037547,0.19055438359150478,-2.165375939016398
ours+all,10,61,3,LFCC-GMM,0.3202903541995771,0.15947025557865271,-2.165375939016398
ours+all,10,61,3,LFCC-LCNN,0.058919290820762915,0.02933548963464987,-2.165375939016398
ours+all,10,61,3,RawNet2,-0.05789594407227875,-0.02882597267484575,-2.165375939016398
ours+all,10,61,4,timepool_T150_aug,0.7371413947998126,0.36448282012031125,-2.1927172678034936
ours+all,10,61,4,flatten_T400_aug,0.45803006786659206,0.22647499111245878,-2.1927172678034936
ours+all,10,61,4,CQCC-GMM,0.3730023106999301,0.1844326408398543,-2.1927172678034936
ours+all,10,61,4,LFCC-GMM,0.3169333783298675,0.15670910945829983,-2.1927172678034936
ours+all,10,61,4,LFCC-LCNN,0.05383749679006349,0.026620188198207988,-2.1927172678034936
ours+all,10,61,4,RawNet2,-0.08348646241353325,-0.04128025027086798,-2.1927172678034936
ours+all,10,61,5,timepool_T150_aug,0.8246070582516308,0.38631702804138884,-2.1887500839015286
ours+all,10,61,5,flatten_T400_aug,0.445034761168146,0.20849264457438618,-2.1887500839015286
ours+all,10,61,5,CQCC-GMM,0.3859303883770753,0.18080306150277342,-2.1887500839015286
ours+all,10,61,5,LFCC-GMM,0.31247920753112485,0.14639219682899648,-2.1887500839015286
ours+all,10,61,5,LFCC-LCNN,0.06365186599617023,0.02982002088736134,-2.1887500839015286
ours+all,10,61,5,RawNet2,-0.10283130658245919,-0.048175048165093694,-2.1887500839015286
ours+all,10,61,6,timepool_T150_aug,0.7773350850575869,0.3937806697810515,-2.1886683185442766
ours+all,10,61,6,flatten_T400_aug,0.38524090981013814,0.19515447894759505,-2.1886683185442766
ours+all,10,61,6,CQCC-GMM,0.39301862409715593,0.19909449606528457,-2.1886683185442766
ours+all,10,61,6,LFCC-GMM,0.3118797678874335,0.15799135565941194,-2.1886683185442766
ours+all,10,61,6,LFCC-LCNN,0.0552418460377433,0.027984290881547892,-2.1886683185442766
ours+all,10,61,6,RawNet2,-0.05131434989552676,-0.02599470866510908,-2.1886683185442766
ours+all,10,61,7,timepool_T150_aug,0.7206061329401119,0.36099135942348354,-2.151757711777292
ours+all,10,61,7,flatten_T400_aug,0.4924214125663318,0.24668104669923122,-2.151757711777292
ours+all,10,61,7,CQCC-GMM,0.3764000193521754,0.18855953129149924,-2.151757711777292
ours+all,10,61,7,LFCC-GMM,0.29944206883365065,0.1500070490044296,-2.151757711777292
ours+all,10,61,7,LFCC-LCNN,0.04597967364075094,0.0230337546888492,-2.151757711777292
ours+all,10,61,7,RawNet2,-0.06133734403433135,-0.030727258892507055,-2.151757711777292
ours+all,10,61,8,timepool_T150_aug,0.7850634880179854,0.3700044313133341,-2.162511561688018
ours+all,10,61,8,flatten_T400_aug,0.5071435068697433,0.2390193248285296,-2.162511561688018
ours+all,10,61,8,CQCC-GMM,0.37484739885964485,0.17666749347177382,-2.162511561688018
ours+all,10,61,8,LFCC-GMM,0.3159897220000147,0.14892756977483515,-2.162511561688018
ours+all,10,61,8,LFCC-LCNN,0.031535856354977305,0.014863010157383671,-2.162511561688018
ours+all,10,61,8,RawNet2,-0.10718782735721209,-0.050518170454143585,-2.162511561688018
ours+all,10,61,9,timepool_T150_aug,0.7613344591425407,0.3625397978772066,-2.2027382675305534
ours+all,10,61,9,flatten_T400_aug,0.4705673637422858,0.22407943695452487,-2.2027382675305534
ours+all,10,61,9,CQCC-GMM,0.3842321251615688,0.1829674662971276,-2.2027382675305534
ours+all,10,61,9,LFCC-GMM,0.309597860725053,0.14742738162264354,-2.2027382675305534
ours+all,10,61,9,LFCC-LCNN,0.08520846364286604,0.04057541178591039,-2.2027382675305534
ours+all,10,61,9,RawNet2,-0.0890621648364704,-0.04241050546258699,-2.2027382675305534
